date,year,month,day,day_id,births,log_relative_births,day_of_year,day_of_week
1995-01-01,1995,1,1,1,368,-0.30730456076736185,1,6
1995-01-02,1995,1,2,2,439,-0.13088808586112144,2,0
1995-01-03,1995,1,3,3,529,0.05560093292200662,3,1
1995-01-04,1995,1,4,4,569,0.1284929351900382,4,2
1995-01-05,1995,1,5,5,565,0.12143823221014823,5,3
1995-01-06,1995,1,6,6,573,0.13549821777844687,6,4
1995-01-07,1995,1,7,7,460,-0.08416100945315207,7,5
1995-01-08,1995,1,8,8,411,-0.1967942844400581,8,6
1995-01-09,1995,1,9,9,535,0.0668792479597138,9,0
1995-01-10,1995,1,10,10,609,0.1964307687736042,10,1
1995-01-11,1995,1,11,11,564,0.11966675256176608,11,2
1995-01-12,1995,1,12,12,618,0.211100958521398,12,3
1995-01-13,1995,1,13,13,544,0.08356174791964978,13,4
1995-01-14,1995,1,14,14,419,-0.1775165790141551,14,5
1995-01-15,1995,1,15,15,416,-0.18470223867502955,15,6
1995-01-16,1995,1,16,16,557,0.1071777409909913,16,0
1995-01-17,1995,1,17,17,534,0.06500834002390198,17,1
1995-01-18,1995,1,18,18,587,0.15963732089180377,18,2
1995-01-19,1995,1,19,19,621,0.21594358299718594,19,3
1995-01-20,1995,1,20,20,588,0.16133944896233413,20,4
1995-01-21,1995,1,21,21,435,-0.1400414678476087,21,5
1995-01-22,1995,1,22,22,460,-0.08416100945315207,22,6
1995-01-23,1995,1,23,23,551,0.09634731021662175,23,0
1995-01-24,1995,1,24,24,575,0.13898254186105774,24,1
1995-01-25,1995,1,25,25,647,0.25695879556460777,25,2
1995-01-26,1995,1,26,26,597,0.1765296144563094,26,3
1995-01-27,1995,1,27,27,547,0.08906130348568847,27,4
1995-01-28,1995,1,28,28,452,-0.10170531910406158,28,5
1995-01-29,1995,1,29,29,478,-0.04577676644483675,29,6
1995-01-30,1995,1,30,30,605,0.18984095909454862,30,0
1995-01-31,1995,1,31,31,583,0.1527996874141997,31,1
1995-02-01,1995,2,1,32,597,0.1765296144563094,32,2
1995-02-02,1995,2,2,33,572,0.1337514924435051,33,3
1995-02-03,1995,2,3,34,546,0.08723147680861221,34,4
1995-02-04,1995,2,4,35,464,-0.07550294671003747,35,5
1995-02-05,1995,2,5,36,426,-0.1609481526669224,36,6
1995-02-06,1995,2,6,37,549,0.09271094257323789,37,0
1995-02-07,1995,2,7,38,558,0.10897146344501811,38,1
1995-02-08,1995,2,8,39,586,0.15793229064071984,39,2
1995-02-09,1995,2,9,40,582,0.15108294879514503,40,3
1995-02-10,1995,2,10,41,572,0.1337514924435051,41,4
1995-02-11,1995,2,11,42,427,-0.15860348570766825,42,5
1995-02-12,1995,2,12,43,431,-0.149279408832545,43,6
1995-02-13,1995,2,13,44,498,-0.0047874219116398825,44,0
1995-02-14,1995,2,14,45,608,0.19478738302987425,45,1
1995-02-15,1995,2,15,46,620,0.2143319791028445,46,2
1995-02-16,1995,2,16,47,553,0.09997050258604206,47,3
1995-02-17,1995,2,17,48,556,0.10538079531428955,48,4
1995-02-18,1995,2,18,49,445,-0.11731321677005256,49,5
1995-02-19,1995,2,19,50,477,-0.04787100804795151,50,6
1995-02-20,1995,2,20,51,590,0.16473503796347236,51,0
1995-02-21,1995,2,21,52,588,0.16133944896233413,52,1
1995-02-22,1995,2,22,53,540,0.07618164062202722,53,2
1995-02-23,1995,2,23,54,537,0.07061059557257193,54,3
1995-02-24,1995,2,24,55,552,0.09816054734080248,55,4
1995-02-25,1995,2,25,56,436,-0.13774525558725847,56,5
1995-02-26,1995,2,26,57,476,-0.04996964470487272,57,6
1995-02-27,1995,2,27,58,499,-0.00278140318477414,58,0
1995-02-28,1995,2,28,59,539,0.07432807197270441,59,1
1995-03-01,1995,3,1,60,584,0.15451348389193428,60,2
1995-03-02,1995,3,2,61,594,0.17149182042635217,61,3
1995-03-03,1995,3,3,62,553,0.09997050258604206,62,4
1995-03-04,1995,3,4,63,435,-0.1400414678476087,63,5
1995-03-05,1995,3,5,64,412,-0.19436414958676645,64,6
1995-03-06,1995,3,6,65,521,0.040362542817074146,65,0
1995-03-07,1995,3,7,66,627,0.22555904169662788,66,1
1995-03-08,1995,3,8,67,535,0.0668792479597138,67,2
1995-03-09,1995,3,9,68,569,0.1284929351900382,68,3
1995-03-10,1995,3,10,69,551,0.09634731021662175,69,4
1995-03-11,1995,3,11,70,452,-0.10170531910406158,70,5
1995-03-12,1995,3,12,71,393,-0.2415778870670315,71,6
1995-03-13,1995,3,13,72,540,0.07618164062202722,72,0
1995-03-14,1995,3,14,73,574,0.1372418973832736,73,1
1995-03-15,1995,3,15,74,554,0.10177718781099099,74,2
1995-03-16,1995,3,16,75,554,0.10177718781099099,75,3
1995-03-17,1995,3,17,76,530,0.05748950760987465,76,4
1995-03-18,1995,3,18,77,432,-0.14696191069218248,77,5
1995-03-19,1995,3,19,78,403,-0.21645093698960974,78,6
1995-03-20,1995,3,20,79,540,0.07618164062202722,79,0
1995-03-21,1995,3,21,80,550,0.09453077929022377,80,1
1995-03-22,1995,3,22,81,518,0.03458774332319039,81,2
1995-03-23,1995,3,23,82,594,0.17149182042635217,82,3
1995-03-24,1995,3,24,83,565,0.12143823221014823,83,4
1995-03-25,1995,3,25,84,459,-0.0863372888757476,84,5
1995-03-26,1995,3,26,85,403,-0.21645093698960974,85,6
1995-03-27,1995,3,27,86,545,0.08539829572695133,86,0
1995-03-28,1995,3,28,87,569,0.1284929351900382,87,1
1995-03-29,1995,3,29,88,539,0.07432807197270441,88,2
1995-03-30,1995,3,30,89,577,0.14245476757180686,89,3
1995-03-31,1995,3,31,90,533,0.06313392522955179,90,4
1995-04-01,1995,4,1,91,434,-0.14234296483588793,91,5
1995-04-02,1995,4,2,92,401,-0.22142607162972353,92,6
1995-04-03,1995,4,3,93,526,0.04991371380141699,93,0
1995-04-04,1995,4,4,94,590,0.16473503796347236,94,1
1995-04-05,1995,4,5,95,540,0.07618164062202722,95,2
1995-04-06,1995,4,6,96,531,0.05937452230564608,96,3
1995-04-07,1995,4,7,97,531,0.05937452230564608,97,4
1995-04-08,1995,4,8,98,414,-0.18952152511097844,98,5
1995-04-09,1995,4,9,99,389,-0.25180815531784645,99,6
1995-04-10,1995,4,10,100,545,0.08539829572695133,100,0
1995-04-11,1995,4,11,101,587,0.15963732089180377,101,1
1995-04-12,1995,4,12,102,554,0.10177718781099099,102,2
1995-04-13,1995,4,13,103,565,0.12143823221014823,103,3
1995-04-14,1995,4,14,104,508,0.01509394864218921,104,4
1995-04-15,1995,4,15,105,414,-0.18952152511097844,105,5
1995-04-16,1995,4,16,106,444,-0.11956293650406802,106,6
1995-04-17,1995,4,17,107,393,-0.2415778870670315,107,0
1995-04-18,1995,4,18,108,519,0.03651638422959586,108,1
1995-04-19,1995,4,19,109,562,0.11611435095739826,109,2
1995-04-20,1995,4,20,110,560,0.1125492847929021,110,3
1995-04-21,1995,4,21,111,552,0.09816054734080248,111,4
1995-04-22,1995,4,22,112,416,-0.18470223867502955,112,5
1995-04-23,1995,4,23,113,406,-0.20903433933456006,113,6
1995-04-24,1995,4,24,114,541,0.07803177991018878,114,0
1995-04-25,1995,4,25,115,581,0.14936325791561852,115,1
1995-04-26,1995,4,26,116,542,0.07987850250335336,116,2
1995-04-27,1995,4,27,117,534,0.06500834002390198,117,3
1995-04-28,1995,4,28,118,544,0.08356174791964978,118,4
1995-04-29,1995,4,29,119,393,-0.2415778870670315,119,5
1995-04-30,1995,4,30,120,390,-0.24924075981260063,120,6
1995-05-01,1995,5,1,121,553,0.09997050258604206,121,0
1995-05-02,1995,5,2,122,539,0.07432807197270441,122,1
1995-05-03,1995,5,3,123,629,0.2287437577641477,123,2
1995-05-04,1995,5,4,124,558,0.10897146344501811,124,3
1995-05-05,1995,5,5,125,479,-0.043686901525377485,125,4
1995-05-06,1995,5,6,126,488,-0.025072093083145647,126,5
1995-05-07,1995,5,7,127,456,-0.09289468942190668,127,6
1995-05-08,1995,5,8,128,563,0.11789212920339767,128,0
1995-05-09,1995,5,9,129,594,0.17149182042635217,129,1
1995-05-10,1995,5,10,130,562,0.11611435095739826,130,2
1995-05-11,1995,5,11,131,529,0.05560093292200662,131,3
1995-05-12,1995,5,12,132,585,0.1562243482955638,132,4
1995-05-13,1995,5,13,133,429,-0.15393058000827584,133,5
1995-05-14,1995,5,14,134,405,-0.21150043182975356,134,6
1995-05-15,1995,5,15,135,524,0.04610418538474929,135,0
1995-05-16,1995,5,16,136,585,0.1562243482955638,136,1
1995-05-17,1995,5,17,137,601,0.18320743559891473,137,2
1995-05-18,1995,5,18,138,523,0.04419396512863013,138,3
1995-05-19,1995,5,19,139,521,0.040362542817074146,139,4
1995-05-20,1995,5,20,140,423,-0.16801531989001484,140,5
1995-05-21,1995,5,21,141,398,-0.22893549365185503,141,6
1995-05-22,1995,5,22,142,543,0.08172182099764269,142,0
1995-05-23,1995,5,23,143,599,0.17987409917915648,143,1
1995-05-24,1995,5,24,144,593,0.16980690006143276,144,2
1995-05-25,1995,5,25,145,508,0.01509394864218921,145,3
1995-05-26,1995,5,26,146,493,-0.014878324893602708,146,4
1995-05-27,1995,5,27,147,436,-0.13774525558725847,147,5
1995-05-28,1995,5,28,148,429,-0.15393058000827584,148,6
1995-05-29,1995,5,29,149,475,-0.05207269490165152,149,0
1995-05-30,1995,5,30,150,552,0.09816054734080248,150,1
1995-05-31,1995,5,31,151,595,0.17317390660933707,151,2
1995-06-01,1995,6,1,152,563,0.11789212920339767,152,3
1995-06-02,1995,6,2,153,560,0.1125492847929021,153,4
1995-06-03,1995,6,3,154,414,-0.18952152511097844,154,5
1995-06-04,1995,6,4,155,383,-0.2673525097556468,155,6
1995-06-05,1995,6,5,156,452,-0.10170531910406158,156,0
1995-06-06,1995,6,6,157,567,0.12497180479145936,157,1
1995-06-07,1995,6,7,158,631,0.23191836360492035,158,2
1995-06-08,1995,6,8,159,587,0.15963732089180377,159,3
1995-06-09,1995,6,9,160,565,0.12143823221014823,160,4
1995-06-10,1995,6,10,161,450,-0.10613991617192732,161,5
1995-06-11,1995,6,11,162,436,-0.13774525558725847,162,6
1995-06-12,1995,6,12,163,538,0.07247106122549156,163,0
1995-06-13,1995,6,13,164,547,0.08906130348568847,164,1
1995-06-14,1995,6,14,165,596,0.174853168129057,165,2
1995-06-15,1995,6,15,166,580,0.14764060460417222,166,3
1995-06-16,1995,6,16,167,583,0.1527996874141997,167,4
1995-06-17,1995,6,17,168,466,-0.07120186481064687,168,5
1995-06-18,1995,6,18,169,415,-0.18710897870559454,169,6
1995-06-19,1995,6,19,170,572,0.1337514924435051,170,0
1995-06-20,1995,6,20,171,607,0.1931412921232054,171,1
1995-06-21,1995,6,21,172,621,0.21594358299718594,172,2
1995-06-22,1995,6,22,173,563,0.11789212920339767,173,3
1995-06-23,1995,6,23,174,589,0.163038684715294,174,4
1995-06-24,1995,6,24,175,464,-0.07550294671003747,175,5
1995-06-25,1995,6,25,176,436,-0.13774525558725847,176,6
1995-06-26,1995,6,26,177,560,0.1125492847929021,177,0
1995-06-27,1995,6,27,178,620,0.2143319791028445,178,1
1995-06-28,1995,6,28,179,591,0.16642851846980553,179,2
1995-06-29,1995,6,29,180,587,0.15963732089180377,180,3
1995-06-30,1995,6,30,181,581,0.14936325791561852,181,4
1995-07-01,1995,7,1,182,463,-0.07766044485005867,182,5
1995-07-02,1995,7,2,183,442,-0.12407761685859466,183,6
1995-07-03,1995,7,3,184,549,0.09271094257323789,184,0
1995-07-04,1995,7,4,185,558,0.10897146344501811,185,1
1995-07-05,1995,7,5,186,583,0.1527996874141997,186,2
1995-07-06,1995,7,6,187,568,0.12673391978485854,187,3
1995-07-07,1995,7,7,188,624,0.22076286943313492,188,4
1995-07-08,1995,7,8,189,471,-0.060529404919874984,189,5
1995-07-09,1995,7,9,190,501,0.0012186021485719963,190,6
1995-07-10,1995,7,10,191,550,0.09453077929022377,191,0
1995-07-11,1995,7,11,192,635,0.23823749995639884,192,1
1995-07-12,1995,7,12,193,635,0.23823749995639884,193,2
1995-07-13,1995,7,13,194,586,0.15793229064071984,194,3
1995-07-14,1995,7,14,195,563,0.11789212920339767,195,4
1995-07-15,1995,7,15,196,481,-0.03952022883053154,196,5
1995-07-16,1995,7,16,197,414,-0.18952152511097844,197,6
1995-07-17,1995,7,17,198,517,0.03265537557213635,198,0
1995-07-18,1995,7,18,199,586,0.15793229064071984,199,1
1995-07-19,1995,7,19,200,573,0.13549821777844687,200,2
1995-07-20,1995,7,20,201,568,0.12673391978485854,201,3
1995-07-21,1995,7,21,202,595,0.17317390660933707,202,4
1995-07-22,1995,7,22,203,488,-0.025072093083145647,203,5
1995-07-23,1995,7,23,204,408,-0.204120324532131,204,6
1995-07-24,1995,7,24,205,551,0.09634731021662175,205,0
1995-07-25,1995,7,25,206,601,0.18320743559891473,206,1
1995-07-26,1995,7,26,207,569,0.1284929351900382,207,2
1995-07-27,1995,7,27,208,591,0.16642851846980553,208,3
1995-07-28,1995,7,28,209,558,0.10897146344501811,209,4
1995-07-29,1995,7,29,210,469,-0.06478473049001338,210,5
1995-07-30,1995,7,30,211,451,-0.10392015943361442,211,6
1995-07-31,1995,7,31,212,550,0.09453077929022377,212,0
1995-08-01,1995,8,1,213,603,0.1865296977908926,213,1
1995-08-02,1995,8,2,214,575,0.13898254186105774,214,2
1995-08-03,1995,8,3,215,571,0.1320017107197175,215,3
1995-08-04,1995,8,4,216,544,0.08356174791964978,216,4
1995-08-05,1995,8,5,217,489,-0.023025009461420796,217,5
1995-08-06,1995,8,6,218,430,-0.15160229024868468,218,6
1995-08-07,1995,8,7,219,526,0.04991371380141699,219,0
1995-08-08,1995,8,8,220,606,0.1914924871330217,220,1
1995-08-09,1995,8,9,221,561,0.11433340658640359,221,2
1995-08-10,1995,8,10,222,556,0.10538079531428955,222,3
1995-08-11,1995,8,11,223,561,0.11433340658640359,223,4
1995-08-12,1995,8,12,224,493,-0.014878324893602708,224,5
1995-08-13,1995,8,13,225,489,-0.023025009461420796,225,6
1995-08-14,1995,8,14,226,523,0.04419396512863013,226,0
1995-08-15,1995,8,15,227,567,0.12497180479145936,227,1
1995-08-16,1995,8,16,228,545,0.08539829572695133,228,2
1995-08-17,1995,8,17,229,561,0.11433340658640359,229,3
1995-08-18,1995,8,18,230,576,0.14072016175959845,230,4
1995-08-19,1995,8,19,231,427,-0.15860348570766825,231,5
1995-08-20,1995,8,20,232,451,-0.10392015943361442,232,6
1995-08-21,1995,8,21,233,539,0.07432807197270441,233,0
1995-08-22,1995,8,22,234,566,0.12320657926689012,234,1
1995-08-23,1995,8,23,235,611,0.19970946023530248,235,2
1995-08-24,1995,8,24,236,547,0.08906130348568847,236,3
1995-08-25,1995,8,25,237,554,0.10177718781099099,237,4
1995-08-26,1995,8,26,238,431,-0.149279408832545,238,5
1995-08-27,1995,8,27,239,404,-0.21397262097514264,239,6
1995-08-28,1995,8,28,240,519,0.03651638422959586,240,0
1995-08-29,1995,8,29,241,530,0.05748950760987465,241,1
1995-08-30,1995,8,30,242,552,0.09816054734080248,242,2
1995-08-31,1995,8,31,243,584,0.15451348389193428,243,3
1995-09-01,1995,9,1,244,583,0.1527996874141997,244,4
1995-09-02,1995,9,2,245,409,-0.20167234289349095,245,5
1995-09-03,1995,9,3,246,475,-0.05207269490165152,246,6
1995-09-04,1995,9,4,247,514,0.02683576651887243,247,0
1995-09-05,1995,9,5,248,594,0.17149182042635217,248,1
1995-09-06,1995,9,6,249,579,0.14591497863670255,249,2
1995-09-07,1995,9,7,250,583,0.1527996874141997,250,3
1995-09-08,1995,9,8,251,540,0.07618164062202722,251,4
1995-09-09,1995,9,9,252,443,-0.12181772889115713,252,5
1995-09-10,1995,9,10,253,452,-0.10170531910406158,253,6
1995-09-11,1995,9,11,254,604,0.1881866989985222,254,0
1995-09-12,1995,9,12,255,595,0.17317390660933707,255,1
1995-09-13,1995,9,13,256,601,0.18320743559891473,256,2
1995-09-14,1995,9,14,257,498,-0.0047874219116398825,257,3
1995-09-15,1995,9,15,258,589,0.163038684715294,258,4
1995-09-16,1995,9,16,259,436,-0.13774525558725847,259,5
1995-09-17,1995,9,17,260,464,-0.07550294671003747,260,6
1995-09-18,1995,9,18,261,539,0.07432807197270441,261,0
1995-09-19,1995,9,19,262,589,0.163038684715294,262,1
1995-09-20,1995,9,20,263,582,0.15108294879514503,263,2
1995-09-21,1995,9,21,264,557,0.1071777409909913,264,3
1995-09-22,1995,9,22,265,567,0.12497180479145936,265,4
1995-09-23,1995,9,23,266,433,-0.14464977093380296,266,5
1995-09-24,1995,9,24,267,502,0.0032126207554365057,267,6
1995-09-25,1995,9,25,268,583,0.1527996874141997,268,0
1995-09-26,1995,9,26,269,624,0.22076286943313492,269,1
1995-09-27,1995,9,27,270,545,0.08539829572695133,270,2
1995-09-28,1995,9,28,271,655,0.26924773669895913,271,3
1995-09-29,1995,9,29,272,622,0.2175525938028867,272,4
1995-09-30,1995,9,30,273,465,-0.07335009334893643,273,5
1995-10-01,1995,10,1,274,443,-0.12181772889115713,274,6
1995-10-02,1995,10,2,275,570,0.13024886189230303,275,0
1995-10-03,1995,10,3,276,659,0.27533603556621444,276,1
1995-10-04,1995,10,4,277,640,0.24608067741742481,277,2
1995-10-05,1995,10,5,278,597,0.1765296144563094,278,3
1995-10-06,1995,10,6,279,598,0.17820325501433898,279,4
1995-10-07,1995,10,7,280,423,-0.16801531989001484,280,5
1995-10-08,1995,10,8,281,455,-0.09509007998534234,281,6
1995-10-09,1995,10,9,282,566,0.12320657926689012,282,0
1995-10-10,1995,10,10,283,622,0.2175525938028867,283,1
1995-10-11,1995,10,11,284,624,0.22076286943313492,284,2
1995-10-12,1995,10,12,285,582,0.15108294879514503,285,3
1995-10-13,1995,10,13,286,537,0.07061059557257193,286,4
1995-10-14,1995,10,14,287,437,-0.13545430384070264,287,5
1995-10-15,1995,10,15,288,441,-0.12634262348944678,288,6
1995-10-16,1995,10,16,289,542,0.07987850250335336,289,0
1995-10-17,1995,10,17,290,547,0.08906130348568847,290,1
1995-10-18,1995,10,18,291,590,0.16473503796347236,291,2
1995-10-19,1995,10,19,292,568,0.12673391978485854,292,3
1995-10-20,1995,10,20,293,536,0.06874666213450913,293,4
1995-10-21,1995,10,21,294,453,-0.09949537345325875,294,5
1995-10-22,1995,10,22,295,420,-0.17513278765887882,295,6
1995-10-23,1995,10,23,296,532,0.06125599040535152,296,0
1995-10-24,1995,10,24,297,591,0.16642851846980553,297,1
1995-10-25,1995,10,25,298,556,0.10538079531428955,298,2
1995-10-26,1995,10,26,299,537,0.07061059557257193,299,3
1995-10-27,1995,10,27,300,549,0.09271094257323789,300,4
1995-10-28,1995,10,28,301,411,-0.1967942844400581,301,5
1995-10-29,1995,10,29,302,402,-0.21893541031727165,302,6
1995-10-30,1995,10,30,303,545,0.08539829572695133,303,0
1995-10-31,1995,10,31,304,535,0.0668792479597138,304,1
1995-11-01,1995,11,1,305,590,0.16473503796347236,305,2
1995-11-02,1995,11,2,306,520,0.038441312639180374,306,3
1995-11-03,1995,11,3,307,552,0.09816054734080248,307,4
1995-11-04,1995,11,4,308,462,-0.0798226078545539,308,5
1995-11-05,1995,11,5,309,428,-0.156264303354496,309,6
1995-11-06,1995,11,6,310,495,-0.01082973636760251,310,0
1995-11-07,1995,11,7,311,560,0.1125492847929021,311,1
1995-11-08,1995,11,8,312,553,0.09997050258604206,312,2
1995-11-09,1995,11,9,313,537,0.07061059557257193,313,3
1995-11-10,1995,11,10,314,563,0.11789212920339767,314,4
1995-11-11,1995,11,11,315,422,-0.170382184900281,315,5
1995-11-12,1995,11,12,316,418,-0.1799060664115365,316,6
1995-11-13,1995,11,13,317,485,-0.031238607998809516,317,0
1995-11-14,1995,11,14,318,566,0.12320657926689012,318,1
1995-11-15,1995,11,15,319,580,0.14764060460417222,319,2
1995-11-16,1995,11,16,320,547,0.08906130348568847,320,3
1995-11-17,1995,11,17,321,482,-0.03744338488569241,321,4
1995-11-18,1995,11,18,322,448,-0.1105942665213076,322,5
1995-11-19,1995,11,19,323,376,-0.28579835554639826,323,6
1995-11-20,1995,11,20,324,497,-0.006797472839664082,324,0
1995-11-21,1995,11,21,325,548,0.0908877880117227,325,1
1995-11-22,1995,11,22,326,563,0.11789212920339767,326,2
1995-11-23,1995,11,23,327,528,0.053708784769968605,327,3
1995-11-24,1995,11,24,328,502,0.0032126207554365057,328,4
1995-11-25,1995,11,25,329,433,-0.14464977093380296,329,5
1995-11-26,1995,11,26,330,420,-0.17513278765887882,330,6
1995-11-27,1995,11,27,331,484,-0.03330259221966101,331,0
1995-11-28,1995,11,28,332,548,0.0908877880117227,332,1
1995-11-29,1995,11,29,333,560,0.1125492847929021,333,2
1995-11-30,1995,11,30,334,532,0.06125599040535152,334,3
1995-12-01,1995,12,1,335,493,-0.014878324893602708,335,4
1995-12-02,1995,12,2,336,392,-0.2441256591458302,336,5
1995-12-03,1995,12,3,337,350,-0.3574543444528335,337,6
1995-12-04,1995,12,4,338,492,-0.016908782443984704,338,0
1995-12-05,1995,12,5,339,461,-0.08198945593964423,339,1
1995-12-06,1995,12,6,340,521,0.040362542817074146,340,2
1995-12-07,1995,12,7,341,534,0.06500834002390198,341,3
1995-12-08,1995,12,8,342,523,0.04419396512863013,342,4
1995-12-09,1995,12,9,343,407,-0.20657431349369773,343,5
1995-12-10,1995,12,10,344,384,-0.2647449463485659,344,6
1995-12-11,1995,12,11,345,511,0.020982091267411646,345,0
1995-12-12,1995,12,12,346,541,0.07803177991018878,346,1
1995-12-13,1995,12,13,347,526,0.04991371380141699,347,2
1995-12-14,1995,12,14,348,536,0.06874666213450913,348,3
1995-12-15,1995,12,15,349,563,0.11789212920339767,349,4
1995-12-16,1995,12,16,350,438,-0.13316858855984665,350,5
1995-12-17,1995,12,17,351,378,-0.2804933033167051,351,6
1995-12-18,1995,12,18,352,532,0.06125599040535152,352,0
1995-12-19,1995,12,19,353,532,0.06125599040535152,353,1
1995-12-20,1995,12,20,354,568,0.12673391978485854,354,2
1995-12-21,1995,12,21,355,495,-0.01082973636760251,355,3
1995-12-22,1995,12,22,356,565,0.12143823221014823,356,4
1995-12-23,1995,12,23,357,454,-0.09729030089494478,357,5
1995-12-24,1995,12,24,358,408,-0.204120324532131,358,6
1995-12-25,1995,12,25,359,385,-0.26214416464850854,359,0
1995-12-26,1995,12,26,360,358,-0.3348545125355925,360,1
1995-12-27,1995,12,27,361,454,-0.09729030089494478,361,2
1995-12-28,1995,12,28,362,565,0.12143823221014823,362,3
1995-12-29,1995,12,29,363,546,0.08723147680861221,363,4
1995-12-30,1995,12,30,364,431,-0.149279408832545,364,5
1995-12-31,1995,12,31,365,390,-0.24924075981260063,365,6
1996-01-01,1996,1,1,366,408,-0.204120324532131,1,0
1996-01-02,1996,1,2,367,503,0.005202671163446407,2,1
1996-01-03,1996,1,3,368,556,0.10538079531428955,3,2
1996-01-04,1996,1,4,369,564,0.11966675256176608,4,3
1996-01-05,1996,1,5,370,554,0.10177718781099099,5,4
1996-01-06,1996,1,6,371,389,-0.25180815531784645,6,5
1996-01-07,1996,1,7,372,377,-0.283142311488282,7,6
1996-01-08,1996,1,8,373,556,0.10538079531428955,8,0
1996-01-09,1996,1,9,374,559,0.11076197421880644,9,1
1996-01-10,1996,1,10,375,553,0.09997050258604206,10,2
1996-01-11,1996,1,11,376,529,0.05560093292200662,11,3
1996-01-12,1996,1,12,377,523,0.04419396512863013,12,4
1996-01-13,1996,1,13,378,379,-0.2778512938538664,13,5
1996-01-14,1996,1,14,379,391,-0.24667993895092696,14,6
1996-01-15,1996,1,15,380,493,-0.014878324893602708,15,0
1996-01-16,1996,1,16,381,557,0.1071777409909913,16,1
1996-01-17,1996,1,17,382,486,-0.02917887503579906,17,2
1996-01-18,1996,1,18,383,497,-0.006797472839664082,18,3
1996-01-19,1996,1,19,384,513,0.02488834623447675,19,4
1996-01-20,1996,1,20,385,418,-0.1799060664115365,20,5
1996-01-21,1996,1,21,386,388,-0.2543821593130193,21,6
1996-01-22,1996,1,22,387,522,0.04228008894634606,22,0
1996-01-23,1996,1,23,388,539,0.07432807197270441,23,1
1996-01-24,1996,1,24,389,495,-0.01082973636760251,24,2
1996-01-25,1996,1,25,390,538,0.07247106122549156,25,3
1996-01-26,1996,1,26,391,567,0.12497180479145936,26,4
1996-01-27,1996,1,27,392,408,-0.204120324532131,27,5
1996-01-28,1996,1,28,393,402,-0.21893541031727165,28,6
1996-01-29,1996,1,29,394,526,0.04991371380141699,29,0
1996-01-30,1996,1,30,395,561,0.11433340658640359,30,1
1996-01-31,1996,1,31,396,521,0.040362542817074146,31,2
1996-02-01,1996,2,1,397,547,0.08906130348568847,32,3
1996-02-02,1996,2,2,398,539,0.07432807197270441,33,4
1996-02-03,1996,2,3,399,459,-0.0863372888757476,34,5
1996-02-04,1996,2,4,400,436,-0.13774525558725847,35,6
1996-02-05,1996,2,5,401,521,0.040362542817074146,36,0
1996-02-06,1996,2,6,402,587,0.15963732089180377,37,1
1996-02-07,1996,2,7,403,536,0.06874666213450913,38,2
1996-02-08,1996,2,8,404,504,0.007188769135075929,39,3
1996-02-09,1996,2,9,405,503,0.005202671163446407,40,4
1996-02-10,1996,2,10,406,459,-0.0863372888757476,41,5
1996-02-11,1996,2,11,407,445,-0.11731321677005256,42,6
1996-02-12,1996,2,12,408,519,0.03651638422959586,43,0
1996-02-13,1996,2,13,409,602,0.18486994637252827,44,1
1996-02-14,1996,2,14,410,536,0.06874666213450913,45,2
1996-02-15,1996,2,15,411,539,0.07432807197270441,46,3
1996-02-16,1996,2,16,412,543,0.08172182099764269,47,4
1996-02-17,1996,2,17,413,479,-0.043686901525377485,48,5
1996-02-18,1996,2,18,414,436,-0.13774525558725847,49,6
1996-02-19,1996,2,19,415,556,0.10538079531428955,50,0
1996-02-20,1996,2,20,416,565,0.12143823221014823,51,1
1996-02-21,1996,2,21,417,567,0.12497180479145936,52,2
1996-02-22,1996,2,22,418,512,0.02293712610321511,53,3
1996-02-23,1996,2,23,419,541,0.07803177991018878,54,4
1996-02-24,1996,2,24,420,457,-0.09070410804208806,55,5
1996-02-25,1996,2,25,421,412,-0.19436414958676645,56,6
1996-02-26,1996,2,26,422,520,0.038441312639180374,57,0
1996-02-27,1996,2,27,423,564,0.11966675256176608,58,1
1996-02-28,1996,2,28,424,589,0.163038684715294,59,2
1996-02-29,1996,2,29,425,499,-0.00278140318477414,60,3
1996-03-01,1996,3,1,426,560,0.1125492847929021,61,4
1996-03-02,1996,3,2,427,397,-0.2314512182491023,62,5
1996-03-03,1996,3,3,428,417,-0.18230127713749136,63,6
1996-03-04,1996,3,4,429,523,0.04419396512863013,64,0
1996-03-05,1996,3,5,430,573,0.13549821777844687,65,1
1996-03-06,1996,3,6,431,516,0.03071926654527006,66,2
1996-03-07,1996,3,7,432,509,0.017060517614229952,67,3
1996-03-08,1996,3,8,433,509,0.017060517614229952,68,4
1996-03-09,1996,3,9,434,400,-0.22392295182831073,69,5
1996-03-10,1996,3,10,435,464,-0.07550294671003747,70,6
1996-03-11,1996,3,11,436,503,0.005202671163446407,71,0
1996-03-12,1996,3,12,437,557,0.1071777409909913,72,1
1996-03-13,1996,3,13,438,499,-0.00278140318477414,73,2
1996-03-14,1996,3,14,439,582,0.15108294879514503,74,3
1996-03-15,1996,3,15,440,526,0.04991371380141699,75,4
1996-03-16,1996,3,16,441,424,-0.16565404370433506,76,5
1996-03-17,1996,3,17,442,389,-0.25180815531784645,77,6
1996-03-18,1996,3,18,443,560,0.1125492847929021,78,0
1996-03-19,1996,3,19,444,543,0.08172182099764269,79,1
1996-03-20,1996,3,20,445,517,0.03265537557213635,80,2
1996-03-21,1996,3,21,446,567,0.12497180479145936,81,3
1996-03-22,1996,3,22,447,515,0.028779401727443366,82,4
1996-03-23,1996,3,23,448,444,-0.11956293650406802,83,5
1996-03-24,1996,3,24,449,405,-0.21150043182975356,84,6
1996-03-25,1996,3,25,450,537,0.07061059557257193,85,0
1996-03-26,1996,3,26,451,600,0.1815421562798536,86,1
1996-03-27,1996,3,27,452,543,0.08172182099764269,87,2
1996-03-28,1996,3,28,453,583,0.1527996874141997,88,3
1996-03-29,1996,3,29,454,531,0.05937452230564608,89,4
1996-03-30,1996,3,30,455,412,-0.19436414958676645,90,5
1996-03-31,1996,3,31,456,426,-0.1609481526669224,91,6
1996-04-01,1996,4,1,457,564,0.11966675256176608,92,0
1996-04-02,1996,4,2,458,584,0.15451348389193428,93,1
1996-04-03,1996,4,3,459,554,0.10177718781099099,94,2
1996-04-04,1996,4,4,460,566,0.12320657926689012,95,3
1996-04-05,1996,4,5,461,543,0.08172182099764269,96,4
1996-04-06,1996,4,6,462,423,-0.16801531989001484,97,5
1996-04-07,1996,4,7,463,408,-0.204120324532131,98,6
1996-04-08,1996,4,8,464,395,-0.23650173403517086,99,0
1996-04-09,1996,4,9,465,514,0.02683576651887243,100,1
1996-04-10,1996,4,10,466,560,0.1125492847929021,101,2
1996-04-11,1996,4,11,467,539,0.07432807197270441,102,3
1996-04-12,1996,4,12,468,567,0.12497180479145936,103,4
1996-04-13,1996,4,13,469,433,-0.14464977093380296,104,5
1996-04-14,1996,4,14,470,433,-0.14464977093380296,105,6
1996-04-15,1996,4,15,471,509,0.017060517614229952,106,0
1996-04-16,1996,4,16,472,553,0.09997050258604206,107,1
1996-04-17,1996,4,17,473,587,0.15963732089180377,108,2
1996-04-18,1996,4,18,474,537,0.07061059557257193,109,3
1996-04-19,1996,4,19,475,540,0.07618164062202722,110,4
1996-04-20,1996,4,20,476,438,-0.13316858855984665,111,5
1996-04-21,1996,4,21,477,450,-0.10613991617192732,112,6
1996-04-22,1996,4,22,478,538,0.07247106122549156,113,0
1996-04-23,1996,4,23,479,562,0.11611435095739826,114,1
1996-04-24,1996,4,24,480,493,-0.014878324893602708,115,2
1996-04-25,1996,4,25,481,506,0.01114917035117286,116,3
1996-04-26,1996,4,26,482,524,0.04610418538474929,117,4
1996-04-27,1996,4,27,483,406,-0.20903433933456006,118,5
1996-04-28,1996,4,28,484,418,-0.1799060664115365,119,6
1996-04-29,1996,4,29,485,494,-0.012851981748370309,120,0
1996-04-30,1996,4,30,486,452,-0.10170531910406158,121,1
1996-05-01,1996,5,1,487,522,0.04228008894634606,122,2
1996-05-02,1996,5,2,488,541,0.07803177991018878,123,3
1996-05-03,1996,5,3,489,572,0.1337514924435051,124,4
1996-05-04,1996,5,4,490,477,-0.04787100804795151,125,5
1996-05-05,1996,5,5,491,425,-0.163298330011876,126,6
1996-05-06,1996,5,6,492,504,0.007188769135075929,127,0
1996-05-07,1996,5,7,493,573,0.13549821777844687,128,1
1996-05-08,1996,5,8,494,522,0.04228008894634606,129,2
1996-05-09,1996,5,9,495,543,0.08172182099764269,130,3
1996-05-10,1996,5,10,496,521,0.040362542817074146,131,4
1996-05-11,1996,5,11,497,454,-0.09729030089494478,132,5
1996-05-12,1996,5,12,498,395,-0.23650173403517086,133,6
1996-05-13,1996,5,13,499,529,0.05560093292200662,134,0
1996-05-14,1996,5,14,500,572,0.1337514924435051,135,1
1996-05-15,1996,5,15,501,592,0.1681191359477129,136,2
1996-05-16,1996,5,16,502,468,-0.066919203018646,137,3
1996-05-17,1996,5,17,503,510,0.019023226782078777,138,4
1996-05-18,1996,5,18,504,467,-0.06905824126739543,139,5
1996-05-19,1996,5,19,505,409,-0.20167234289349095,140,6
1996-05-20,1996,5,20,506,554,0.10177718781099099,141,0
1996-05-21,1996,5,21,507,564,0.11966675256176608,142,1
1996-05-22,1996,5,22,508,565,0.12143823221014823,143,2
1996-05-23,1996,5,23,509,545,0.08539829572695133,144,3
1996-05-24,1996,5,24,510,529,0.05560093292200662,145,4
1996-05-25,1996,5,25,511,442,-0.12407761685859466,146,5
1996-05-26,1996,5,26,512,422,-0.170382184900281,147,6
1996-05-27,1996,5,27,513,409,-0.20167234289349095,148,0
1996-05-28,1996,5,28,514,540,0.07618164062202722,149,1
1996-05-29,1996,5,29,515,585,0.1562243482955638,150,2
1996-05-30,1996,5,30,516,575,0.13898254186105774,151,3
1996-05-31,1996,5,31,517,575,0.13898254186105774,152,4
1996-06-01,1996,6,1,518,430,-0.15160229024868468,153,5
1996-06-02,1996,6,2,519,375,-0.2884614729658819,154,6
1996-06-03,1996,6,3,520,524,0.04610418538474929,155,0
1996-06-04,1996,6,4,521,572,0.1337514924435051,156,1
1996-06-05,1996,6,5,522,570,0.13024886189230303,157,2
1996-06-06,1996,6,6,523,546,0.08723147680861221,158,3
1996-06-07,1996,6,7,524,555,0.10358061481014179,159,4
1996-06-08,1996,6,8,525,469,-0.06478473049001338,160,5
1996-06-09,1996,6,9,526,430,-0.15160229024868468,161,6
1996-06-10,1996,6,10,527,534,0.06500834002390198,162,0
1996-06-11,1996,6,11,528,635,0.23823749995639884,163,1
1996-06-12,1996,6,12,529,576,0.14072016175959845,164,2
1996-06-13,1996,6,13,530,499,-0.00278140318477414,165,3
1996-06-14,1996,6,14,531,509,0.017060517614229952,166,4
1996-06-15,1996,6,15,532,404,-0.21397262097514264,167,5
1996-06-16,1996,6,16,533,427,-0.15860348570766825,168,6
1996-06-17,1996,6,17,534,581,0.14936325791561852,169,0
1996-06-18,1996,6,18,535,548,0.0908877880117227,170,1
1996-06-19,1996,6,19,536,507,0.01312350465489037,171,2
1996-06-20,1996,6,20,537,526,0.04991371380141699,172,3
1996-06-21,1996,6,21,538,588,0.16133944896233413,173,4
1996-06-22,1996,6,22,539,472,-0.05840851335073735,174,5
1996-06-23,1996,6,23,540,409,-0.20167234289349095,175,6
1996-06-24,1996,6,24,541,552,0.09816054734080248,176,0
1996-06-25,1996,6,25,542,600,0.1815421562798536,177,1
1996-06-26,1996,6,26,543,594,0.17149182042635217,178,2
1996-06-27,1996,6,27,544,618,0.211100958521398,179,3
1996-06-28,1996,6,28,545,565,0.12143823221014823,180,4
1996-06-29,1996,6,29,546,487,-0.027123375853703034,181,5
1996-06-30,1996,6,30,547,465,-0.07335009334893643,182,6
1996-07-01,1996,7,1,548,570,0.13024886189230303,183,0
1996-07-02,1996,7,2,549,571,0.1320017107197175,184,1
1996-07-03,1996,7,3,550,574,0.1372418973832736,185,2
1996-07-04,1996,7,4,551,579,0.14591497863670255,186,3
1996-07-05,1996,7,5,552,565,0.12143823221014823,187,4
1996-07-06,1996,7,6,553,448,-0.1105942665213076,188,5
1996-07-07,1996,7,7,554,407,-0.20657431349369773,189,6
1996-07-08,1996,7,8,555,564,0.11966675256176608,190,0
1996-07-09,1996,7,9,556,601,0.18320743559891473,191,1
1996-07-10,1996,7,10,557,613,0.20297743699991855,192,2
1996-07-11,1996,7,11,558,599,0.17987409917915648,193,3
1996-07-12,1996,7,12,559,589,0.163038684715294,194,4
1996-07-13,1996,7,13,560,435,-0.1400414678476087,195,5
1996-07-14,1996,7,14,561,440,-0.12861277202398594,196,6
1996-07-15,1996,7,15,562,589,0.163038684715294,197,0
1996-07-16,1996,7,16,563,580,0.14764060460417222,198,1
1996-07-17,1996,7,17,564,531,0.05937452230564608,199,2
1996-07-18,1996,7,18,565,609,0.1964307687736042,200,3
1996-07-19,1996,7,19,566,594,0.17149182042635217,201,4
1996-07-20,1996,7,20,567,426,-0.1609481526669224,202,5
1996-07-21,1996,7,21,568,431,-0.149279408832545,203,6
1996-07-22,1996,7,22,569,547,0.08906130348568847,204,0
1996-07-23,1996,7,23,570,553,0.09997050258604206,205,1
1996-07-24,1996,7,24,571,544,0.08356174791964978,206,2
1996-07-25,1996,7,25,572,523,0.04419396512863013,207,3
1996-07-26,1996,7,26,573,505,0.009170930339067029,208,4
1996-07-27,1996,7,27,574,466,-0.07120186481064687,209,5
1996-07-28,1996,7,28,575,419,-0.1775165790141551,210,6
1996-07-29,1996,7,29,576,533,0.06313392522955179,211,0
1996-07-30,1996,7,30,577,580,0.14764060460417222,212,1
1996-07-31,1996,7,31,578,576,0.14072016175959845,213,2
1996-08-01,1996,8,1,579,575,0.13898254186105774,214,3
1996-08-02,1996,8,2,580,531,0.05937452230564608,215,4
1996-08-03,1996,8,3,581,442,-0.12407761685859466,216,5
1996-08-04,1996,8,4,582,408,-0.204120324532131,217,6
1996-08-05,1996,8,5,583,591,0.16642851846980553,218,0
1996-08-06,1996,8,6,584,592,0.1681191359477129,219,1
1996-08-07,1996,8,7,585,561,0.11433340658640359,220,2
1996-08-08,1996,8,8,586,609,0.1964307687736042,221,3
1996-08-09,1996,8,9,587,547,0.08906130348568847,222,4
1996-08-10,1996,8,10,588,492,-0.016908782443984704,223,5
1996-08-11,1996,8,11,589,416,-0.18470223867502955,224,6
1996-08-12,1996,8,12,590,542,0.07987850250335336,225,0
1996-08-13,1996,8,13,591,577,0.14245476757180686,226,1
1996-08-14,1996,8,14,592,592,0.1681191359477129,227,2
1996-08-15,1996,8,15,593,585,0.1562243482955638,228,3
1996-08-16,1996,8,16,594,581,0.14936325791561852,229,4
1996-08-17,1996,8,17,595,441,-0.12634262348944678,230,5
1996-08-18,1996,8,18,596,432,-0.14696191069218248,231,6
1996-08-19,1996,8,19,597,573,0.13549821777844687,232,0
1996-08-20,1996,8,20,598,587,0.15963732089180377,233,1
1996-08-21,1996,8,21,599,653,0.26618963034013826,234,2
1996-08-22,1996,8,22,600,584,0.15451348389193428,235,3
1996-08-23,1996,8,23,601,568,0.12673391978485854,236,4
1996-08-24,1996,8,24,602,469,-0.06478473049001338,237,5
1996-08-25,1996,8,25,603,439,-0.13088808586112144,238,6
1996-08-26,1996,8,26,604,542,0.07987850250335336,239,0
1996-08-27,1996,8,27,605,585,0.1562243482955638,240,1
1996-08-28,1996,8,28,606,609,0.1964307687736042,241,2
1996-08-29,1996,8,29,607,572,0.1337514924435051,242,3
1996-08-30,1996,8,30,608,538,0.07247106122549156,243,4
1996-08-31,1996,8,31,609,447,-0.11282890432272394,244,5
1996-09-01,1996,9,1,610,433,-0.14464977093380296,245,6
1996-09-02,1996,9,2,611,489,-0.023025009461420796,246,0
1996-09-03,1996,9,3,612,563,0.11789212920339767,247,1
1996-09-04,1996,9,4,613,523,0.04419396512863013,248,2
1996-09-05,1996,9,5,614,557,0.1071777409909913,249,3
1996-09-06,1996,9,6,615,544,0.08356174791964978,250,4
1996-09-07,1996,9,7,616,461,-0.08198945593964423,251,5
1996-09-08,1996,9,8,617,476,-0.04996964470487272,252,6
1996-09-09,1996,9,9,618,557,0.1071777409909913,253,0
1996-09-10,1996,9,10,619,617,0.20948152496909497,254,1
1996-09-11,1996,9,11,620,571,0.1320017107197175,255,2
1996-09-12,1996,9,12,621,616,0.20785946459722704,256,3
1996-09-13,1996,9,13,622,600,0.1815421562798536,257,4
1996-09-14,1996,9,14,623,482,-0.03744338488569241,258,5
1996-09-15,1996,9,15,624,427,-0.15860348570766825,259,6
1996-09-16,1996,9,16,625,532,0.06125599040535152,260,0
1996-09-17,1996,9,17,626,637,0.24138215663587054,261,1
1996-09-18,1996,9,18,627,615,0.20623476887022504,262,2
1996-09-19,1996,9,19,628,606,0.1914924871330217,263,3
1996-09-20,1996,9,20,629,609,0.1964307687736042,264,4
1996-09-21,1996,9,21,630,493,-0.014878324893602708,265,5
1996-09-22,1996,9,22,631,450,-0.10613991617192732,266,6
1996-09-23,1996,9,23,632,613,0.20297743699991855,267,0
1996-09-24,1996,9,24,633,628,0.22715266753190594,268,1
1996-09-25,1996,9,25,634,624,0.22076286943313492,269,2
1996-09-26,1996,9,26,635,641,0.24764195798437724,270,3
1996-09-27,1996,9,27,636,536,0.06874666213450913,271,4
1996-09-28,1996,9,28,637,488,-0.025072093083145647,272,5
1996-09-29,1996,9,29,638,435,-0.1400414678476087,273,6
1996-09-30,1996,9,30,639,607,0.1931412921232054,274,0
1996-10-01,1996,10,1,640,592,0.1681191359477129,275,1
1996-10-02,1996,10,2,641,614,0.2046074292108497,276,2
1996-10-03,1996,10,3,642,594,0.17149182042635217,277,3
1996-10-04,1996,10,4,643,554,0.10177718781099099,278,4
1996-10-05,1996,10,5,644,446,-0.11506854691622871,279,5
1996-10-06,1996,10,6,645,402,-0.21893541031727165,280,6
1996-10-07,1996,10,7,646,566,0.12320657926689012,281,0
1996-10-08,1996,10,8,647,563,0.11789212920339767,282,1
1996-10-09,1996,10,9,648,564,0.11966675256176608,283,2
1996-10-10,1996,10,10,649,560,0.1125492847929021,284,3
1996-10-11,1996,10,11,650,579,0.14591497863670255,285,4
1996-10-12,1996,10,12,651,460,-0.08416100945315207,286,5
1996-10-13,1996,10,13,652,430,-0.15160229024868468,287,6
1996-10-14,1996,10,14,653,552,0.09816054734080248,288,0
1996-10-15,1996,10,15,654,581,0.14936325791561852,289,1
1996-10-16,1996,10,16,655,559,0.11076197421880644,290,2
1996-10-17,1996,10,17,656,562,0.11611435095739826,291,3
1996-10-18,1996,10,18,657,546,0.08723147680861221,292,4
1996-10-19,1996,10,19,658,452,-0.10170531910406158,293,5
1996-10-20,1996,10,20,659,407,-0.20657431349369773,294,6
1996-10-21,1996,10,21,660,530,0.05748950760987465,295,0
1996-10-22,1996,10,22,661,547,0.08906130348568847,296,1
1996-10-23,1996,10,23,662,549,0.09271094257323789,297,2
1996-10-24,1996,10,24,663,586,0.15793229064071984,298,3
1996-10-25,1996,10,25,664,517,0.03265537557213635,299,4
1996-10-26,1996,10,26,665,467,-0.06905824126739543,300,5
1996-10-27,1996,10,27,666,410,-0.1992303392379392,301,6
1996-10-28,1996,10,28,667,534,0.06500834002390198,302,0
1996-10-29,1996,10,29,668,580,0.14764060460417222,303,1
1996-10-30,1996,10,30,669,545,0.08539829572695133,304,2
1996-10-31,1996,10,31,670,564,0.11966675256176608,305,3
1996-11-01,1996,11,1,671,578,0.14418636973608467,306,4
1996-11-02,1996,11,2,672,476,-0.04996964470487272,307,5
1996-11-03,1996,11,3,673,427,-0.15860348570766825,308,6
1996-11-04,1996,11,4,674,504,0.007188769135075929,309,0
1996-11-05,1996,11,5,675,554,0.10177718781099099,310,1
1996-11-06,1996,11,6,676,566,0.12320657926689012,311,2
1996-11-07,1996,11,7,677,568,0.12673391978485854,312,3
1996-11-08,1996,11,8,678,562,0.11611435095739826,313,4
1996-11-09,1996,11,9,679,447,-0.11282890432272394,314,5
1996-11-10,1996,11,10,680,419,-0.1775165790141551,315,6
1996-11-11,1996,11,11,681,532,0.06125599040535152,316,0
1996-11-12,1996,11,12,682,588,0.16133944896233413,317,1
1996-11-13,1996,11,13,683,582,0.15108294879514503,318,2
1996-11-14,1996,11,14,684,538,0.07247106122549156,319,3
1996-11-15,1996,11,15,685,587,0.15963732089180377,320,4
1996-11-16,1996,11,16,686,434,-0.14234296483588793,321,5
1996-11-17,1996,11,17,687,388,-0.2543821593130193,322,6
1996-11-18,1996,11,18,688,517,0.03265537557213635,323,0
1996-11-19,1996,11,19,689,593,0.16980690006143276,324,1
1996-11-20,1996,11,20,690,559,0.11076197421880644,325,2
1996-11-21,1996,11,21,691,535,0.0668792479597138,326,3
1996-11-22,1996,11,22,692,515,0.028779401727443366,327,4
1996-11-23,1996,11,23,693,429,-0.15393058000827584,328,5
1996-11-24,1996,11,24,694,432,-0.14696191069218248,329,6
1996-11-25,1996,11,25,695,546,0.08723147680861221,330,0
1996-11-26,1996,11,26,696,551,0.09634731021662175,331,1
1996-11-27,1996,11,27,697,557,0.1071777409909913,332,2
1996-11-28,1996,11,28,698,560,0.1125492847929021,333,3
1996-11-29,1996,11,29,699,506,0.01114917035117286,334,4
1996-11-30,1996,11,30,700,458,-0.0885183148221078,335,5
1996-12-01,1996,12,1,701,431,-0.149279408832545,336,6
1996-12-02,1996,12,2,702,537,0.07061059557257193,337,0
1996-12-03,1996,12,3,703,559,0.11076197421880644,338,1
1996-12-04,1996,12,4,704,566,0.12320657926689012,339,2
1996-12-05,1996,12,5,705,496,-0.008811572211365326,340,3
1996-12-06,1996,12,6,706,522,0.04228008894634606,341,4
1996-12-07,1996,12,7,707,413,-0.1919399059752601,342,5
1996-12-08,1996,12,8,708,399,-0.22642608204642928,343,6
1996-12-09,1996,12,9,709,573,0.13549821777844687,344,0
1996-12-10,1996,12,10,710,594,0.17149182042635217,345,1
1996-12-11,1996,12,11,711,555,0.10358061481014179,346,2
1996-12-12,1996,12,12,712,569,0.1284929351900382,347,3
1996-12-13,1996,12,13,713,520,0.038441312639180374,348,4
1996-12-14,1996,12,14,714,401,-0.22142607162972353,349,5
1996-12-15,1996,12,15,715,439,-0.13088808586112144,350,6
1996-12-16,1996,12,16,716,519,0.03651638422959586,351,0
1996-12-17,1996,12,17,717,611,0.19970946023530248,352,1
1996-12-18,1996,12,18,718,562,0.11611435095739826,353,2
1996-12-19,1996,12,19,719,588,0.16133944896233413,354,3
1996-12-20,1996,12,20,720,562,0.11611435095739826,355,4
1996-12-21,1996,12,21,721,433,-0.14464977093380296,356,5
1996-12-22,1996,12,22,722,379,-0.2778512938538664,357,6
1996-12-23,1996,12,23,723,551,0.09634731021662175,358,0
1996-12-24,1996,12,24,724,576,0.14072016175959845,359,1
1996-12-25,1996,12,25,725,431,-0.149279408832545,360,2
1996-12-26,1996,12,26,726,385,-0.26214416464850854,361,3
1996-12-27,1996,12,27,727,504,0.007188769135075929,362,4
1996-12-28,1996,12,28,728,458,-0.0885183148221078,363,5
1996-12-29,1996,12,29,729,440,-0.12861277202398594,364,6
1996-12-30,1996,12,30,730,523,0.04419396512863013,365,0
1996-12-31,1996,12,31,731,501,0.0012186021485719963,366,1
1997-01-01,1997,1,1,732,380,-0.2752162462158613,1,2
1997-01-02,1997,1,2,733,522,0.04228008894634606,2,3
1997-01-03,1997,1,3,734,631,0.23191836360492035,3,4
1997-01-04,1997,1,4,735,505,0.009170930339067029,4,5
1997-01-05,1997,1,5,736,395,-0.23650173403517086,5,6
1997-01-06,1997,1,6,737,577,0.14245476757180686,6,0
1997-01-07,1997,1,7,738,603,0.1865296977908926,7,1
1997-01-08,1997,1,8,739,576,0.14072016175959845,8,2
1997-01-09,1997,1,9,740,598,0.17820325501433898,9,3
1997-01-10,1997,1,10,741,571,0.1320017107197175,10,4
1997-01-11,1997,1,11,742,444,-0.11956293650406802,11,5
1997-01-12,1997,1,12,743,403,-0.21645093698960974,12,6
1997-01-13,1997,1,13,744,569,0.1284929351900382,13,0
1997-01-14,1997,1,14,745,597,0.1765296144563094,14,1
1997-01-15,1997,1,15,746,535,0.0668792479597138,15,2
1997-01-16,1997,1,16,747,567,0.12497180479145936,16,3
1997-01-17,1997,1,17,748,511,0.020982091267411646,17,4
1997-01-18,1997,1,18,749,467,-0.06905824126739543,18,5
1997-01-19,1997,1,19,750,465,-0.07335009334893643,19,6
1997-01-20,1997,1,20,751,596,0.174853168129057,20,0
1997-01-21,1997,1,21,752,558,0.10897146344501811,21,1
1997-01-22,1997,1,22,753,517,0.03265537557213635,22,2
1997-01-23,1997,1,23,754,553,0.09997050258604206,23,3
1997-01-24,1997,1,24,755,541,0.07803177991018878,24,4
1997-01-25,1997,1,25,756,443,-0.12181772889115713,25,5
1997-01-26,1997,1,26,757,408,-0.204120324532131,26,6
1997-01-27,1997,1,27,758,535,0.0668792479597138,27,0
1997-01-28,1997,1,28,759,572,0.1337514924435051,28,1
1997-01-29,1997,1,29,760,617,0.20948152496909497,29,2
1997-01-30,1997,1,30,761,578,0.14418636973608467,30,3
1997-01-31,1997,1,31,762,543,0.08172182099764269,31,4
1997-02-01,1997,2,1,763,423,-0.16801531989001484,32,5
1997-02-02,1997,2,2,764,461,-0.08198945593964423,33,6
1997-02-03,1997,2,3,765,534,0.06500834002390198,34,0
1997-02-04,1997,2,4,766,600,0.1815421562798536,35,1
1997-02-05,1997,2,5,767,602,0.18486994637252827,36,2
1997-02-06,1997,2,6,768,569,0.1284929351900382,37,3
1997-02-07,1997,2,7,769,566,0.12320657926689012,38,4
1997-02-08,1997,2,8,770,465,-0.07335009334893643,39,5
1997-02-09,1997,2,9,771,384,-0.2647449463485659,40,6
1997-02-10,1997,2,10,772,521,0.040362542817074146,41,0
1997-02-11,1997,2,11,773,606,0.1914924871330217,42,1
1997-02-12,1997,2,12,774,606,0.1914924871330217,43,2
1997-02-13,1997,2,13,775,575,0.13898254186105774,44,3
1997-02-14,1997,2,14,776,589,0.163038684715294,45,4
1997-02-15,1997,2,15,777,452,-0.10170531910406158,46,5
1997-02-16,1997,2,16,778,433,-0.14464977093380296,47,6
1997-02-17,1997,2,17,779,539,0.07432807197270441,48,0
1997-02-18,1997,2,18,780,620,0.2143319791028445,49,1
1997-02-19,1997,2,19,781,613,0.20297743699991855,50,2
1997-02-20,1997,2,20,782,587,0.15963732089180377,51,3
1997-02-21,1997,2,21,783,573,0.13549821777844687,52,4
1997-02-22,1997,2,22,784,433,-0.14464977093380296,53,5
1997-02-23,1997,2,23,785,398,-0.22893549365185503,54,6
1997-02-24,1997,2,24,786,563,0.11789212920339767,55,0
1997-02-25,1997,2,25,787,628,0.22715266753190594,56,1
1997-02-26,1997,2,26,788,595,0.17317390660933707,57,2
1997-02-27,1997,2,27,789,543,0.08172182099764269,58,3
1997-02-28,1997,2,28,790,575,0.13898254186105774,59,4
1997-03-01,1997,3,1,791,429,-0.15393058000827584,60,5
1997-03-02,1997,3,2,792,458,-0.0885183148221078,61,6
1997-03-03,1997,3,3,793,503,0.005202671163446407,62,0
1997-03-04,1997,3,4,794,559,0.11076197421880644,63,1
1997-03-05,1997,3,5,795,564,0.11966675256176608,64,2
1997-03-06,1997,3,6,796,564,0.11966675256176608,65,3
1997-03-07,1997,3,7,797,527,0.051813049605069564,66,4
1997-03-08,1997,3,8,798,448,-0.1105942665213076,67,5
1997-03-09,1997,3,9,799,453,-0.09949537345325875,68,6
1997-03-10,1997,3,10,800,552,0.09816054734080248,69,0
1997-03-11,1997,3,11,801,573,0.13549821777844687,70,1
1997-03-12,1997,3,12,802,509,0.017060517614229952,71,2
1997-03-13,1997,3,13,803,568,0.12673391978485854,72,3
1997-03-14,1997,3,14,804,576,0.14072016175959845,73,4
1997-03-15,1997,3,15,805,397,-0.2314512182491023,74,5
1997-03-16,1997,3,16,806,387,-0.25696280590651094,75,6
1997-03-17,1997,3,17,807,570,0.13024886189230303,76,0
1997-03-18,1997,3,18,808,551,0.09634731021662175,77,1
1997-03-19,1997,3,19,809,557,0.1071777409909913,78,2
1997-03-20,1997,3,20,810,536,0.06874666213450913,79,3
1997-03-21,1997,3,21,811,520,0.038441312639180374,80,4
1997-03-22,1997,3,22,812,451,-0.10392015943361442,81,5
1997-03-23,1997,3,23,813,397,-0.2314512182491023,82,6
1997-03-24,1997,3,24,814,539,0.07432807197270441,83,0
1997-03-25,1997,3,25,815,596,0.174853168129057,84,1
1997-03-26,1997,3,26,816,601,0.18320743559891473,85,2
1997-03-27,1997,3,27,817,557,0.1071777409909913,86,3
1997-03-28,1997,3,28,818,572,0.1337514924435051,87,4
1997-03-29,1997,3,29,819,453,-0.09949537345325875,88,5
1997-03-30,1997,3,30,820,400,-0.22392295182831073,89,6
1997-03-31,1997,3,31,821,431,-0.149279408832545,90,0
1997-04-01,1997,4,1,822,499,-0.00278140318477414,91,1
1997-04-02,1997,4,2,823,597,0.1765296144563094,92,2
1997-04-03,1997,4,3,824,599,0.17987409917915648,93,3
1997-04-04,1997,4,4,825,626,0.22396287216380578,94,4
1997-04-05,1997,4,5,826,421,-0.1727546652539114,95,5
1997-04-06,1997,4,6,827,444,-0.11956293650406802,96,6
1997-04-07,1997,4,7,828,551,0.09634731021662175,97,0
1997-04-08,1997,4,8,829,595,0.17317390660933707,98,1
1997-04-09,1997,4,9,830,599,0.17987409917915648,99,2
1997-04-10,1997,4,10,831,594,0.17149182042635217,100,3
1997-04-11,1997,4,11,832,532,0.06125599040535152,101,4
1997-04-12,1997,4,12,833,456,-0.09289468942190668,102,5
1997-04-13,1997,4,13,834,401,-0.22142607162972353,103,6
1997-04-14,1997,4,14,835,575,0.13898254186105774,104,0
1997-04-15,1997,4,15,836,606,0.1914924871330217,105,1
1997-04-16,1997,4,16,837,543,0.08172182099764269,106,2
1997-04-17,1997,4,17,838,546,0.08723147680861221,107,3
1997-04-18,1997,4,18,839,580,0.14764060460417222,108,4
1997-04-19,1997,4,19,840,419,-0.1775165790141551,109,5
1997-04-20,1997,4,20,841,458,-0.0885183148221078,110,6
1997-04-21,1997,4,21,842,592,0.1681191359477129,111,0
1997-04-22,1997,4,22,843,599,0.17987409917915648,112,1
1997-04-23,1997,4,23,844,607,0.1931412921232054,113,2
1997-04-24,1997,4,24,845,582,0.15108294879514503,114,3
1997-04-25,1997,4,25,846,541,0.07803177991018878,115,4
1997-04-26,1997,4,26,847,473,-0.056292110444359764,116,5
1997-04-27,1997,4,27,848,459,-0.0863372888757476,117,6
1997-04-28,1997,4,28,849,572,0.1337514924435051,118,0
1997-04-29,1997,4,29,850,635,0.23823749995639884,119,1
1997-04-30,1997,4,30,851,514,0.02683576651887243,120,2
1997-05-01,1997,5,1,852,548,0.0908877880117227,121,3
1997-05-02,1997,5,2,853,628,0.22715266753190594,122,4
1997-05-03,1997,5,3,854,501,0.0012186021485719963,123,5
1997-05-04,1997,5,4,855,438,-0.13316858855984665,124,6
1997-05-05,1997,5,5,856,480,-0.04160139503435611,125,0
1997-05-06,1997,5,6,857,577,0.14245476757180686,126,1
1997-05-07,1997,5,7,858,646,0.25541200484630916,127,2
1997-05-08,1997,5,8,859,531,0.05937452230564608,128,3
1997-05-09,1997,5,9,860,522,0.04228008894634606,129,4
1997-05-10,1997,5,10,861,447,-0.11282890432272394,130,5
1997-05-11,1997,5,11,862,430,-0.15160229024868468,131,6
1997-05-12,1997,5,12,863,564,0.11966675256176608,132,0
1997-05-13,1997,5,13,864,603,0.1865296977908926,133,1
1997-05-14,1997,5,14,865,597,0.1765296144563094,134,2
1997-05-15,1997,5,15,866,592,0.1681191359477129,135,3
1997-05-16,1997,5,16,867,594,0.17149182042635217,136,4
1997-05-17,1997,5,17,868,493,-0.014878324893602708,137,5
1997-05-18,1997,5,18,869,471,-0.060529404919874984,138,6
1997-05-19,1997,5,19,870,420,-0.17513278765887882,139,0
1997-05-20,1997,5,20,871,533,0.06313392522955179,140,1
1997-05-21,1997,5,21,872,609,0.1964307687736042,141,2
1997-05-22,1997,5,22,873,554,0.10177718781099099,142,3
1997-05-23,1997,5,23,874,564,0.11966675256176608,143,4
1997-05-24,1997,5,24,875,481,-0.03952022883053154,144,5
1997-05-25,1997,5,25,876,404,-0.21397262097514264,145,6
1997-05-26,1997,5,26,877,595,0.17317390660933707,146,0
1997-05-27,1997,5,27,878,506,0.01114917035117286,147,1
1997-05-28,1997,5,28,879,582,0.15108294879514503,148,2
1997-05-29,1997,5,29,880,567,0.12497180479145936,149,3
1997-05-30,1997,5,30,881,534,0.06500834002390198,150,4
1997-05-31,1997,5,31,882,472,-0.05840851335073735,151,5
1997-06-01,1997,6,1,883,398,-0.22893549365185503,152,6
1997-06-02,1997,6,2,884,535,0.0668792479597138,153,0
1997-06-03,1997,6,3,885,594,0.17149182042635217,154,1
1997-06-04,1997,6,4,886,589,0.163038684715294,155,2
1997-06-05,1997,6,5,887,604,0.1881866989985222,156,3
1997-06-06,1997,6,6,888,598,0.17820325501433898,157,4
1997-06-07,1997,6,7,889,476,-0.04996964470487272,158,5
1997-06-08,1997,6,8,890,447,-0.11282890432272394,159,6
1997-06-09,1997,6,9,891,493,-0.014878324893602708,160,0
1997-06-10,1997,6,10,892,580,0.14764060460417222,161,1
1997-06-11,1997,6,11,893,576,0.14072016175959845,162,2
1997-06-12,1997,6,12,894,556,0.10538079531428955,163,3
1997-06-13,1997,6,13,895,560,0.1125492847929021,164,4
1997-06-14,1997,6,14,896,451,-0.10392015943361442,165,5
1997-06-15,1997,6,15,897,416,-0.18470223867502955,166,6
1997-06-16,1997,6,16,898,543,0.08172182099764269,167,0
1997-06-17,1997,6,17,899,555,0.10358061481014179,168,1
1997-06-18,1997,6,18,900,613,0.20297743699991855,169,2
1997-06-19,1997,6,19,901,581,0.14936325791561852,170,3
1997-06-20,1997,6,20,902,553,0.09997050258604206,171,4
1997-06-21,1997,6,21,903,467,-0.06905824126739543,172,5
1997-06-22,1997,6,22,904,453,-0.09949537345325875,173,6
1997-06-23,1997,6,23,905,586,0.15793229064071984,174,0
1997-06-24,1997,6,24,906,589,0.163038684715294,175,1
1997-06-25,1997,6,25,907,564,0.11966675256176608,176,2
1997-06-26,1997,6,26,908,548,0.0908877880117227,177,3
1997-06-27,1997,6,27,909,595,0.17317390660933707,178,4
1997-06-28,1997,6,28,910,489,-0.023025009461420796,179,5
1997-06-29,1997,6,29,911,442,-0.12407761685859466,180,6
1997-06-30,1997,6,30,912,568,0.12673391978485854,181,0
1997-07-01,1997,7,1,913,620,0.2143319791028445,182,1
1997-07-02,1997,7,2,914,563,0.11789212920339767,183,2
1997-07-03,1997,7,3,915,609,0.1964307687736042,184,3
1997-07-04,1997,7,4,916,616,0.20785946459722704,185,4
1997-07-05,1997,7,5,917,472,-0.05840851335073735,186,5
1997-07-06,1997,7,6,918,429,-0.15393058000827584,187,6
1997-07-07,1997,7,7,919,581,0.14936325791561852,188,0
1997-07-08,1997,7,8,920,596,0.174853168129057,189,1
1997-07-09,1997,7,9,921,649,0.2600452177677972,190,2
1997-07-10,1997,7,10,922,571,0.1320017107197175,191,3
1997-07-11,1997,7,11,923,618,0.211100958521398,192,4
1997-07-12,1997,7,12,924,491,-0.01894337114177224,193,5
1997-07-13,1997,7,13,925,457,-0.09070410804208806,194,6
1997-07-14,1997,7,14,926,580,0.14764060460417222,195,0
1997-07-15,1997,7,15,927,594,0.17149182042635217,196,1
1997-07-16,1997,7,16,928,615,0.20623476887022504,197,2
1997-07-17,1997,7,17,929,543,0.08172182099764269,198,3
1997-07-18,1997,7,18,930,551,0.09634731021662175,199,4
1997-07-19,1997,7,19,931,488,-0.025072093083145647,200,5
1997-07-20,1997,7,20,932,451,-0.10392015943361442,201,6
1997-07-21,1997,7,21,933,516,0.03071926654527006,202,0
1997-07-22,1997,7,22,934,614,0.2046074292108497,203,1
1997-07-23,1997,7,23,935,601,0.18320743559891473,204,2
1997-07-24,1997,7,24,936,582,0.15108294879514503,205,3
1997-07-25,1997,7,25,937,589,0.163038684715294,206,4
1997-07-26,1997,7,26,938,477,-0.04787100804795151,207,5
1997-07-27,1997,7,27,939,477,-0.04787100804795151,208,6
1997-07-28,1997,7,28,940,562,0.11611435095739826,209,0
1997-07-29,1997,7,29,941,569,0.1284929351900382,210,1
1997-07-30,1997,7,30,942,586,0.15793229064071984,211,2
1997-07-31,1997,7,31,943,544,0.08356174791964978,212,3
1997-08-01,1997,8,1,944,553,0.09997050258604206,213,4
1997-08-02,1997,8,2,945,487,-0.027123375853703034,214,5
1997-08-03,1997,8,3,946,430,-0.15160229024868468,215,6
1997-08-04,1997,8,4,947,531,0.05937452230564608,216,0
1997-08-05,1997,8,5,948,626,0.22396287216380578,217,1
1997-08-06,1997,8,6,949,592,0.1681191359477129,218,2
1997-08-07,1997,8,7,950,575,0.13898254186105774,219,3
1997-08-08,1997,8,8,951,576,0.14072016175959845,220,4
1997-08-09,1997,8,9,952,479,-0.043686901525377485,221,5
1997-08-10,1997,8,10,953,432,-0.14696191069218248,222,6
1997-08-11,1997,8,11,954,531,0.05937452230564608,223,0
1997-08-12,1997,8,12,955,600,0.1815421562798536,224,1
1997-08-13,1997,8,13,956,577,0.14245476757180686,225,2
1997-08-14,1997,8,14,957,568,0.12673391978485854,226,3
1997-08-15,1997,8,15,958,556,0.10538079531428955,227,4
1997-08-16,1997,8,16,959,439,-0.13088808586112144,228,5
1997-08-17,1997,8,17,960,461,-0.08198945593964423,229,6
1997-08-18,1997,8,18,961,567,0.12497180479145936,230,0
1997-08-19,1997,8,19,962,572,0.1337514924435051,231,1
1997-08-20,1997,8,20,963,538,0.07247106122549156,232,2
1997-08-21,1997,8,21,964,574,0.1372418973832736,233,3
1997-08-22,1997,8,22,965,591,0.16642851846980553,234,4
1997-08-23,1997,8,23,966,478,-0.04577676644483675,235,5
1997-08-24,1997,8,24,967,419,-0.1775165790141551,236,6
1997-08-25,1997,8,25,968,534,0.06500834002390198,237,0
1997-08-26,1997,8,26,969,555,0.10358061481014179,238,1
1997-08-27,1997,8,27,970,546,0.08723147680861221,239,2
1997-08-28,1997,8,28,971,599,0.17987409917915648,240,3
1997-08-29,1997,8,29,972,541,0.07803177991018878,241,4
1997-08-30,1997,8,30,973,443,-0.12181772889115713,242,5
1997-08-31,1997,8,31,974,436,-0.13774525558725847,243,6
1997-09-01,1997,9,1,975,567,0.12497180479145936,244,0
1997-09-02,1997,9,2,976,608,0.19478738302987425,245,1
1997-09-03,1997,9,3,977,565,0.12143823221014823,246,2
1997-09-04,1997,9,4,978,577,0.14245476757180686,247,3
1997-09-05,1997,9,5,979,570,0.13024886189230303,248,4
1997-09-06,1997,9,6,980,448,-0.1105942665213076,249,5
1997-09-07,1997,9,7,981,402,-0.21893541031727165,250,6
1997-09-08,1997,9,8,982,571,0.1320017107197175,251,0
1997-09-09,1997,9,9,983,580,0.14764060460417222,252,1
1997-09-10,1997,9,10,984,593,0.16980690006143276,253,2
1997-09-11,1997,9,11,985,598,0.17820325501433898,254,3
1997-09-12,1997,9,12,986,551,0.09634731021662175,255,4
1997-09-13,1997,9,13,987,466,-0.07120186481064687,256,5
1997-09-14,1997,9,14,988,425,-0.163298330011876,257,6
1997-09-15,1997,9,15,989,581,0.14936325791561852,258,0
1997-09-16,1997,9,16,990,584,0.15451348389193428,259,1
1997-09-17,1997,9,17,991,595,0.17317390660933707,260,2
1997-09-18,1997,9,18,992,581,0.14936325791561852,261,3
1997-09-19,1997,9,19,993,598,0.17820325501433898,262,4
1997-09-20,1997,9,20,994,444,-0.11956293650406802,263,5
1997-09-21,1997,9,21,995,436,-0.13774525558725847,264,6
1997-09-22,1997,9,22,996,585,0.1562243482955638,265,0
1997-09-23,1997,9,23,997,614,0.2046074292108497,266,1
1997-09-24,1997,9,24,998,632,0.2335018952105647,267,2
1997-09-25,1997,9,25,999,608,0.19478738302987425,268,3
1997-09-26,1997,9,26,1000,639,0.244516955441242,269,4
1997-09-27,1997,9,27,1001,480,-0.04160139503435611,270,5
1997-09-28,1997,9,28,1002,434,-0.14234296483588793,271,6
1997-09-29,1997,9,29,1003,597,0.1765296144563094,272,0
1997-09-30,1997,9,30,1004,623,0.21915901985116032,273,1
1997-10-01,1997,10,1,1005,606,0.1914924871330217,274,2
1997-10-02,1997,10,2,1006,541,0.07803177991018878,275,3
1997-10-03,1997,10,3,1007,580,0.14764060460417222,276,4
1997-10-04,1997,10,4,1008,430,-0.15160229024868468,277,5
1997-10-05,1997,10,5,1009,419,-0.1775165790141551,278,6
1997-10-06,1997,10,6,1010,539,0.07432807197270441,279,0
1997-10-07,1997,10,7,1011,588,0.16133944896233413,280,1
1997-10-08,1997,10,8,1012,554,0.10177718781099099,281,2
1997-10-09,1997,10,9,1013,588,0.16133944896233413,282,3
1997-10-10,1997,10,10,1014,547,0.08906130348568847,283,4
1997-10-11,1997,10,11,1015,434,-0.14234296483588793,284,5
1997-10-12,1997,10,12,1016,403,-0.21645093698960974,285,6
1997-10-13,1997,10,13,1017,528,0.053708784769968605,286,0
1997-10-14,1997,10,14,1018,576,0.14072016175959845,287,1
1997-10-15,1997,10,15,1019,556,0.10538079531428955,288,2
1997-10-16,1997,10,16,1020,550,0.09453077929022377,289,3
1997-10-17,1997,10,17,1021,539,0.07432807197270441,290,4
1997-10-18,1997,10,18,1022,440,-0.12861277202398594,291,5
1997-10-19,1997,10,19,1023,375,-0.2884614729658819,292,6
1997-10-20,1997,10,20,1024,518,0.03458774332319039,293,0
1997-10-21,1997,10,21,1025,567,0.12497180479145936,294,1
1997-10-22,1997,10,22,1026,533,0.06313392522955179,295,2
1997-10-23,1997,10,23,1027,549,0.09271094257323789,296,3
1997-10-24,1997,10,24,1028,501,0.0012186021485719963,297,4
1997-10-25,1997,10,25,1029,412,-0.19436414958676645,298,5
1997-10-26,1997,10,26,1030,428,-0.156264303354496,299,6
1997-10-27,1997,10,27,1031,493,-0.014878324893602708,300,0
1997-10-28,1997,10,28,1032,563,0.11789212920339767,301,1
1997-10-29,1997,10,29,1033,561,0.11433340658640359,302,2
1997-10-30,1997,10,30,1034,535,0.0668792479597138,303,3
1997-10-31,1997,10,31,1035,522,0.04228008894634606,304,4
1997-11-01,1997,11,1,1036,424,-0.16565404370433506,305,5
1997-11-02,1997,11,2,1037,405,-0.21150043182975356,306,6
1997-11-03,1997,11,3,1038,551,0.09634731021662175,307,0
1997-11-04,1997,11,4,1039,578,0.14418636973608467,308,1
1997-11-05,1997,11,5,1040,549,0.09271094257323789,309,2
1997-11-06,1997,11,6,1041,571,0.1320017107197175,310,3
1997-11-07,1997,11,7,1042,554,0.10177718781099099,311,4
1997-11-08,1997,11,8,1043,392,-0.2441256591458302,312,5
1997-11-09,1997,11,9,1044,390,-0.24924075981260063,313,6
1997-11-10,1997,11,10,1045,549,0.09271094257323789,314,0
1997-11-11,1997,11,11,1046,565,0.12143823221014823,315,1
1997-11-12,1997,11,12,1047,509,0.017060517614229952,316,2
1997-11-13,1997,11,13,1048,520,0.038441312639180374,317,3
1997-11-14,1997,11,14,1049,562,0.11611435095739826,318,4
1997-11-15,1997,11,15,1050,401,-0.22142607162972353,319,5
1997-11-16,1997,11,16,1051,404,-0.21397262097514264,320,6
1997-11-17,1997,11,17,1052,500,-0.0007794005141010613,321,0
1997-11-18,1997,11,18,1053,547,0.08906130348568847,322,1
1997-11-19,1997,11,19,1054,551,0.09634731021662175,323,2
1997-11-20,1997,11,20,1055,509,0.017060517614229952,324,3
1997-11-21,1997,11,21,1056,468,-0.066919203018646,325,4
1997-11-22,1997,11,22,1057,432,-0.14696191069218248,326,5
1997-11-23,1997,11,23,1058,403,-0.21645093698960974,327,6
1997-11-24,1997,11,24,1059,501,0.0012186021485719963,328,0
1997-11-25,1997,11,25,1060,532,0.06125599040535152,329,1
1997-11-26,1997,11,26,1061,510,0.019023226782078777,330,2
1997-11-27,1997,11,27,1062,551,0.09634731021662175,331,3
1997-11-28,1997,11,28,1063,533,0.06313392522955179,332,4
1997-11-29,1997,11,29,1064,407,-0.20657431349369773,333,5
1997-11-30,1997,11,30,1065,406,-0.20903433933456006,334,6
1997-12-01,1997,12,1,1066,511,0.020982091267411646,335,0
1997-12-02,1997,12,2,1067,518,0.03458774332319039,336,1
1997-12-03,1997,12,3,1068,563,0.11789212920339767,337,2
1997-12-04,1997,12,4,1069,563,0.11789212920339767,338,3
1997-12-05,1997,12,5,1070,478,-0.04577676644483675,339,4
1997-12-06,1997,12,6,1071,390,-0.24924075981260063,340,5
1997-12-07,1997,12,7,1072,411,-0.1967942844400581,341,6
1997-12-08,1997,12,8,1073,494,-0.012851981748370309,342,0
1997-12-09,1997,12,9,1074,537,0.07061059557257193,343,1
1997-12-10,1997,12,10,1075,570,0.13024886189230303,344,2
1997-12-11,1997,12,11,1076,569,0.1284929351900382,345,3
1997-12-12,1997,12,12,1077,559,0.11076197421880644,346,4
1997-12-13,1997,12,13,1078,462,-0.0798226078545539,347,5
1997-12-14,1997,12,14,1079,381,-0.2725881238095918,348,6
1997-12-15,1997,12,15,1080,532,0.06125599040535152,349,0
1997-12-16,1997,12,16,1081,541,0.07803177991018878,350,1
1997-12-17,1997,12,17,1082,549,0.09271094257323789,351,2
1997-12-18,1997,12,18,1083,578,0.14418636973608467,352,3
1997-12-19,1997,12,19,1084,549,0.09271094257323789,353,4
1997-12-20,1997,12,20,1085,400,-0.22392295182831073,354,5
1997-12-21,1997,12,21,1086,427,-0.15860348570766825,355,6
1997-12-22,1997,12,22,1087,569,0.1284929351900382,356,0
1997-12-23,1997,12,23,1088,555,0.10358061481014179,357,1
1997-12-24,1997,12,24,1089,557,0.1071777409909913,358,2
1997-12-25,1997,12,25,1090,386,-0.2595501294714619,359,3
1997-12-26,1997,12,26,1091,397,-0.2314512182491023,360,4
1997-12-27,1997,12,27,1092,447,-0.11282890432272394,361,5
1997-12-28,1997,12,28,1093,442,-0.12407761685859466,362,6
1997-12-29,1997,12,29,1094,561,0.11433340658640359,363,0
1997-12-30,1997,12,30,1095,607,0.1931412921232054,364,1
1997-12-31,1997,12,31,1096,477,-0.04787100804795151,365,2
1998-01-01,1998,1,1,1097,360,-0.3292834674861371,1,3
1998-01-02,1998,1,2,1098,462,-0.0798226078545539,2,4
1998-01-03,1998,1,3,1099,505,0.009170930339067029,3,5
1998-01-04,1998,1,4,1100,435,-0.1400414678476087,4,6
1998-01-05,1998,1,5,1101,520,0.038441312639180374,5,0
1998-01-06,1998,1,6,1102,620,0.2143319791028445,6,1
1998-01-07,1998,1,7,1103,551,0.09634731021662175,7,2
1998-01-08,1998,1,8,1104,559,0.11076197421880644,8,3
1998-01-09,1998,1,9,1105,543,0.08172182099764269,9,4
1998-01-10,1998,1,10,1106,445,-0.11731321677005256,10,5
1998-01-11,1998,1,11,1107,409,-0.20167234289349095,11,6
1998-01-12,1998,1,12,1108,578,0.14418636973608467,12,0
1998-01-13,1998,1,13,1109,593,0.16980690006143276,13,1
1998-01-14,1998,1,14,1110,597,0.1765296144563094,14,2
1998-01-15,1998,1,15,1111,611,0.19970946023530248,15,3
1998-01-16,1998,1,16,1112,574,0.1372418973832736,16,4
1998-01-17,1998,1,17,1113,437,-0.13545430384070264,17,5
1998-01-18,1998,1,18,1114,421,-0.1727546652539114,18,6
1998-01-19,1998,1,19,1115,563,0.11789212920339767,19,0
1998-01-20,1998,1,20,1116,621,0.21594358299718594,20,1
1998-01-21,1998,1,21,1117,588,0.16133944896233413,21,2
1998-01-22,1998,1,22,1118,553,0.09997050258604206,22,3
1998-01-23,1998,1,23,1119,552,0.09816054734080248,23,4
1998-01-24,1998,1,24,1120,462,-0.0798226078545539,24,5
1998-01-25,1998,1,25,1121,423,-0.16801531989001484,25,6
1998-01-26,1998,1,26,1122,566,0.12320657926689012,26,0
1998-01-27,1998,1,27,1123,629,0.2287437577641477,27,1
1998-01-28,1998,1,28,1124,579,0.14591497863670255,28,2
1998-01-29,1998,1,29,1125,570,0.13024886189230303,29,3
1998-01-30,1998,1,30,1126,614,0.2046074292108497,30,4
1998-01-31,1998,1,31,1127,458,-0.0885183148221078,31,5
1998-02-01,1998,2,1,1128,389,-0.25180815531784645,32,6
1998-02-02,1998,2,2,1129,578,0.14418636973608467,33,0
1998-02-03,1998,2,3,1130,646,0.25541200484630916,34,1
1998-02-04,1998,2,4,1131,600,0.1815421562798536,35,2
1998-02-05,1998,2,5,1132,605,0.18984095909454862,36,3
1998-02-06,1998,2,6,1133,580,0.14764060460417222,37,4
1998-02-07,1998,2,7,1134,446,-0.11506854691622871,38,5
1998-02-08,1998,2,8,1135,434,-0.14234296483588793,39,6
1998-02-09,1998,2,9,1136,586,0.15793229064071984,40,0
1998-02-10,1998,2,10,1137,640,0.24608067741742481,41,1
1998-02-11,1998,2,11,1138,602,0.18486994637252827,42,2
1998-02-12,1998,2,12,1139,591,0.16642851846980553,43,3
1998-02-13,1998,2,13,1140,602,0.18486994637252827,44,4
1998-02-14,1998,2,14,1141,462,-0.0798226078545539,45,5
1998-02-15,1998,2,15,1142,407,-0.20657431349369773,46,6
1998-02-16,1998,2,16,1143,552,0.09816054734080248,47,0
1998-02-17,1998,2,17,1144,588,0.16133944896233413,48,1
1998-02-18,1998,2,18,1145,598,0.17820325501433898,49,2
1998-02-19,1998,2,19,1146,603,0.1865296977908926,50,3
1998-02-20,1998,2,20,1147,565,0.12143823221014823,51,4
1998-02-21,1998,2,21,1148,454,-0.09729030089494478,52,5
1998-02-22,1998,2,22,1149,431,-0.149279408832545,53,6
1998-02-23,1998,2,23,1150,536,0.06874666213450913,54,0
1998-02-24,1998,2,24,1151,544,0.08356174791964978,55,1
1998-02-25,1998,2,25,1152,623,0.21915901985116032,56,2
1998-02-26,1998,2,26,1153,540,0.07618164062202722,57,3
1998-02-27,1998,2,27,1154,515,0.028779401727443366,58,4
1998-02-28,1998,2,28,1155,462,-0.0798226078545539,59,5
1998-03-01,1998,3,1,1156,400,-0.22392295182831073,60,6
1998-03-02,1998,3,2,1157,553,0.09997050258604206,61,0
1998-03-03,1998,3,3,1158,588,0.16133944896233413,62,1
1998-03-04,1998,3,4,1159,646,0.25541200484630916,63,2
1998-03-05,1998,3,5,1160,597,0.1765296144563094,64,3
1998-03-06,1998,3,6,1161,546,0.08723147680861221,65,4
1998-03-07,1998,3,7,1162,457,-0.09070410804208806,66,5
1998-03-08,1998,3,8,1163,430,-0.15160229024868468,67,6
1998-03-09,1998,3,9,1164,491,-0.01894337114177224,68,0
1998-03-10,1998,3,10,1165,581,0.14936325791561852,69,1
1998-03-11,1998,3,11,1166,574,0.1372418973832736,70,2
1998-03-12,1998,3,12,1167,614,0.2046074292108497,71,3
1998-03-13,1998,3,13,1168,556,0.10538079531428955,72,4
1998-03-14,1998,3,14,1169,431,-0.149279408832545,73,5
1998-03-15,1998,3,15,1170,459,-0.0863372888757476,74,6
1998-03-16,1998,3,16,1171,563,0.11789212920339767,75,0
1998-03-17,1998,3,17,1172,593,0.16980690006143276,76,1
1998-03-18,1998,3,18,1173,601,0.18320743559891473,77,2
1998-03-19,1998,3,19,1174,507,0.01312350465489037,78,3
1998-03-20,1998,3,20,1175,576,0.14072016175959845,79,4
1998-03-21,1998,3,21,1176,410,-0.1992303392379392,80,5
1998-03-22,1998,3,22,1177,447,-0.11282890432272394,81,6
1998-03-23,1998,3,23,1178,536,0.06874666213450913,82,0
1998-03-24,1998,3,24,1179,611,0.19970946023530248,83,1
1998-03-25,1998,3,25,1180,549,0.09271094257323789,84,2
1998-03-26,1998,3,26,1181,582,0.15108294879514503,85,3
1998-03-27,1998,3,27,1182,575,0.13898254186105774,86,4
1998-03-28,1998,3,28,1183,419,-0.1775165790141551,87,5
1998-03-29,1998,3,29,1184,385,-0.26214416464850854,88,6
1998-03-30,1998,3,30,1185,598,0.17820325501433898,89,0
1998-03-31,1998,3,31,1186,633,0.23508292320788338,90,1
1998-04-01,1998,4,1,1187,544,0.08356174791964978,91,2
1998-04-02,1998,4,2,1188,570,0.13024886189230303,92,3
1998-04-03,1998,4,3,1189,582,0.15108294879514503,93,4
1998-04-04,1998,4,4,1190,485,-0.031238607998809516,94,5
1998-04-05,1998,4,5,1191,422,-0.170382184900281,95,6
1998-04-06,1998,4,6,1192,544,0.08356174791964978,96,0
1998-04-07,1998,4,7,1193,610,0.19807145823106417,97,1
1998-04-08,1998,4,8,1194,614,0.2046074292108497,98,2
1998-04-09,1998,4,9,1195,549,0.09271094257323789,99,3
1998-04-10,1998,4,10,1196,555,0.10358061481014179,100,4
1998-04-11,1998,4,11,1197,437,-0.13545430384070264,101,5
1998-04-12,1998,4,12,1198,414,-0.18952152511097844,102,6
1998-04-13,1998,4,13,1199,417,-0.18230127713749136,103,0
1998-04-14,1998,4,14,1200,543,0.08172182099764269,104,1
1998-04-15,1998,4,15,1201,591,0.16642851846980553,105,2
1998-04-16,1998,4,16,1202,629,0.2287437577641477,106,3
1998-04-17,1998,4,17,1203,612,0.20134478357603333,107,4
1998-04-18,1998,4,18,1204,501,0.0012186021485719963,108,5
1998-04-19,1998,4,19,1205,457,-0.09070410804208806,109,6
1998-04-20,1998,4,20,1206,562,0.11611435095739826,110,0
1998-04-21,1998,4,21,1207,636,0.23981106440382943,111,1
1998-04-22,1998,4,22,1208,558,0.10897146344501811,112,2
1998-04-23,1998,4,23,1209,631,0.23191836360492035,113,3
1998-04-24,1998,4,24,1210,564,0.11966675256176608,114,4
1998-04-25,1998,4,25,1211,408,-0.204120324532131,115,5
1998-04-26,1998,4,26,1212,483,-0.03537084528372003,116,6
1998-04-27,1998,4,27,1213,545,0.08539829572695133,117,0
1998-04-28,1998,4,28,1214,610,0.19807145823106417,118,1
1998-04-29,1998,4,29,1215,612,0.20134478357603333,119,2
1998-04-30,1998,4,30,1216,454,-0.09729030089494478,120,3
1998-05-01,1998,5,1,1217,541,0.07803177991018878,121,4
1998-05-02,1998,5,2,1218,423,-0.16801531989001484,122,5
1998-05-03,1998,5,3,1219,434,-0.14234296483588793,123,6
1998-05-04,1998,5,4,1220,541,0.07803177991018878,124,0
1998-05-05,1998,5,5,1221,544,0.08356174791964978,125,1
1998-05-06,1998,5,6,1222,653,0.26618963034013826,126,2
1998-05-07,1998,5,7,1223,572,0.1337514924435051,127,3
1998-05-08,1998,5,8,1224,576,0.14072016175959845,128,4
1998-05-09,1998,5,9,1225,472,-0.05840851335073735,129,5
1998-05-10,1998,5,10,1226,458,-0.0885183148221078,130,6
1998-05-11,1998,5,11,1227,594,0.17149182042635217,131,0
1998-05-12,1998,5,12,1228,648,0.258503197415982,132,1
1998-05-13,1998,5,13,1229,623,0.21915901985116032,133,2
1998-05-14,1998,5,14,1230,586,0.15793229064071984,134,3
1998-05-15,1998,5,15,1231,562,0.11611435095739826,135,4
1998-05-16,1998,5,16,1232,463,-0.07766044485005867,136,5
1998-05-17,1998,5,17,1233,451,-0.10392015943361442,137,6
1998-05-18,1998,5,18,1234,527,0.051813049605069564,138,0
1998-05-19,1998,5,19,1235,628,0.22715266753190594,139,1
1998-05-20,1998,5,20,1236,590,0.16473503796347236,140,2
1998-05-21,1998,5,21,1237,426,-0.1609481526669224,141,3
1998-05-22,1998,5,22,1238,494,-0.012851981748370309,142,4
1998-05-23,1998,5,23,1239,437,-0.13545430384070264,143,5
1998-05-24,1998,5,24,1240,416,-0.18470223867502955,144,6
1998-05-25,1998,5,25,1241,555,0.10358061481014179,145,0
1998-05-26,1998,5,26,1242,596,0.174853168129057,146,1
1998-05-27,1998,5,27,1243,593,0.16980690006143276,147,2
1998-05-28,1998,5,28,1244,552,0.09816054734080248,148,3
1998-05-29,1998,5,29,1245,564,0.11966675256176608,149,4
1998-05-30,1998,5,30,1246,418,-0.1799060664115365,150,5
1998-05-31,1998,5,31,1247,400,-0.22392295182831073,151,6
1998-06-01,1998,6,1,1248,454,-0.09729030089494478,152,0
1998-06-02,1998,6,2,1249,545,0.08539829572695133,153,1
1998-06-03,1998,6,3,1250,594,0.17149182042635217,154,2
1998-06-04,1998,6,4,1251,494,-0.012851981748370309,155,3
1998-06-05,1998,6,5,1252,532,0.06125599040535152,156,4
1998-06-06,1998,6,6,1253,443,-0.12181772889115713,157,5
1998-06-07,1998,6,7,1254,439,-0.13088808586112144,158,6
1998-06-08,1998,6,8,1255,520,0.038441312639180374,159,0
1998-06-09,1998,6,9,1256,554,0.10177718781099099,160,1
1998-06-10,1998,6,10,1257,586,0.15793229064071984,161,2
1998-06-11,1998,6,11,1258,557,0.1071777409909913,162,3
1998-06-12,1998,6,12,1259,562,0.11611435095739826,163,4
1998-06-13,1998,6,13,1260,421,-0.1727546652539114,164,5
1998-06-14,1998,6,14,1261,438,-0.13316858855984665,165,6
1998-06-15,1998,6,15,1262,560,0.1125492847929021,166,0
1998-06-16,1998,6,16,1263,634,0.2366614555009332,167,1
1998-06-17,1998,6,17,1264,574,0.1372418973832736,168,2
1998-06-18,1998,6,18,1265,584,0.15451348389193428,169,3
1998-06-19,1998,6,19,1266,585,0.1562243482955638,170,4
1998-06-20,1998,6,20,1267,509,0.017060517614229952,171,5
1998-06-21,1998,6,21,1268,483,-0.03537084528372003,172,6
1998-06-22,1998,6,22,1269,569,0.1284929351900382,173,0
1998-06-23,1998,6,23,1270,626,0.22396287216380578,174,1
1998-06-24,1998,6,24,1271,612,0.20134478357603333,175,2
1998-06-25,1998,6,25,1272,572,0.1337514924435051,176,3
1998-06-26,1998,6,26,1273,617,0.20948152496909497,177,4
1998-06-27,1998,6,27,1274,503,0.005202671163446407,178,5
1998-06-28,1998,6,28,1275,436,-0.13774525558725847,179,6
1998-06-29,1998,6,29,1276,566,0.12320657926689012,180,0
1998-06-30,1998,6,30,1277,569,0.1284929351900382,181,1
1998-07-01,1998,7,1,1278,599,0.17987409917915648,182,2
1998-07-02,1998,7,2,1279,590,0.16473503796347236,183,3
1998-07-03,1998,7,3,1280,627,0.22555904169662788,184,4
1998-07-04,1998,7,4,1281,499,-0.00278140318477414,185,5
1998-07-05,1998,7,5,1282,485,-0.031238607998809516,186,6
1998-07-06,1998,7,6,1283,569,0.1284929351900382,187,0
1998-07-07,1998,7,7,1284,652,0.26465706299036024,188,1
1998-07-08,1998,7,8,1285,644,0.2523112271680609,189,2
1998-07-09,1998,7,9,1286,585,0.1562243482955638,190,3
1998-07-10,1998,7,10,1287,588,0.16133944896233413,191,4
1998-07-11,1998,7,11,1288,463,-0.07766044485005867,192,5
1998-07-12,1998,7,12,1289,467,-0.06905824126739543,193,6
1998-07-13,1998,7,13,1290,561,0.11433340658640359,194,0
1998-07-14,1998,7,14,1291,635,0.23823749995639884,195,1
1998-07-15,1998,7,15,1292,602,0.18486994637252827,196,2
1998-07-16,1998,7,16,1293,595,0.17317390660933707,197,3
1998-07-17,1998,7,17,1294,620,0.2143319791028445,198,4
1998-07-18,1998,7,18,1295,465,-0.07335009334893643,199,5
1998-07-19,1998,7,19,1296,442,-0.12407761685859466,200,6
1998-07-20,1998,7,20,1297,602,0.18486994637252827,201,0
1998-07-21,1998,7,21,1298,610,0.19807145823106417,202,1
1998-07-22,1998,7,22,1299,581,0.14936325791561852,203,2
1998-07-23,1998,7,23,1300,643,0.2507572253013266,204,3
1998-07-24,1998,7,24,1301,592,0.1681191359477129,205,4
1998-07-25,1998,7,25,1302,463,-0.07766044485005867,206,5
1998-07-26,1998,7,26,1303,468,-0.066919203018646,207,6
1998-07-27,1998,7,27,1304,617,0.20948152496909497,208,0
1998-07-28,1998,7,28,1305,651,0.26312214327227645,209,1
1998-07-29,1998,7,29,1306,637,0.24138215663587054,210,2
1998-07-30,1998,7,30,1307,596,0.174853168129057,211,3
1998-07-31,1998,7,31,1308,657,0.27229651954831774,212,4
1998-08-01,1998,8,1,1309,488,-0.025072093083145647,213,5
1998-08-02,1998,8,2,1310,455,-0.09509007998534234,214,6
1998-08-03,1998,8,3,1311,523,0.04419396512863013,215,0
1998-08-04,1998,8,4,1312,612,0.20134478357603333,216,1
1998-08-05,1998,8,5,1313,595,0.17317390660933707,217,2
1998-08-06,1998,8,6,1314,648,0.258503197415982,218,3
1998-08-07,1998,8,7,1315,621,0.21594358299718594,219,4
1998-08-08,1998,8,8,1316,535,0.0668792479597138,220,5
1998-08-09,1998,8,9,1317,483,-0.03537084528372003,221,6
1998-08-10,1998,8,10,1318,618,0.211100958521398,222,0
1998-08-11,1998,8,11,1319,675,0.2993251919362371,223,1
1998-08-12,1998,8,12,1320,631,0.23191836360492035,224,2
1998-08-13,1998,8,13,1321,607,0.1931412921232054,225,3
1998-08-14,1998,8,14,1322,626,0.22396287216380578,226,4
1998-08-15,1998,8,15,1323,495,-0.01082973636760251,227,5
1998-08-16,1998,8,16,1324,440,-0.12861277202398594,228,6
1998-08-17,1998,8,17,1325,590,0.16473503796347236,229,0
1998-08-18,1998,8,18,1326,615,0.20623476887022504,230,1
1998-08-19,1998,8,19,1327,599,0.17987409917915648,231,2
1998-08-20,1998,8,20,1328,622,0.2175525938028867,232,3
1998-08-21,1998,8,21,1329,585,0.1562243482955638,233,4
1998-08-22,1998,8,22,1330,467,-0.06905824126739543,234,5
1998-08-23,1998,8,23,1331,473,-0.056292110444359764,235,6
1998-08-24,1998,8,24,1332,546,0.08723147680861221,236,0
1998-08-25,1998,8,25,1333,611,0.19970946023530248,237,1
1998-08-26,1998,8,26,1334,638,0.24295078440849716,238,2
1998-08-27,1998,8,27,1335,640,0.24608067741742481,239,3
1998-08-28,1998,8,28,1336,595,0.17317390660933707,240,4
1998-08-29,1998,8,29,1337,477,-0.04787100804795151,241,5
1998-08-30,1998,8,30,1338,425,-0.163298330011876,242,6
1998-08-31,1998,8,31,1339,608,0.19478738302987425,243,0
1998-09-01,1998,9,1,1340,595,0.17317390660933707,244,1
1998-09-02,1998,9,2,1341,642,0.24920080475366846,245,2
1998-09-03,1998,9,3,1342,656,0.2707732900077963,246,3
1998-09-04,1998,9,4,1343,601,0.18320743559891473,247,4
1998-09-05,1998,9,5,1344,510,0.019023226782078777,248,5
1998-09-06,1998,9,6,1345,487,-0.027123375853703034,249,6
1998-09-07,1998,9,7,1346,620,0.2143319791028445,250,0
1998-09-08,1998,9,8,1347,629,0.2287437577641477,251,1
1998-09-09,1998,9,9,1348,635,0.23823749995639884,252,2
1998-09-10,1998,9,10,1349,645,0.2538628178594797,253,3
1998-09-11,1998,9,11,1350,700,0.33569283610711187,254,4
1998-09-12,1998,9,12,1351,534,0.06500834002390198,255,5
1998-09-13,1998,9,13,1352,463,-0.07766044485005867,256,6
1998-09-14,1998,9,14,1353,604,0.1881866989985222,257,0
1998-09-15,1998,9,15,1354,638,0.24295078440849716,258,1
1998-09-16,1998,9,16,1355,622,0.2175525938028867,259,2
1998-09-17,1998,9,17,1356,651,0.26312214327227645,260,3
1998-09-18,1998,9,18,1357,637,0.24138215663587054,261,4
1998-09-19,1998,9,19,1358,503,0.005202671163446407,262,5
1998-09-20,1998,9,20,1359,509,0.017060517614229952,263,6
1998-09-21,1998,9,21,1360,583,0.1527996874141997,264,0
1998-09-22,1998,9,22,1361,628,0.22715266753190594,265,1
1998-09-23,1998,9,23,1362,681,0.3081748072132196,266,2
1998-09-24,1998,9,24,1363,706,0.34422773855694927,267,3
1998-09-25,1998,9,25,1364,691,0.32275232483137717,268,4
1998-09-26,1998,9,26,1365,536,0.06874666213450913,269,5
1998-09-27,1998,9,27,1366,498,-0.0047874219116398825,270,6
1998-09-28,1998,9,28,1367,584,0.15451348389193428,271,0
1998-09-29,1998,9,29,1368,687,0.31694679328605657,272,1
1998-09-30,1998,9,30,1369,662,0.2798780570007155,273,2
1998-10-01,1998,10,1,1370,622,0.2175525938028867,274,3
1998-10-02,1998,10,2,1371,615,0.20623476887022504,275,4
1998-10-03,1998,10,3,1372,462,-0.0798226078545539,276,5
1998-10-04,1998,10,4,1373,465,-0.07335009334893643,277,6
1998-10-05,1998,10,5,1374,581,0.14936325791561852,278,0
1998-10-06,1998,10,6,1375,631,0.23191836360492035,279,1
1998-10-07,1998,10,7,1376,628,0.22715266753190594,280,2
1998-10-08,1998,10,8,1377,598,0.17820325501433898,281,3
1998-10-09,1998,10,9,1378,648,0.258503197415982,282,4
1998-10-10,1998,10,10,1379,520,0.038441312639180374,283,5
1998-10-11,1998,10,11,1380,442,-0.12407761685859466,284,6
1998-10-12,1998,10,12,1381,593,0.16980690006143276,285,0
1998-10-13,1998,10,13,1382,580,0.14764060460417222,286,1
1998-10-14,1998,10,14,1383,587,0.15963732089180377,287,2
1998-10-15,1998,10,15,1384,581,0.14936325791561852,288,3
1998-10-16,1998,10,16,1385,588,0.16133944896233413,289,4
1998-10-17,1998,10,17,1386,476,-0.04996964470487272,290,5
1998-10-18,1998,10,18,1387,448,-0.1105942665213076,291,6
1998-10-19,1998,10,19,1388,562,0.11611435095739826,292,0
1998-10-20,1998,10,20,1389,601,0.18320743559891473,293,1
1998-10-21,1998,10,21,1390,623,0.21915901985116032,294,2
1998-10-22,1998,10,22,1391,599,0.17987409917915648,295,3
1998-10-23,1998,10,23,1392,531,0.05937452230564608,296,4
1998-10-24,1998,10,24,1393,435,-0.1400414678476087,297,5
1998-10-25,1998,10,25,1394,464,-0.07550294671003747,298,6
1998-10-26,1998,10,26,1395,532,0.06125599040535152,299,0
1998-10-27,1998,10,27,1396,575,0.13898254186105774,300,1
1998-10-28,1998,10,28,1397,611,0.19970946023530248,301,2
1998-10-29,1998,10,29,1398,622,0.2175525938028867,302,3
1998-10-30,1998,10,30,1399,564,0.11966675256176608,303,4
1998-10-31,1998,10,31,1400,438,-0.13316858855984665,304,5
1998-11-01,1998,11,1,1401,448,-0.1105942665213076,305,6
1998-11-02,1998,11,2,1402,589,0.163038684715294,306,0
1998-11-03,1998,11,3,1403,610,0.19807145823106417,307,1
1998-11-04,1998,11,4,1404,565,0.12143823221014823,308,2
1998-11-05,1998,11,5,1405,602,0.18486994637252827,309,3
1998-11-06,1998,11,6,1406,595,0.17317390660933707,310,4
1998-11-07,1998,11,7,1407,442,-0.12407761685859466,311,5
1998-11-08,1998,11,8,1408,440,-0.12861277202398594,312,6
1998-11-09,1998,11,9,1409,551,0.09634731021662175,313,0
1998-11-10,1998,11,10,1410,633,0.23508292320788338,314,1
1998-11-11,1998,11,11,1411,592,0.1681191359477129,315,2
1998-11-12,1998,11,12,1412,557,0.1071777409909913,316,3
1998-11-13,1998,11,13,1413,549,0.09271094257323789,317,4
1998-11-14,1998,11,14,1414,459,-0.0863372888757476,318,5
1998-11-15,1998,11,15,1415,415,-0.18710897870559454,319,6
1998-11-16,1998,11,16,1416,573,0.13549821777844687,320,0
1998-11-17,1998,11,17,1417,626,0.22396287216380578,321,1
1998-11-18,1998,11,18,1418,600,0.1815421562798536,322,2
1998-11-19,1998,11,19,1419,541,0.07803177991018878,323,3
1998-11-20,1998,11,20,1420,603,0.1865296977908926,324,4
1998-11-21,1998,11,21,1421,406,-0.20903433933456006,325,5
1998-11-22,1998,11,22,1422,393,-0.2415778870670315,326,6
1998-11-23,1998,11,23,1423,502,0.0032126207554365057,327,0
1998-11-24,1998,11,24,1424,570,0.13024886189230303,328,1
1998-11-25,1998,11,25,1425,583,0.1527996874141997,329,2
1998-11-26,1998,11,26,1426,582,0.15108294879514503,330,3
1998-11-27,1998,11,27,1427,580,0.14764060460417222,331,4
1998-11-28,1998,11,28,1428,439,-0.13088808586112144,332,5
1998-11-29,1998,11,29,1429,420,-0.17513278765887882,333,6
1998-11-30,1998,11,30,1430,543,0.08172182099764269,334,0
1998-12-01,1998,12,1,1431,578,0.14418636973608467,335,1
1998-12-02,1998,12,2,1432,581,0.14936325791561852,336,2
1998-12-03,1998,12,3,1433,545,0.08539829572695133,337,3
1998-12-04,1998,12,4,1434,549,0.09271094257323789,338,4
1998-12-05,1998,12,5,1435,371,-0.29918543632885763,339,5
1998-12-06,1998,12,6,1436,441,-0.12634262348944678,340,6
1998-12-07,1998,12,7,1437,541,0.07803177991018878,341,0
1998-12-08,1998,12,8,1438,532,0.06125599040535152,342,1
1998-12-09,1998,12,9,1439,549,0.09271094257323789,343,2
1998-12-10,1998,12,10,1440,562,0.11611435095739826,344,3
1998-12-11,1998,12,11,1441,541,0.07803177991018878,345,4
1998-12-12,1998,12,12,1442,430,-0.15160229024868468,346,5
1998-12-13,1998,12,13,1443,426,-0.1609481526669224,347,6
1998-12-14,1998,12,14,1444,540,0.07618164062202722,348,0
1998-12-15,1998,12,15,1445,621,0.21594358299718594,349,1
1998-12-16,1998,12,16,1446,564,0.11966675256176608,350,2
1998-12-17,1998,12,17,1447,543,0.08172182099764269,351,3
1998-12-18,1998,12,18,1448,599,0.17987409917915648,352,4
1998-12-19,1998,12,19,1449,473,-0.056292110444359764,353,5
1998-12-20,1998,12,20,1450,424,-0.16565404370433506,354,6
1998-12-21,1998,12,21,1451,530,0.05748950760987465,355,0
1998-12-22,1998,12,22,1452,590,0.16473503796347236,356,1
1998-12-23,1998,12,23,1453,521,0.040362542817074146,357,2
1998-12-24,1998,12,24,1454,523,0.04419396512863013,358,3
1998-12-25,1998,12,25,1455,395,-0.23650173403517086,359,4
1998-12-26,1998,12,26,1456,429,-0.15393058000827584,360,5
1998-12-27,1998,12,27,1457,449,-0.10836461119403848,361,6
1998-12-28,1998,12,28,1458,510,0.019023226782078777,362,0
1998-12-29,1998,12,29,1459,564,0.11966675256176608,363,1
1998-12-30,1998,12,30,1460,603,0.1865296977908926,364,2
1998-12-31,1998,12,31,1461,470,-0.06265480423218847,365,3
1999-01-01,1999,1,1,1462,394,-0.23903658963835892,1,4
1999-01-02,1999,1,2,1463,457,-0.09070410804208806,2,5
1999-01-03,1999,1,3,1464,451,-0.10392015943361442,3,6
1999-01-04,1999,1,4,1465,585,0.1562243482955638,4,0
1999-01-05,1999,1,5,1466,608,0.19478738302987425,5,1
1999-01-06,1999,1,6,1467,566,0.12320657926689012,6,2
1999-01-07,1999,1,7,1468,540,0.07618164062202722,7,3
1999-01-08,1999,1,8,1469,583,0.1527996874141997,8,4
1999-01-09,1999,1,9,1470,421,-0.1727546652539114,9,5
1999-01-10,1999,1,10,1471,414,-0.18952152511097844,10,6
1999-01-11,1999,1,11,1472,544,0.08356174791964978,11,0
1999-01-12,1999,1,12,1473,589,0.163038684715294,12,1
1999-01-13,1999,1,13,1474,596,0.174853168129057,13,2
1999-01-14,1999,1,14,1475,609,0.1964307687736042,14,3
1999-01-15,1999,1,15,1476,588,0.16133944896233413,15,4
1999-01-16,1999,1,16,1477,449,-0.10836461119403848,16,5
1999-01-17,1999,1,17,1478,432,-0.14696191069218248,17,6
1999-01-18,1999,1,18,1479,539,0.07432807197270441,18,0
1999-01-19,1999,1,19,1480,596,0.174853168129057,19,1
1999-01-20,1999,1,20,1481,560,0.1125492847929021,20,2
1999-01-21,1999,1,21,1482,578,0.14418636973608467,21,3
1999-01-22,1999,1,22,1483,554,0.10177718781099099,22,4
1999-01-23,1999,1,23,1484,442,-0.12407761685859466,23,5
1999-01-24,1999,1,24,1485,428,-0.156264303354496,24,6
1999-01-25,1999,1,25,1486,556,0.10538079531428955,25,0
1999-01-26,1999,1,26,1487,592,0.1681191359477129,26,1
1999-01-27,1999,1,27,1488,570,0.13024886189230303,27,2
1999-01-28,1999,1,28,1489,609,0.1964307687736042,28,3
1999-01-29,1999,1,29,1490,559,0.11076197421880644,29,4
1999-01-30,1999,1,30,1491,397,-0.2314512182491023,30,5
1999-01-31,1999,1,31,1492,412,-0.19436414958676645,31,6
1999-02-01,1999,2,1,1493,549,0.09271094257323789,32,0
1999-02-02,1999,2,2,1494,554,0.10177718781099099,33,1
1999-02-03,1999,2,3,1495,564,0.11966675256176608,34,2
1999-02-04,1999,2,4,1496,598,0.17820325501433898,35,3
1999-02-05,1999,2,5,1497,605,0.18984095909454862,36,4
1999-02-06,1999,2,6,1498,449,-0.10836461119403848,37,5
1999-02-07,1999,2,7,1499,461,-0.08198945593964423,38,6
1999-02-08,1999,2,8,1500,574,0.1372418973832736,39,0
1999-02-09,1999,2,9,1501,606,0.1914924871330217,40,1
1999-02-10,1999,2,10,1502,598,0.17820325501433898,41,2
1999-02-11,1999,2,11,1503,590,0.16473503796347236,42,3
1999-02-12,1999,2,12,1504,588,0.16133944896233413,43,4
1999-02-13,1999,2,13,1505,452,-0.10170531910406158,44,5
1999-02-14,1999,2,14,1506,424,-0.16565404370433506,45,6
1999-02-15,1999,2,15,1507,572,0.1337514924435051,46,0
1999-02-16,1999,2,16,1508,613,0.20297743699991855,47,1
1999-02-17,1999,2,17,1509,605,0.18984095909454862,48,2
1999-02-18,1999,2,18,1510,551,0.09634731021662175,49,3
1999-02-19,1999,2,19,1511,528,0.053708784769968605,50,4
1999-02-20,1999,2,20,1512,492,-0.016908782443984704,51,5
1999-02-21,1999,2,21,1513,436,-0.13774525558725847,52,6
1999-02-22,1999,2,22,1514,597,0.1765296144563094,53,0
1999-02-23,1999,2,23,1515,655,0.26924773669895913,54,1
1999-02-24,1999,2,24,1516,594,0.17149182042635217,55,2
1999-02-25,1999,2,25,1517,557,0.1071777409909913,56,3
1999-02-26,1999,2,26,1518,535,0.0668792479597138,57,4
1999-02-27,1999,2,27,1519,427,-0.15860348570766825,58,5
1999-02-28,1999,2,28,1520,417,-0.18230127713749136,59,6
1999-03-01,1999,3,1,1521,571,0.1320017107197175,60,0
1999-03-02,1999,3,2,1522,585,0.1562243482955638,61,1
1999-03-03,1999,3,3,1523,604,0.1881866989985222,62,2
1999-03-04,1999,3,4,1524,618,0.211100958521398,63,3
1999-03-05,1999,3,5,1525,572,0.1337514924435051,64,4
1999-03-06,1999,3,6,1526,447,-0.11282890432272394,65,5
1999-03-07,1999,3,7,1527,448,-0.1105942665213076,66,6
1999-03-08,1999,3,8,1528,534,0.06500834002390198,67,0
1999-03-09,1999,3,9,1529,606,0.1914924871330217,68,1
1999-03-10,1999,3,10,1530,578,0.14418636973608467,69,2
1999-03-11,1999,3,11,1531,560,0.1125492847929021,70,3
1999-03-12,1999,3,12,1532,536,0.06874666213450913,71,4
1999-03-13,1999,3,13,1533,471,-0.060529404919874984,72,5
1999-03-14,1999,3,14,1534,416,-0.18470223867502955,73,6
1999-03-15,1999,3,15,1535,554,0.10177718781099099,74,0
1999-03-16,1999,3,16,1536,612,0.20134478357603333,75,1
1999-03-17,1999,3,17,1537,569,0.1284929351900382,76,2
1999-03-18,1999,3,18,1538,583,0.1527996874141997,77,3
1999-03-19,1999,3,19,1539,545,0.08539829572695133,78,4
1999-03-20,1999,3,20,1540,437,-0.13545430384070264,79,5
1999-03-21,1999,3,21,1541,406,-0.20903433933456006,80,6
1999-03-22,1999,3,22,1542,567,0.12497180479145936,81,0
1999-03-23,1999,3,23,1543,597,0.1765296144563094,82,1
1999-03-24,1999,3,24,1544,593,0.16980690006143276,83,2
1999-03-25,1999,3,25,1545,568,0.12673391978485854,84,3
1999-03-26,1999,3,26,1546,573,0.13549821777844687,85,4
1999-03-27,1999,3,27,1547,453,-0.09949537345325875,86,5
1999-03-28,1999,3,28,1548,420,-0.17513278765887882,87,6
1999-03-29,1999,3,29,1549,563,0.11789212920339767,88,0
1999-03-30,1999,3,30,1550,638,0.24295078440849716,89,1
1999-03-31,1999,3,31,1551,594,0.17149182042635217,90,2
1999-04-01,1999,4,1,1552,588,0.16133944896233413,91,3
1999-04-02,1999,4,2,1553,574,0.1372418973832736,92,4
1999-04-03,1999,4,3,1554,475,-0.05207269490165152,93,5
1999-04-04,1999,4,4,1555,444,-0.11956293650406802,94,6
1999-04-05,1999,4,5,1556,468,-0.066919203018646,95,0
1999-04-06,1999,4,6,1557,555,0.10358061481014179,96,1
1999-04-07,1999,4,7,1558,632,0.2335018952105647,97,2
1999-04-08,1999,4,8,1559,593,0.16980690006143276,98,3
1999-04-09,1999,4,9,1560,638,0.24295078440849716,99,4
1999-04-10,1999,4,10,1561,445,-0.11731321677005256,100,5
1999-04-11,1999,4,11,1562,419,-0.1775165790141551,101,6
1999-04-12,1999,4,12,1563,604,0.1881866989985222,102,0
1999-04-13,1999,4,13,1564,625,0.22236415080010868,103,1
1999-04-14,1999,4,14,1565,600,0.1815421562798536,104,2
1999-04-15,1999,4,15,1566,571,0.1320017107197175,105,3
1999-04-16,1999,4,16,1567,641,0.24764195798437724,106,4
1999-04-17,1999,4,17,1568,485,-0.031238607998809516,107,5
1999-04-18,1999,4,18,1569,494,-0.012851981748370309,108,6
1999-04-19,1999,4,19,1570,571,0.1320017107197175,109,0
1999-04-20,1999,4,20,1571,642,0.24920080475366846,110,1
1999-04-21,1999,4,21,1572,624,0.22076286943313492,111,2
1999-04-22,1999,4,22,1573,625,0.22236415080010868,112,3
1999-04-23,1999,4,23,1574,616,0.20785946459722704,113,4
1999-04-24,1999,4,24,1575,490,-0.020982107831620526,114,5
1999-04-25,1999,4,25,1576,426,-0.1609481526669224,115,6
1999-04-26,1999,4,26,1577,556,0.10538079531428955,116,0
1999-04-27,1999,4,27,1578,650,0.2615848639533901,117,1
1999-04-28,1999,4,28,1579,656,0.2707732900077963,118,2
1999-04-29,1999,4,29,1580,638,0.24295078440849716,119,3
1999-04-30,1999,4,30,1581,535,0.0668792479597138,120,4
1999-05-01,1999,5,1,1582,471,-0.060529404919874984,121,5
1999-05-02,1999,5,2,1583,500,-0.0007794005141010613,122,6
1999-05-03,1999,5,3,1584,601,0.18320743559891473,123,0
1999-05-04,1999,5,4,1585,608,0.19478738302987425,124,1
1999-05-05,1999,5,5,1586,539,0.07432807197270441,125,2
1999-05-06,1999,5,6,1587,623,0.21915901985116032,126,3
1999-05-07,1999,5,7,1588,622,0.2175525938028867,127,4
1999-05-08,1999,5,8,1589,549,0.09271094257323789,128,5
1999-05-09,1999,5,9,1590,439,-0.13088808586112144,129,6
1999-05-10,1999,5,10,1591,553,0.09997050258604206,130,0
1999-05-11,1999,5,11,1592,602,0.18486994637252827,131,1
1999-05-12,1999,5,12,1593,600,0.1815421562798536,132,2
1999-05-13,1999,5,13,1594,467,-0.06905824126739543,133,3
1999-05-14,1999,5,14,1595,504,0.007188769135075929,134,4
1999-05-15,1999,5,15,1596,451,-0.10392015943361442,135,5
1999-05-16,1999,5,16,1597,392,-0.2441256591458302,136,6
1999-05-17,1999,5,17,1598,545,0.08539829572695133,137,0
1999-05-18,1999,5,18,1599,603,0.1865296977908926,138,1
1999-05-19,1999,5,19,1600,567,0.12497180479145936,139,2
1999-05-20,1999,5,20,1601,608,0.19478738302987425,140,3
1999-05-21,1999,5,21,1602,563,0.11789212920339767,141,4
1999-05-22,1999,5,22,1603,492,-0.016908782443984704,142,5
1999-05-23,1999,5,23,1604,406,-0.20903433933456006,143,6
1999-05-24,1999,5,24,1605,440,-0.12861277202398594,144,0
1999-05-25,1999,5,25,1606,504,0.007188769135075929,145,1
1999-05-26,1999,5,26,1607,555,0.10358061481014179,146,2
1999-05-27,1999,5,27,1608,589,0.163038684715294,147,3
1999-05-28,1999,5,28,1609,581,0.14936325791561852,148,4
1999-05-29,1999,5,29,1610,444,-0.11956293650406802,149,5
1999-05-30,1999,5,30,1611,439,-0.13088808586112144,150,6
1999-05-31,1999,5,31,1612,522,0.04228008894634606,151,0
1999-06-01,1999,6,1,1613,595,0.17317390660933707,152,1
1999-06-02,1999,6,2,1614,580,0.14764060460417222,153,2
1999-06-03,1999,6,3,1615,621,0.21594358299718594,154,3
1999-06-04,1999,6,4,1616,590,0.16473503796347236,155,4
1999-06-05,1999,6,5,1617,461,-0.08198945593964423,156,5
1999-06-06,1999,6,6,1618,507,0.01312350465489037,157,6
1999-06-07,1999,6,7,1619,580,0.14764060460417222,158,0
1999-06-08,1999,6,8,1620,624,0.22076286943313492,159,1
1999-06-09,1999,6,9,1621,563,0.11789212920339767,160,2
1999-06-10,1999,6,10,1622,661,0.27836634091539353,161,3
1999-06-11,1999,6,11,1623,574,0.1372418973832736,162,4
1999-06-12,1999,6,12,1624,446,-0.11506854691622871,163,5
1999-06-13,1999,6,13,1625,501,0.0012186021485719963,164,6
1999-06-14,1999,6,14,1626,568,0.12673391978485854,165,0
1999-06-15,1999,6,15,1627,633,0.23508292320788338,166,1
1999-06-16,1999,6,16,1628,619,0.21271777374830328,167,2
1999-06-17,1999,6,17,1629,613,0.20297743699991855,168,3
1999-06-18,1999,6,18,1630,539,0.07432807197270441,169,4
1999-06-19,1999,6,19,1631,489,-0.023025009461420796,170,5
1999-06-20,1999,6,20,1632,495,-0.01082973636760251,171,6
1999-06-21,1999,6,21,1633,556,0.10538079531428955,172,0
1999-06-22,1999,6,22,1634,615,0.20623476887022504,173,1
1999-06-23,1999,6,23,1635,606,0.1914924871330217,174,2
1999-06-24,1999,6,24,1636,584,0.15451348389193428,175,3
1999-06-25,1999,6,25,1637,622,0.2175525938028867,176,4
1999-06-26,1999,6,26,1638,445,-0.11731321677005256,177,5
1999-06-27,1999,6,27,1639,462,-0.0798226078545539,178,6
1999-06-28,1999,6,28,1640,627,0.22555904169662788,179,0
1999-06-29,1999,6,29,1641,563,0.11789212920339767,180,1
1999-06-30,1999,6,30,1642,602,0.18486994637252827,181,2
1999-07-01,1999,7,1,1643,578,0.14418636973608467,182,3
1999-07-02,1999,7,2,1644,677,0.3022837739759822,183,4
1999-07-03,1999,7,3,1645,561,0.11433340658640359,184,5
1999-07-04,1999,7,4,1646,471,-0.060529404919874984,185,6
1999-07-05,1999,7,5,1647,639,0.244516955441242,186,0
1999-07-06,1999,7,6,1648,570,0.13024886189230303,187,1
1999-07-07,1999,7,7,1649,613,0.20297743699991855,188,2
1999-07-08,1999,7,8,1650,589,0.163038684715294,189,3
1999-07-09,1999,7,9,1651,606,0.1914924871330217,190,4
1999-07-10,1999,7,10,1652,501,0.0012186021485719963,191,5
1999-07-11,1999,7,11,1653,440,-0.12861277202398594,192,6
1999-07-12,1999,7,12,1654,591,0.16642851846980553,193,0
1999-07-13,1999,7,13,1655,570,0.13024886189230303,194,1
1999-07-14,1999,7,14,1656,628,0.22715266753190594,195,2
1999-07-15,1999,7,15,1657,601,0.18320743559891473,196,3
1999-07-16,1999,7,16,1658,582,0.15108294879514503,197,4
1999-07-17,1999,7,17,1659,444,-0.11956293650406802,198,5
1999-07-18,1999,7,18,1660,444,-0.11956293650406802,199,6
1999-07-19,1999,7,19,1661,586,0.15793229064071984,200,0
1999-07-20,1999,7,20,1662,625,0.22236415080010868,201,1
1999-07-21,1999,7,21,1663,662,0.2798780570007155,202,2
1999-07-22,1999,7,22,1664,546,0.08723147680861221,203,3
1999-07-23,1999,7,23,1665,570,0.13024886189230303,204,4
1999-07-24,1999,7,24,1666,483,-0.03537084528372003,205,5
1999-07-25,1999,7,25,1667,455,-0.09509007998534234,206,6
1999-07-26,1999,7,26,1668,607,0.1931412921232054,207,0
1999-07-27,1999,7,27,1669,599,0.17987409917915648,208,1
1999-07-28,1999,7,28,1670,628,0.22715266753190594,209,2
1999-07-29,1999,7,29,1671,628,0.22715266753190594,210,3
1999-07-30,1999,7,30,1672,647,0.25695879556460777,211,4
1999-07-31,1999,7,31,1673,497,-0.006797472839664082,212,5
1999-08-01,1999,8,1,1674,481,-0.03952022883053154,213,6
1999-08-02,1999,8,2,1675,597,0.1765296144563094,214,0
1999-08-03,1999,8,3,1676,648,0.258503197415982,215,1
1999-08-04,1999,8,4,1677,628,0.22715266753190594,216,2
1999-08-05,1999,8,5,1678,622,0.2175525938028867,217,3
1999-08-06,1999,8,6,1679,615,0.20623476887022504,218,4
1999-08-07,1999,8,7,1680,484,-0.03330259221966101,219,5
1999-08-08,1999,8,8,1681,475,-0.05207269490165152,220,6
1999-08-09,1999,8,9,1682,596,0.174853168129057,221,0
1999-08-10,1999,8,10,1683,613,0.20297743699991855,222,1
1999-08-11,1999,8,11,1684,566,0.12320657926689012,223,2
1999-08-12,1999,8,12,1685,627,0.22555904169662788,224,3
1999-08-13,1999,8,13,1686,609,0.1964307687736042,225,4
1999-08-14,1999,8,14,1687,470,-0.06265480423218847,226,5
1999-08-15,1999,8,15,1688,449,-0.10836461119403848,227,6
1999-08-16,1999,8,16,1689,635,0.23823749995639884,228,0
1999-08-17,1999,8,17,1690,613,0.20297743699991855,229,1
1999-08-18,1999,8,18,1691,612,0.20134478357603333,230,2
1999-08-19,1999,8,19,1692,659,0.27533603556621444,231,3
1999-08-20,1999,8,20,1693,601,0.18320743559891473,232,4
1999-08-21,1999,8,21,1694,459,-0.0863372888757476,233,5
1999-08-22,1999,8,22,1695,436,-0.13774525558725847,234,6
1999-08-23,1999,8,23,1696,563,0.11789212920339767,235,0
1999-08-24,1999,8,24,1697,639,0.244516955441242,236,1
1999-08-25,1999,8,25,1698,601,0.18320743559891473,237,2
1999-08-26,1999,8,26,1699,605,0.18984095909454862,238,3
1999-08-27,1999,8,27,1700,632,0.2335018952105647,239,4
1999-08-28,1999,8,28,1701,508,0.01509394864218921,240,5
1999-08-29,1999,8,29,1702,421,-0.1727546652539114,241,6
1999-08-30,1999,8,30,1703,608,0.19478738302987425,242,0
1999-08-31,1999,8,31,1704,641,0.24764195798437724,243,1
1999-09-01,1999,9,1,1705,646,0.25541200484630916,244,2
1999-09-02,1999,9,2,1706,588,0.16133944896233413,245,3
1999-09-03,1999,9,3,1707,613,0.20297743699991855,246,4
1999-09-04,1999,9,4,1708,499,-0.00278140318477414,247,5
1999-09-05,1999,9,5,1709,433,-0.14464977093380296,248,6
1999-09-06,1999,9,6,1710,604,0.1881866989985222,249,0
1999-09-07,1999,9,7,1711,646,0.25541200484630916,250,1
1999-09-08,1999,9,8,1712,619,0.21271777374830328,251,2
1999-09-09,1999,9,9,1713,651,0.26312214327227645,252,3
1999-09-10,1999,9,10,1714,614,0.2046074292108497,253,4
1999-09-11,1999,9,11,1715,477,-0.04787100804795151,254,5
1999-09-12,1999,9,12,1716,533,0.06313392522955179,255,6
1999-09-13,1999,9,13,1717,566,0.12320657926689012,256,0
1999-09-14,1999,9,14,1718,658,0.2738174323890245,257,1
1999-09-15,1999,9,15,1719,584,0.15451348389193428,258,2
1999-09-16,1999,9,16,1720,644,0.2523112271680609,259,3
1999-09-17,1999,9,17,1721,579,0.14591497863670255,260,4
1999-09-18,1999,9,18,1722,503,0.005202671163446407,261,5
1999-09-19,1999,9,19,1723,490,-0.020982107831620526,262,6
1999-09-20,1999,9,20,1724,626,0.22396287216380578,263,0
1999-09-21,1999,9,21,1725,682,0.3096421589071693,264,1
1999-09-22,1999,9,22,1726,646,0.25541200484630916,265,2
1999-09-23,1999,9,23,1727,623,0.21915901985116032,266,3
1999-09-24,1999,9,24,1728,631,0.23191836360492035,267,4
1999-09-25,1999,9,25,1729,506,0.01114917035117286,268,5
1999-09-26,1999,9,26,1730,467,-0.06905824126739543,269,6
1999-09-27,1999,9,27,1731,529,0.05560093292200662,270,0
1999-09-28,1999,9,28,1732,637,0.24138215663587054,271,1
1999-09-29,1999,9,29,1733,635,0.23823749995639884,272,2
1999-09-30,1999,9,30,1734,637,0.24138215663587054,273,3
1999-10-01,1999,10,1,1735,630,0.23033232044928564,274,4
1999-10-02,1999,10,2,1736,476,-0.04996964470487272,275,5
1999-10-03,1999,10,3,1737,482,-0.03744338488569241,276,6
1999-10-04,1999,10,4,1738,600,0.1815421562798536,277,0
1999-10-05,1999,10,5,1739,587,0.15963732089180377,278,1
1999-10-06,1999,10,6,1740,606,0.1914924871330217,279,2
1999-10-07,1999,10,7,1741,552,0.09816054734080248,280,3
1999-10-08,1999,10,8,1742,543,0.08172182099764269,281,4
1999-10-09,1999,10,9,1743,436,-0.13774525558725847,282,5
1999-10-10,1999,10,10,1744,458,-0.0885183148221078,283,6
1999-10-11,1999,10,11,1745,592,0.1681191359477129,284,0
1999-10-12,1999,10,12,1746,625,0.22236415080010868,285,1
1999-10-13,1999,10,13,1747,614,0.2046074292108497,286,2
1999-10-14,1999,10,14,1748,582,0.15108294879514503,287,3
1999-10-15,1999,10,15,1749,563,0.11789212920339767,288,4
1999-10-16,1999,10,16,1750,419,-0.1775165790141551,289,5
1999-10-17,1999,10,17,1751,429,-0.15393058000827584,290,6
1999-10-18,1999,10,18,1752,543,0.08172182099764269,291,0
1999-10-19,1999,10,19,1753,546,0.08723147680861221,292,1
1999-10-20,1999,10,20,1754,553,0.09997050258604206,293,2
1999-10-21,1999,10,21,1755,536,0.06874666213450913,294,3
1999-10-22,1999,10,22,1756,613,0.20297743699991855,295,4
1999-10-23,1999,10,23,1757,454,-0.09729030089494478,296,5
1999-10-24,1999,10,24,1758,420,-0.17513278765887882,297,6
1999-10-25,1999,10,25,1759,602,0.18486994637252827,298,0
1999-10-26,1999,10,26,1760,593,0.16980690006143276,299,1
1999-10-27,1999,10,27,1761,558,0.10897146344501811,300,2
1999-10-28,1999,10,28,1762,617,0.20948152496909497,301,3
1999-10-29,1999,10,29,1763,565,0.12143823221014823,302,4
1999-10-30,1999,10,30,1764,449,-0.10836461119403848,303,5
1999-10-31,1999,10,31,1765,448,-0.1105942665213076,304,6
1999-11-01,1999,11,1,1766,532,0.06125599040535152,305,0
1999-11-02,1999,11,2,1767,587,0.15963732089180377,306,1
1999-11-03,1999,11,3,1768,592,0.1681191359477129,307,2
1999-11-04,1999,11,4,1769,549,0.09271094257323789,308,3
1999-11-05,1999,11,5,1770,554,0.10177718781099099,309,4
1999-11-06,1999,11,6,1771,458,-0.0885183148221078,310,5
1999-11-07,1999,11,7,1772,419,-0.1775165790141551,311,6
1999-11-08,1999,11,8,1773,528,0.053708784769968605,312,0
1999-11-09,1999,11,9,1774,580,0.14764060460417222,313,1
1999-11-10,1999,11,10,1775,611,0.19970946023530248,314,2
1999-11-11,1999,11,11,1776,568,0.12673391978485854,315,3
1999-11-12,1999,11,12,1777,536,0.06874666213450913,316,4
1999-11-13,1999,11,13,1778,461,-0.08198945593964423,317,5
1999-11-14,1999,11,14,1779,459,-0.0863372888757476,318,6
1999-11-15,1999,11,15,1780,548,0.0908877880117227,319,0
1999-11-16,1999,11,16,1781,565,0.12143823221014823,320,1
1999-11-17,1999,11,17,1782,551,0.09634731021662175,321,2
1999-11-18,1999,11,18,1783,543,0.08172182099764269,322,3
1999-11-19,1999,11,19,1784,541,0.07803177991018878,323,4
1999-11-20,1999,11,20,1785,448,-0.1105942665213076,324,5
1999-11-21,1999,11,21,1786,450,-0.10613991617192732,325,6
1999-11-22,1999,11,22,1787,563,0.11789212920339767,326,0
1999-11-23,1999,11,23,1788,591,0.16642851846980553,327,1
1999-11-24,1999,11,24,1789,578,0.14418636973608467,328,2
1999-11-25,1999,11,25,1790,553,0.09997050258604206,329,3
1999-11-26,1999,11,26,1791,599,0.17987409917915648,330,4
1999-11-27,1999,11,27,1792,449,-0.10836461119403848,331,5
1999-11-28,1999,11,28,1793,456,-0.09289468942190668,332,6
1999-11-29,1999,11,29,1794,541,0.07803177991018878,333,0
1999-11-30,1999,11,30,1795,573,0.13549821777844687,334,1
1999-12-01,1999,12,1,1796,569,0.1284929351900382,335,2
1999-12-02,1999,12,2,1797,580,0.14764060460417222,336,3
1999-12-03,1999,12,3,1798,543,0.08172182099764269,337,4
1999-12-04,1999,12,4,1799,452,-0.10170531910406158,338,5
1999-12-05,1999,12,5,1800,433,-0.14464977093380296,339,6
1999-12-06,1999,12,6,1801,528,0.053708784769968605,340,0
1999-12-07,1999,12,7,1802,569,0.1284929351900382,341,1
1999-12-08,1999,12,8,1803,613,0.20297743699991855,342,2
1999-12-09,1999,12,9,1804,577,0.14245476757180686,343,3
1999-12-10,1999,12,10,1805,567,0.12497180479145936,344,4
1999-12-11,1999,12,11,1806,447,-0.11282890432272394,345,5
1999-12-12,1999,12,12,1807,412,-0.19436414958676645,346,6
1999-12-13,1999,12,13,1808,567,0.12497180479145936,347,0
1999-12-14,1999,12,14,1809,583,0.1527996874141997,348,1
1999-12-15,1999,12,15,1810,527,0.051813049605069564,349,2
1999-12-16,1999,12,16,1811,596,0.174853168129057,350,3
1999-12-17,1999,12,17,1812,590,0.16473503796347236,351,4
1999-12-18,1999,12,18,1813,462,-0.0798226078545539,352,5
1999-12-19,1999,12,19,1814,451,-0.10392015943361442,353,6
1999-12-20,1999,12,20,1815,555,0.10358061481014179,354,0
1999-12-21,1999,12,21,1816,569,0.1284929351900382,355,1
1999-12-22,1999,12,22,1817,575,0.13898254186105774,356,2
1999-12-23,1999,12,23,1818,581,0.14936325791561852,357,3
1999-12-24,1999,12,24,1819,526,0.04991371380141699,358,4
1999-12-25,1999,12,25,1820,400,-0.22392295182831073,359,5
1999-12-26,1999,12,26,1821,434,-0.14234296483588793,360,6
1999-12-27,1999,12,27,1822,532,0.06125599040535152,361,0
1999-12-28,1999,12,28,1823,576,0.14072016175959845,362,1
1999-12-29,1999,12,29,1824,581,0.14936325791561852,363,2
1999-12-30,1999,12,30,1825,572,0.1337514924435051,364,3
1999-12-31,1999,12,31,1826,460,-0.08416100945315207,365,4
2000-01-01,2000,1,1,1827,416,-0.18470223867502955,1,5
2000-01-02,2000,1,2,1828,445,-0.11731321677005256,2,6
2000-01-03,2000,1,3,1829,564,0.11966675256176608,3,0
2000-01-04,2000,1,4,1830,565,0.12143823221014823,4,1
2000-01-05,2000,1,5,1831,630,0.23033232044928564,5,2
2000-01-06,2000,1,6,1832,592,0.1681191359477129,6,3
2000-01-07,2000,1,7,1833,608,0.19478738302987425,7,4
2000-01-08,2000,1,8,1834,495,-0.01082973636760251,8,5
2000-01-09,2000,1,9,1835,475,-0.05207269490165152,9,6
2000-01-10,2000,1,10,1836,552,0.09816054734080248,10,0
2000-01-11,2000,1,11,1837,611,0.19970946023530248,11,1
2000-01-12,2000,1,12,1838,604,0.1881866989985222,12,2
2000-01-13,2000,1,13,1839,538,0.07247106122549156,13,3
2000-01-14,2000,1,14,1840,594,0.17149182042635217,14,4
2000-01-15,2000,1,15,1841,423,-0.16801531989001484,15,5
2000-01-16,2000,1,16,1842,443,-0.12181772889115713,16,6
2000-01-17,2000,1,17,1843,552,0.09816054734080248,17,0
2000-01-18,2000,1,18,1844,704,0.3413908572217496,18,1
2000-01-19,2000,1,19,1845,587,0.15963732089180377,19,2
2000-01-20,2000,1,20,1846,571,0.1320017107197175,20,3
2000-01-21,2000,1,21,1847,641,0.24764195798437724,21,4
2000-01-22,2000,1,22,1848,496,-0.008811572211365326,22,5
2000-01-23,2000,1,23,1849,451,-0.10392015943361442,23,6
2000-01-24,2000,1,24,1850,580,0.14764060460417222,24,0
2000-01-25,2000,1,25,1851,591,0.16642851846980553,25,1
2000-01-26,2000,1,26,1852,593,0.16980690006143276,26,2
2000-01-27,2000,1,27,1853,577,0.14245476757180686,27,3
2000-01-28,2000,1,28,1854,619,0.21271777374830328,28,4
2000-01-29,2000,1,29,1855,483,-0.03537084528372003,29,5
2000-01-30,2000,1,30,1856,466,-0.07120186481064687,30,6
2000-01-31,2000,1,31,1857,602,0.18486994637252827,31,0
2000-02-01,2000,2,1,1858,614,0.2046074292108497,32,1
2000-02-02,2000,2,2,1859,624,0.22076286943313492,33,2
2000-02-03,2000,2,3,1860,613,0.20297743699991855,34,3
2000-02-04,2000,2,4,1861,618,0.211100958521398,35,4
2000-02-05,2000,2,5,1862,500,-0.0007794005141010613,36,5
2000-02-06,2000,2,6,1863,469,-0.06478473049001338,37,6
2000-02-07,2000,2,7,1864,609,0.1964307687736042,38,0
2000-02-08,2000,2,8,1865,632,0.2335018952105647,39,1
2000-02-09,2000,2,9,1866,652,0.26465706299036024,40,2
2000-02-10,2000,2,10,1867,600,0.1815421562798536,41,3
2000-02-11,2000,2,11,1868,631,0.23191836360492035,42,4
2000-02-12,2000,2,12,1869,488,-0.025072093083145647,43,5
2000-02-13,2000,2,13,1870,482,-0.03744338488569241,44,6
2000-02-14,2000,2,14,1871,622,0.2175525938028867,45,0
2000-02-15,2000,2,15,1872,583,0.1527996874141997,46,1
2000-02-16,2000,2,16,1873,635,0.23823749995639884,47,2
2000-02-17,2000,2,17,1874,592,0.1681191359477129,48,3
2000-02-18,2000,2,18,1875,633,0.23508292320788338,49,4
2000-02-19,2000,2,19,1876,489,-0.023025009461420796,50,5
2000-02-20,2000,2,20,1877,440,-0.12861277202398594,51,6
2000-02-21,2000,2,21,1878,565,0.12143823221014823,52,0
2000-02-22,2000,2,22,1879,636,0.23981106440382943,53,1
2000-02-23,2000,2,23,1880,581,0.14936325791561852,54,2
2000-02-24,2000,2,24,1881,590,0.16473503796347236,55,3
2000-02-25,2000,2,25,1882,620,0.2143319791028445,56,4
2000-02-26,2000,2,26,1883,491,-0.01894337114177224,57,5
2000-02-27,2000,2,27,1884,471,-0.060529404919874984,58,6
2000-02-28,2000,2,28,1885,589,0.163038684715294,59,0
2000-02-29,2000,2,29,1886,537,0.07061059557257193,60,1
2000-03-01,2000,3,1,1887,648,0.258503197415982,61,2
2000-03-02,2000,3,2,1888,629,0.2287437577641477,62,3
2000-03-03,2000,3,3,1889,607,0.1931412921232054,63,4
2000-03-04,2000,3,4,1890,469,-0.06478473049001338,64,5
2000-03-05,2000,3,5,1891,455,-0.09509007998534234,65,6
2000-03-06,2000,3,6,1892,579,0.14591497863670255,66,0
2000-03-07,2000,3,7,1893,571,0.1320017107197175,67,1
2000-03-08,2000,3,8,1894,575,0.13898254186105774,68,2
2000-03-09,2000,3,9,1895,646,0.25541200484630916,69,3
2000-03-10,2000,3,10,1896,556,0.10538079531428955,70,4
2000-03-11,2000,3,11,1897,444,-0.11956293650406802,71,5
2000-03-12,2000,3,12,1898,448,-0.1105942665213076,72,6
2000-03-13,2000,3,13,1899,596,0.174853168129057,73,0
2000-03-14,2000,3,14,1900,645,0.2538628178594797,74,1
2000-03-15,2000,3,15,1901,618,0.211100958521398,75,2
2000-03-16,2000,3,16,1902,579,0.14591497863670255,76,3
2000-03-17,2000,3,17,1903,560,0.1125492847929021,77,4
2000-03-18,2000,3,18,1904,480,-0.04160139503435611,78,5
2000-03-19,2000,3,19,1905,487,-0.027123375853703034,79,6
2000-03-20,2000,3,20,1906,594,0.17149182042635217,80,0
2000-03-21,2000,3,21,1907,620,0.2143319791028445,81,1
2000-03-22,2000,3,22,1908,627,0.22555904169662788,82,2
2000-03-23,2000,3,23,1909,597,0.1765296144563094,83,3
2000-03-24,2000,3,24,1910,584,0.15451348389193428,84,4
2000-03-25,2000,3,25,1911,448,-0.1105942665213076,85,5
2000-03-26,2000,3,26,1912,412,-0.19436414958676645,86,6
2000-03-27,2000,3,27,1913,548,0.0908877880117227,87,0
2000-03-28,2000,3,28,1914,657,0.27229651954831774,88,1
2000-03-29,2000,3,29,1915,575,0.13898254186105774,89,2
2000-03-30,2000,3,30,1916,612,0.20134478357603333,90,3
2000-03-31,2000,3,31,1917,579,0.14591497863670255,91,4
2000-04-01,2000,4,1,1918,496,-0.008811572211365326,92,5
2000-04-02,2000,4,2,1919,447,-0.11282890432272394,93,6
2000-04-03,2000,4,3,1920,590,0.16473503796347236,94,0
2000-04-04,2000,4,4,1921,652,0.26465706299036024,95,1
2000-04-05,2000,4,5,1922,632,0.2335018952105647,96,2
2000-04-06,2000,4,6,1923,566,0.12320657926689012,97,3
2000-04-07,2000,4,7,1924,561,0.11433340658640359,98,4
2000-04-08,2000,4,8,1925,471,-0.060529404919874984,99,5
2000-04-09,2000,4,9,1926,467,-0.06905824126739543,100,6
2000-04-10,2000,4,10,1927,597,0.1765296144563094,101,0
2000-04-11,2000,4,11,1928,639,0.244516955441242,102,1
2000-04-12,2000,4,12,1929,634,0.2366614555009332,103,2
2000-04-13,2000,4,13,1930,594,0.17149182042635217,104,3
2000-04-14,2000,4,14,1931,586,0.15793229064071984,105,4
2000-04-15,2000,4,15,1932,470,-0.06265480423218847,106,5
2000-04-16,2000,4,16,1933,469,-0.06478473049001338,107,6
2000-04-17,2000,4,17,1934,594,0.17149182042635217,108,0
2000-04-18,2000,4,18,1935,619,0.21271777374830328,109,1
2000-04-19,2000,4,19,1936,586,0.15793229064071984,110,2
2000-04-20,2000,4,20,1937,623,0.21915901985116032,111,3
2000-04-21,2000,4,21,1938,592,0.1681191359477129,112,4
2000-04-22,2000,4,22,1939,447,-0.11282890432272394,113,5
2000-04-23,2000,4,23,1940,476,-0.04996964470487272,114,6
2000-04-24,2000,4,24,1941,469,-0.06478473049001338,115,0
2000-04-25,2000,4,25,1942,592,0.1681191359477129,116,1
2000-04-26,2000,4,26,1943,613,0.20297743699991855,117,2
2000-04-27,2000,4,27,1944,638,0.24295078440849716,118,3
2000-04-28,2000,4,28,1945,563,0.11789212920339767,119,4
2000-04-29,2000,4,29,1946,490,-0.020982107831620526,120,5
2000-04-30,2000,4,30,1947,452,-0.10170531910406158,121,6
2000-05-01,2000,5,1,1948,578,0.14418636973608467,122,0
2000-05-02,2000,5,2,1949,664,0.2828946505401412,123,1
2000-05-03,2000,5,3,1950,610,0.19807145823106417,124,2
2000-05-04,2000,5,4,1951,608,0.19478738302987425,125,3
2000-05-05,2000,5,5,1952,512,0.02293712610321511,126,4
2000-05-06,2000,5,6,1953,488,-0.025072093083145647,127,5
2000-05-07,2000,5,7,1954,460,-0.08416100945315207,128,6
2000-05-08,2000,5,8,1955,558,0.10897146344501811,129,0
2000-05-09,2000,5,9,1956,627,0.22555904169662788,130,1
2000-05-10,2000,5,10,1957,643,0.2507572253013266,131,2
2000-05-11,2000,5,11,1958,586,0.15793229064071984,132,3
2000-05-12,2000,5,12,1959,607,0.1931412921232054,133,4
2000-05-13,2000,5,13,1960,464,-0.07550294671003747,134,5
2000-05-14,2000,5,14,1961,476,-0.04996964470487272,135,6
2000-05-15,2000,5,15,1962,627,0.22555904169662788,136,0
2000-05-16,2000,5,16,1963,649,0.2600452177677972,137,1
2000-05-17,2000,5,17,1964,585,0.1562243482955638,138,2
2000-05-18,2000,5,18,1965,579,0.14591497863670255,139,3
2000-05-19,2000,5,19,1966,572,0.1337514924435051,140,4
2000-05-20,2000,5,20,1967,475,-0.05207269490165152,141,5
2000-05-21,2000,5,21,1968,433,-0.14464977093380296,142,6
2000-05-22,2000,5,22,1969,583,0.1527996874141997,143,0
2000-05-23,2000,5,23,1970,572,0.1337514924435051,144,1
2000-05-24,2000,5,24,1971,571,0.1320017107197175,145,2
2000-05-25,2000,5,25,1972,615,0.20623476887022504,146,3
2000-05-26,2000,5,26,1973,596,0.174853168129057,147,4
2000-05-27,2000,5,27,1974,514,0.02683576651887243,148,5
2000-05-28,2000,5,28,1975,454,-0.09729030089494478,149,6
2000-05-29,2000,5,29,1976,572,0.1337514924435051,150,0
2000-05-30,2000,5,30,1977,617,0.20948152496909497,151,1
2000-05-31,2000,5,31,1978,618,0.211100958521398,152,2
2000-06-01,2000,6,1,1979,542,0.07987850250335336,153,3
2000-06-02,2000,6,2,1980,534,0.06500834002390198,154,4
2000-06-03,2000,6,3,1981,512,0.02293712610321511,155,5
2000-06-04,2000,6,4,1982,483,-0.03537084528372003,156,6
2000-06-05,2000,6,5,1983,572,0.1337514924435051,157,0
2000-06-06,2000,6,6,1984,601,0.18320743559891473,158,1
2000-06-07,2000,6,7,1985,627,0.22555904169662788,159,2
2000-06-08,2000,6,8,1986,551,0.09634731021662175,160,3
2000-06-09,2000,6,9,1987,631,0.23191836360492035,161,4
2000-06-10,2000,6,10,1988,515,0.028779401727443366,162,5
2000-06-11,2000,6,11,1989,441,-0.12634262348944678,163,6
2000-06-12,2000,6,12,1990,422,-0.170382184900281,164,0
2000-06-13,2000,6,13,1991,615,0.20623476887022504,165,1
2000-06-14,2000,6,14,1992,631,0.23191836360492035,166,2
2000-06-15,2000,6,15,1993,611,0.19970946023530248,167,3
2000-06-16,2000,6,16,1994,619,0.21271777374830328,168,4
2000-06-17,2000,6,17,1995,485,-0.031238607998809516,169,5
2000-06-18,2000,6,18,1996,470,-0.06265480423218847,170,6
2000-06-19,2000,6,19,1997,613,0.20297743699991855,171,0
2000-06-20,2000,6,20,1998,670,0.29189021344871907,172,1
2000-06-21,2000,6,21,1999,613,0.20297743699991855,173,2
2000-06-22,2000,6,22,2000,589,0.163038684715294,174,3
2000-06-23,2000,6,23,2001,555,0.10358061481014179,175,4
2000-06-24,2000,6,24,2002,480,-0.04160139503435611,176,5
2000-06-25,2000,6,25,2003,411,-0.1967942844400581,177,6
2000-06-26,2000,6,26,2004,595,0.17317390660933707,178,0
2000-06-27,2000,6,27,2005,616,0.20785946459722704,179,1
2000-06-28,2000,6,28,2006,573,0.13549821777844687,180,2
2000-06-29,2000,6,29,2007,583,0.1527996874141997,181,3
2000-06-30,2000,6,30,2008,613,0.20297743699991855,182,4
2000-07-01,2000,7,1,2009,455,-0.09509007998534234,183,5
2000-07-02,2000,7,2,2010,453,-0.09949537345325875,184,6
2000-07-03,2000,7,3,2011,575,0.13898254186105774,185,0
2000-07-04,2000,7,4,2012,626,0.22396287216380578,186,1
2000-07-05,2000,7,5,2013,608,0.19478738302987425,187,2
2000-07-06,2000,7,6,2014,629,0.2287437577641477,188,3
2000-07-07,2000,7,7,2015,591,0.16642851846980553,189,4
2000-07-08,2000,7,8,2016,472,-0.05840851335073735,190,5
2000-07-09,2000,7,9,2017,470,-0.06265480423218847,191,6
2000-07-10,2000,7,10,2018,605,0.18984095909454862,192,0
2000-07-11,2000,7,11,2019,588,0.16133944896233413,193,1
2000-07-12,2000,7,12,2020,654,0.267719852520906,194,2
2000-07-13,2000,7,13,2021,579,0.14591497863670255,195,3
2000-07-14,2000,7,14,2022,613,0.20297743699991855,196,4
2000-07-15,2000,7,15,2023,519,0.03651638422959586,197,5
2000-07-16,2000,7,16,2024,478,-0.04577676644483675,198,6
2000-07-17,2000,7,17,2025,607,0.1931412921232054,199,0
2000-07-18,2000,7,18,2026,635,0.23823749995639884,200,1
2000-07-19,2000,7,19,2027,614,0.2046074292108497,201,2
2000-07-20,2000,7,20,2028,641,0.24764195798437724,202,3
2000-07-21,2000,7,21,2029,669,0.2903965611919357,203,4
2000-07-22,2000,7,22,2030,484,-0.03330259221966101,204,5
2000-07-23,2000,7,23,2031,510,0.019023226782078777,205,6
2000-07-24,2000,7,24,2032,665,0.2843995417195614,206,0
2000-07-25,2000,7,25,2033,623,0.21915901985116032,207,1
2000-07-26,2000,7,26,2034,614,0.2046074292108497,208,2
2000-07-27,2000,7,27,2035,583,0.1527996874141997,209,3
2000-07-28,2000,7,28,2036,589,0.163038684715294,210,4
2000-07-29,2000,7,29,2037,504,0.007188769135075929,211,5
2000-07-30,2000,7,30,2038,466,-0.07120186481064687,212,6
2000-07-31,2000,7,31,2039,575,0.13898254186105774,213,0
2000-08-01,2000,8,1,2040,670,0.29189021344871907,214,1
2000-08-02,2000,8,2,2041,632,0.2335018952105647,215,2
2000-08-03,2000,8,3,2042,626,0.22396287216380578,216,3
2000-08-04,2000,8,4,2043,619,0.21271777374830328,217,4
2000-08-05,2000,8,5,2044,502,0.0032126207554365057,218,5
2000-08-06,2000,8,6,2045,466,-0.07120186481064687,219,6
2000-08-07,2000,8,7,2046,617,0.20948152496909497,220,0
2000-08-08,2000,8,8,2047,653,0.26618963034013826,221,1
2000-08-09,2000,8,9,2048,632,0.2335018952105647,222,2
2000-08-10,2000,8,10,2049,631,0.23191836360492035,223,3
2000-08-11,2000,8,11,2050,622,0.2175525938028867,224,4
2000-08-12,2000,8,12,2051,503,0.005202671163446407,225,5
2000-08-13,2000,8,13,2052,493,-0.014878324893602708,226,6
2000-08-14,2000,8,14,2053,653,0.26618963034013826,227,0
2000-08-15,2000,8,15,2054,671,0.293381638035389,228,1
2000-08-16,2000,8,16,2055,609,0.1964307687736042,229,2
2000-08-17,2000,8,17,2056,634,0.2366614555009332,230,3
2000-08-18,2000,8,18,2057,640,0.24608067741742481,231,4
2000-08-19,2000,8,19,2058,502,0.0032126207554365057,232,5
2000-08-20,2000,8,20,2059,486,-0.02917887503579906,233,6
2000-08-21,2000,8,21,2060,583,0.1527996874141997,234,0
2000-08-22,2000,8,22,2061,661,0.27836634091539353,235,1
2000-08-23,2000,8,23,2062,629,0.2287437577641477,236,2
2000-08-24,2000,8,24,2063,596,0.174853168129057,237,3
2000-08-25,2000,8,25,2064,600,0.1815421562798536,238,4
2000-08-26,2000,8,26,2065,487,-0.027123375853703034,239,5
2000-08-27,2000,8,27,2066,481,-0.03952022883053154,240,6
2000-08-28,2000,8,28,2067,546,0.08723147680861221,241,0
2000-08-29,2000,8,29,2068,600,0.1815421562798536,242,1
2000-08-30,2000,8,30,2069,593,0.16980690006143276,243,2
2000-08-31,2000,8,31,2070,678,0.3037597890041027,244,3
2000-09-01,2000,9,1,2071,610,0.19807145823106417,245,4
2000-09-02,2000,9,2,2072,526,0.04991371380141699,246,5
2000-09-03,2000,9,3,2073,489,-0.023025009461420796,247,6
2000-09-04,2000,9,4,2074,590,0.16473503796347236,248,0
2000-09-05,2000,9,5,2075,641,0.24764195798437724,249,1
2000-09-06,2000,9,6,2076,661,0.27836634091539353,250,2
2000-09-07,2000,9,7,2077,594,0.17149182042635217,251,3
2000-09-08,2000,9,8,2078,592,0.1681191359477129,252,4
2000-09-09,2000,9,9,2079,515,0.028779401727443366,253,5
2000-09-10,2000,9,10,2080,493,-0.014878324893602708,254,6
2000-09-11,2000,9,11,2081,592,0.1681191359477129,255,0
2000-09-12,2000,9,12,2082,694,0.3270844615705117,256,1
2000-09-13,2000,9,13,2083,624,0.22076286943313492,257,2
2000-09-14,2000,9,14,2084,640,0.24608067741742481,258,3
2000-09-15,2000,9,15,2085,631,0.23191836360492035,259,4
2000-09-16,2000,9,16,2086,508,0.01509394864218921,260,5
2000-09-17,2000,9,17,2087,493,-0.014878324893602708,261,6
2000-09-18,2000,9,18,2088,613,0.20297743699991855,262,0
2000-09-19,2000,9,19,2089,681,0.3081748072132196,263,1
2000-09-20,2000,9,20,2090,602,0.18486994637252827,264,2
2000-09-21,2000,9,21,2091,613,0.20297743699991855,265,3
2000-09-22,2000,9,22,2092,647,0.25695879556460777,266,4
2000-09-23,2000,9,23,2093,518,0.03458774332319039,267,5
2000-09-24,2000,9,24,2094,492,-0.016908782443984704,268,6
2000-09-25,2000,9,25,2095,585,0.1562243482955638,269,0
2000-09-26,2000,9,26,2096,608,0.19478738302987425,270,1
2000-09-27,2000,9,27,2097,638,0.24295078440849716,271,2
2000-09-28,2000,9,28,2098,684,0.3125704186862576,272,3
2000-09-29,2000,9,29,2099,637,0.24138215663587054,273,4
2000-09-30,2000,9,30,2100,525,0.04801076365533098,274,5
2000-10-01,2000,10,1,2101,490,-0.020982107831620526,275,6
2000-10-02,2000,10,2,2102,600,0.1815421562798536,276,0
2000-10-03,2000,10,3,2103,617,0.20948152496909497,277,1
2000-10-04,2000,10,4,2104,614,0.2046074292108497,278,2
2000-10-05,2000,10,5,2105,584,0.15451348389193428,279,3
2000-10-06,2000,10,6,2106,576,0.14072016175959845,280,4
2000-10-07,2000,10,7,2107,493,-0.014878324893602708,281,5
2000-10-08,2000,10,8,2108,454,-0.09729030089494478,282,6
2000-10-09,2000,10,9,2109,547,0.08906130348568847,283,0
2000-10-10,2000,10,10,2110,607,0.1931412921232054,284,1
2000-10-11,2000,10,11,2111,635,0.23823749995639884,285,2
2000-10-12,2000,10,12,2112,561,0.11433340658640359,286,3
2000-10-13,2000,10,13,2113,536,0.06874666213450913,287,4
2000-10-14,2000,10,14,2114,500,-0.0007794005141010613,288,5
2000-10-15,2000,10,15,2115,448,-0.1105942665213076,289,6
2000-10-16,2000,10,16,2116,554,0.10177718781099099,290,0
2000-10-17,2000,10,17,2117,580,0.14764060460417222,291,1
2000-10-18,2000,10,18,2118,518,0.03458774332319039,292,2
2000-10-19,2000,10,19,2119,599,0.17987409917915648,293,3
2000-10-20,2000,10,20,2120,614,0.2046074292108497,294,4
2000-10-21,2000,10,21,2121,452,-0.10170531910406158,295,5
2000-10-22,2000,10,22,2122,458,-0.0885183148221078,296,6
2000-10-23,2000,10,23,2123,600,0.1815421562798536,297,0
2000-10-24,2000,10,24,2124,630,0.23033232044928564,298,1
2000-10-25,2000,10,25,2125,562,0.11611435095739826,299,2
2000-10-26,2000,10,26,2126,587,0.15963732089180377,300,3
2000-10-27,2000,10,27,2127,596,0.174853168129057,301,4
2000-10-28,2000,10,28,2128,457,-0.09070410804208806,302,5
2000-10-29,2000,10,29,2129,511,0.020982091267411646,303,6
2000-10-30,2000,10,30,2130,609,0.1964307687736042,304,0
2000-10-31,2000,10,31,2131,566,0.12320657926689012,305,1
2000-11-01,2000,11,1,2132,594,0.17149182042635217,306,2
2000-11-02,2000,11,2,2133,597,0.1765296144563094,307,3
2000-11-03,2000,11,3,2134,572,0.1337514924435051,308,4
2000-11-04,2000,11,4,2135,493,-0.014878324893602708,309,5
2000-11-05,2000,11,5,2136,489,-0.023025009461420796,310,6
2000-11-06,2000,11,6,2137,562,0.11611435095739826,311,0
2000-11-07,2000,11,7,2138,633,0.23508292320788338,312,1
2000-11-08,2000,11,8,2139,608,0.19478738302987425,313,2
2000-11-09,2000,11,9,2140,572,0.1337514924435051,314,3
2000-11-10,2000,11,10,2141,569,0.1284929351900382,315,4
2000-11-11,2000,11,11,2142,466,-0.07120186481064687,316,5
2000-11-12,2000,11,12,2143,428,-0.156264303354496,317,6
2000-11-13,2000,11,13,2144,589,0.163038684715294,318,0
2000-11-14,2000,11,14,2145,615,0.20623476887022504,319,1
2000-11-15,2000,11,15,2146,611,0.19970946023530248,320,2
2000-11-16,2000,11,16,2147,612,0.20134478357603333,321,3
2000-11-17,2000,11,17,2148,623,0.21915901985116032,322,4
2000-11-18,2000,11,18,2149,485,-0.031238607998809516,323,5
2000-11-19,2000,11,19,2150,454,-0.09729030089494478,324,6
2000-11-20,2000,11,20,2151,587,0.15963732089180377,325,0
2000-11-21,2000,11,21,2152,633,0.23508292320788338,326,1
2000-11-22,2000,11,22,2153,604,0.1881866989985222,327,2
2000-11-23,2000,11,23,2154,574,0.1372418973832736,328,3
2000-11-24,2000,11,24,2155,624,0.22076286943313492,329,4
2000-11-25,2000,11,25,2156,479,-0.043686901525377485,330,5
2000-11-26,2000,11,26,2157,519,0.03651638422959586,331,6
2000-11-27,2000,11,27,2158,587,0.15963732089180377,332,0
2000-11-28,2000,11,28,2159,579,0.14591497863670255,333,1
2000-11-29,2000,11,29,2160,625,0.22236415080010868,334,2
2000-11-30,2000,11,30,2161,613,0.20297743699991855,335,3
2000-12-01,2000,12,1,2162,599,0.17987409917915648,336,4
2000-12-02,2000,12,2,2163,441,-0.12634262348944678,337,5
2000-12-03,2000,12,3,2164,436,-0.13774525558725847,338,6
2000-12-04,2000,12,4,2165,556,0.10538079531428955,339,0
2000-12-05,2000,12,5,2166,551,0.09634731021662175,340,1
2000-12-06,2000,12,6,2167,562,0.11611435095739826,341,2
2000-12-07,2000,12,7,2168,562,0.11611435095739826,342,3
2000-12-08,2000,12,8,2169,570,0.13024886189230303,343,4
2000-12-09,2000,12,9,2170,453,-0.09949537345325875,344,5
2000-12-10,2000,12,10,2171,436,-0.13774525558725847,345,6
2000-12-11,2000,12,11,2172,584,0.15451348389193428,346,0
2000-12-12,2000,12,12,2173,648,0.258503197415982,347,1
2000-12-13,2000,12,13,2174,575,0.13898254186105774,348,2
2000-12-14,2000,12,14,2175,558,0.10897146344501811,349,3
2000-12-15,2000,12,15,2176,617,0.20948152496909497,350,4
2000-12-16,2000,12,16,2177,462,-0.0798226078545539,351,5
2000-12-17,2000,12,17,2178,464,-0.07550294671003747,352,6
2000-12-18,2000,12,18,2179,593,0.16980690006143276,353,0
2000-12-19,2000,12,19,2180,598,0.17820325501433898,354,1
2000-12-20,2000,12,20,2181,615,0.20623476887022504,355,2
2000-12-21,2000,12,21,2182,619,0.21271777374830328,356,3
2000-12-22,2000,12,22,2183,598,0.17820325501433898,357,4
2000-12-23,2000,12,23,2184,446,-0.11506854691622871,358,5
2000-12-24,2000,12,24,2185,456,-0.09289468942190668,359,6
2000-12-25,2000,12,25,2186,494,-0.012851981748370309,360,0
2000-12-26,2000,12,26,2187,440,-0.12861277202398594,361,1
2000-12-27,2000,12,27,2188,547,0.08906130348568847,362,2
2000-12-28,2000,12,28,2189,614,0.2046074292108497,363,3
2000-12-29,2000,12,29,2190,635,0.23823749995639884,364,4
2000-12-30,2000,12,30,2191,519,0.03651638422959586,365,5
2000-12-31,2000,12,31,2192,445,-0.11731321677005256,366,6
2001-01-01,2001,1,1,2193,429,-0.15393058000827584,1,0
2001-01-02,2001,1,2,2194,564,0.11966675256176608,2,1
2001-01-03,2001,1,3,2195,638,0.24295078440849716,3,2
2001-01-04,2001,1,4,2196,640,0.24608067741742481,4,3
2001-01-05,2001,1,5,2197,665,0.2843995417195614,5,4
2001-01-06,2001,1,6,2198,476,-0.04996964470487272,6,5
2001-01-07,2001,1,7,2199,487,-0.027123375853703034,7,6
2001-01-08,2001,1,8,2200,585,0.1562243482955638,8,0
2001-01-09,2001,1,9,2201,589,0.163038684715294,9,1
2001-01-10,2001,1,10,2202,573,0.13549821777844687,10,2
2001-01-11,2001,1,11,2203,572,0.1337514924435051,11,3
2001-01-12,2001,1,12,2204,630,0.23033232044928564,12,4
2001-01-13,2001,1,13,2205,445,-0.11731321677005256,13,5
2001-01-14,2001,1,14,2206,447,-0.11282890432272394,14,6
2001-01-15,2001,1,15,2207,572,0.1337514924435051,15,0
2001-01-16,2001,1,16,2208,603,0.1865296977908926,16,1
2001-01-17,2001,1,17,2209,582,0.15108294879514503,17,2
2001-01-18,2001,1,18,2210,587,0.15963732089180377,18,3
2001-01-19,2001,1,19,2211,615,0.20623476887022504,19,4
2001-01-20,2001,1,20,2212,476,-0.04996964470487272,20,5
2001-01-21,2001,1,21,2213,438,-0.13316858855984665,21,6
2001-01-22,2001,1,22,2214,558,0.10897146344501811,22,0
2001-01-23,2001,1,23,2215,646,0.25541200484630916,23,1
2001-01-24,2001,1,24,2216,630,0.23033232044928564,24,2
2001-01-25,2001,1,25,2217,617,0.20948152496909497,25,3
2001-01-26,2001,1,26,2218,605,0.18984095909454862,26,4
2001-01-27,2001,1,27,2219,487,-0.027123375853703034,27,5
2001-01-28,2001,1,28,2220,441,-0.12634262348944678,28,6
2001-01-29,2001,1,29,2221,563,0.11789212920339767,29,0
2001-01-30,2001,1,30,2222,584,0.15451348389193428,30,1
2001-01-31,2001,1,31,2223,600,0.1815421562798536,31,2
2001-02-01,2001,2,1,2224,568,0.12673391978485854,32,3
2001-02-02,2001,2,2,2225,600,0.1815421562798536,33,4
2001-02-03,2001,2,3,2226,525,0.04801076365533098,34,5
2001-02-04,2001,2,4,2227,460,-0.08416100945315207,35,6
2001-02-05,2001,2,5,2228,578,0.14418636973608467,36,0
2001-02-06,2001,2,6,2229,630,0.23033232044928564,37,1
2001-02-07,2001,2,7,2230,606,0.1914924871330217,38,2
2001-02-08,2001,2,8,2231,590,0.16473503796347236,39,3
2001-02-09,2001,2,9,2232,581,0.14936325791561852,40,4
2001-02-10,2001,2,10,2233,431,-0.149279408832545,41,5
2001-02-11,2001,2,11,2234,420,-0.17513278765887882,42,6
2001-02-12,2001,2,12,2235,566,0.12320657926689012,43,0
2001-02-13,2001,2,13,2236,591,0.16642851846980553,44,1
2001-02-14,2001,2,14,2237,569,0.1284929351900382,45,2
2001-02-15,2001,2,15,2238,586,0.15793229064071984,46,3
2001-02-16,2001,2,16,2239,588,0.16133944896233413,47,4
2001-02-17,2001,2,17,2240,435,-0.1400414678476087,48,5
2001-02-18,2001,2,18,2241,426,-0.1609481526669224,49,6
2001-02-19,2001,2,19,2242,576,0.14072016175959845,50,0
2001-02-20,2001,2,20,2243,581,0.14936325791561852,51,1
2001-02-21,2001,2,21,2244,600,0.1815421562798536,52,2
2001-02-22,2001,2,22,2245,603,0.1865296977908926,53,3
2001-02-23,2001,2,23,2246,578,0.14418636973608467,54,4
2001-02-24,2001,2,24,2247,479,-0.043686901525377485,55,5
2001-02-25,2001,2,25,2248,431,-0.149279408832545,56,6
2001-02-26,2001,2,26,2249,565,0.12143823221014823,57,0
2001-02-27,2001,2,27,2250,566,0.12320657926689012,58,1
2001-02-28,2001,2,28,2251,605,0.18984095909454862,59,2
2001-03-01,2001,3,1,2252,561,0.11433340658640359,60,3
2001-03-02,2001,3,2,2253,568,0.12673391978485854,61,4
2001-03-03,2001,3,3,2254,472,-0.05840851335073735,62,5
2001-03-04,2001,3,4,2255,466,-0.07120186481064687,63,6
2001-03-05,2001,3,5,2256,543,0.08172182099764269,64,0
2001-03-06,2001,3,6,2257,573,0.13549821777844687,65,1
2001-03-07,2001,3,7,2258,599,0.17987409917915648,66,2
2001-03-08,2001,3,8,2259,614,0.2046074292108497,67,3
2001-03-09,2001,3,9,2260,578,0.14418636973608467,68,4
2001-03-10,2001,3,10,2261,479,-0.043686901525377485,69,5
2001-03-11,2001,3,11,2262,447,-0.11282890432272394,70,6
2001-03-12,2001,3,12,2263,586,0.15793229064071984,71,0
2001-03-13,2001,3,13,2264,580,0.14764060460417222,72,1
2001-03-14,2001,3,14,2265,581,0.14936325791561852,73,2
2001-03-15,2001,3,15,2266,567,0.12497180479145936,74,3
2001-03-16,2001,3,16,2267,569,0.1284929351900382,75,4
2001-03-17,2001,3,17,2268,462,-0.0798226078545539,76,5
2001-03-18,2001,3,18,2269,461,-0.08198945593964423,77,6
2001-03-19,2001,3,19,2270,577,0.14245476757180686,78,0
2001-03-20,2001,3,20,2271,574,0.1372418973832736,79,1
2001-03-21,2001,3,21,2272,598,0.17820325501433898,80,2
2001-03-22,2001,3,22,2273,617,0.20948152496909497,81,3
2001-03-23,2001,3,23,2274,578,0.14418636973608467,82,4
2001-03-24,2001,3,24,2275,434,-0.14234296483588793,83,5
2001-03-25,2001,3,25,2276,431,-0.149279408832545,84,6
2001-03-26,2001,3,26,2277,559,0.11076197421880644,85,0
2001-03-27,2001,3,27,2278,566,0.12320657926689012,86,1
2001-03-28,2001,3,28,2279,611,0.19970946023530248,87,2
2001-03-29,2001,3,29,2280,550,0.09453077929022377,88,3
2001-03-30,2001,3,30,2281,574,0.1372418973832736,89,4
2001-03-31,2001,3,31,2282,459,-0.0863372888757476,90,5
2001-04-01,2001,4,1,2283,427,-0.15860348570766825,91,6
2001-04-02,2001,4,2,2284,527,0.051813049605069564,92,0
2001-04-03,2001,4,3,2285,614,0.2046074292108497,93,1
2001-04-04,2001,4,4,2286,581,0.14936325791561852,94,2
2001-04-05,2001,4,5,2287,566,0.12320657926689012,95,3
2001-04-06,2001,4,6,2288,524,0.04610418538474929,96,4
2001-04-07,2001,4,7,2289,473,-0.056292110444359764,97,5
2001-04-08,2001,4,8,2290,457,-0.09070410804208806,98,6
2001-04-09,2001,4,9,2291,582,0.15108294879514503,99,0
2001-04-10,2001,4,10,2292,589,0.163038684715294,100,1
2001-04-11,2001,4,11,2293,479,-0.043686901525377485,101,2
2001-04-12,2001,4,12,2294,479,-0.043686901525377485,102,3
2001-04-13,2001,4,13,2295,424,-0.16565404370433506,103,4
2001-04-14,2001,4,14,2296,354,-0.34609058580251834,104,5
2001-04-15,2001,4,15,2297,348,-0.3631850191618185,105,6
2001-04-16,2001,4,16,2298,422,-0.170382184900281,106,0
2001-04-17,2001,4,17,2299,544,0.08356174791964978,107,1
2001-04-18,2001,4,18,2300,610,0.19807145823106417,108,2
2001-04-19,2001,4,19,2301,663,0.28138749124956974,109,3
2001-04-20,2001,4,20,2302,575,0.13898254186105774,110,4
2001-04-21,2001,4,21,2303,481,-0.03952022883053154,111,5
2001-04-22,2001,4,22,2304,456,-0.09289468942190668,112,6
2001-04-23,2001,4,23,2305,571,0.1320017107197175,113,0
2001-04-24,2001,4,24,2306,639,0.244516955441242,114,1
2001-04-25,2001,4,25,2307,647,0.25695879556460777,115,2
2001-04-26,2001,4,26,2308,649,0.2600452177677972,116,3
2001-04-27,2001,4,27,2309,578,0.14418636973608467,117,4
2001-04-28,2001,4,28,2310,471,-0.060529404919874984,118,5
2001-04-29,2001,4,29,2311,445,-0.11731321677005256,119,6
2001-04-30,2001,4,30,2312,504,0.007188769135075929,120,0
2001-05-01,2001,5,1,2313,629,0.2287437577641477,121,1
2001-05-02,2001,5,2,2314,635,0.23823749995639884,122,2
2001-05-03,2001,5,3,2315,653,0.26618963034013826,123,3
2001-05-04,2001,5,4,2316,609,0.1964307687736042,124,4
2001-05-05,2001,5,5,2317,471,-0.060529404919874984,125,5
2001-05-06,2001,5,6,2318,422,-0.170382184900281,126,6
2001-05-07,2001,5,7,2319,604,0.1881866989985222,127,0
2001-05-08,2001,5,8,2320,627,0.22555904169662788,128,1
2001-05-09,2001,5,9,2321,669,0.2903965611919357,129,2
2001-05-10,2001,5,10,2322,594,0.17149182042635217,130,3
2001-05-11,2001,5,11,2323,614,0.2046074292108497,131,4
2001-05-12,2001,5,12,2324,502,0.0032126207554365057,132,5
2001-05-13,2001,5,13,2325,492,-0.016908782443984704,133,6
2001-05-14,2001,5,14,2326,580,0.14764060460417222,134,0
2001-05-15,2001,5,15,2327,625,0.22236415080010868,135,1
2001-05-16,2001,5,16,2328,605,0.18984095909454862,136,2
2001-05-17,2001,5,17,2329,590,0.16473503796347236,137,3
2001-05-18,2001,5,18,2330,598,0.17820325501433898,138,4
2001-05-19,2001,5,19,2331,433,-0.14464977093380296,139,5
2001-05-20,2001,5,20,2332,448,-0.1105942665213076,140,6
2001-05-21,2001,5,21,2333,589,0.163038684715294,141,0
2001-05-22,2001,5,22,2334,655,0.26924773669895913,142,1
2001-05-23,2001,5,23,2335,607,0.1931412921232054,143,2
2001-05-24,2001,5,24,2336,518,0.03458774332319039,144,3
2001-05-25,2001,5,25,2337,503,0.005202671163446407,145,4
2001-05-26,2001,5,26,2338,469,-0.06478473049001338,146,5
2001-05-27,2001,5,27,2339,417,-0.18230127713749136,147,6
2001-05-28,2001,5,28,2340,583,0.1527996874141997,148,0
2001-05-29,2001,5,29,2341,593,0.16980690006143276,149,1
2001-05-30,2001,5,30,2342,617,0.20948152496909497,150,2
2001-05-31,2001,5,31,2343,586,0.15793229064071984,151,3
2001-06-01,2001,6,1,2344,623,0.21915901985116032,152,4
2001-06-02,2001,6,2,2345,430,-0.15160229024868468,153,5
2001-06-03,2001,6,3,2346,481,-0.03952022883053154,154,6
2001-06-04,2001,6,4,2347,456,-0.09289468942190668,155,0
2001-06-05,2001,6,5,2348,610,0.19807145823106417,156,1
2001-06-06,2001,6,6,2349,665,0.2843995417195614,157,2
2001-06-07,2001,6,7,2350,614,0.2046074292108497,158,3
2001-06-08,2001,6,8,2351,582,0.15108294879514503,159,4
2001-06-09,2001,6,9,2352,482,-0.03744338488569241,160,5
2001-06-10,2001,6,10,2353,450,-0.10613991617192732,161,6
2001-06-11,2001,6,11,2354,594,0.17149182042635217,162,0
2001-06-12,2001,6,12,2355,604,0.1881866989985222,163,1
2001-06-13,2001,6,13,2356,639,0.244516955441242,164,2
2001-06-14,2001,6,14,2357,627,0.22555904169662788,165,3
2001-06-15,2001,6,15,2358,650,0.2615848639533901,166,4
2001-06-16,2001,6,16,2359,504,0.007188769135075929,167,5
2001-06-17,2001,6,17,2360,482,-0.03744338488569241,168,6
2001-06-18,2001,6,18,2361,578,0.14418636973608467,169,0
2001-06-19,2001,6,19,2362,575,0.13898254186105774,170,1
2001-06-20,2001,6,20,2363,613,0.20297743699991855,171,2
2001-06-21,2001,6,21,2364,607,0.1931412921232054,172,3
2001-06-22,2001,6,22,2365,565,0.12143823221014823,173,4
2001-06-23,2001,6,23,2366,469,-0.06478473049001338,174,5
2001-06-24,2001,6,24,2367,485,-0.031238607998809516,175,6
2001-06-25,2001,6,25,2368,644,0.2523112271680609,176,0
2001-06-26,2001,6,26,2369,656,0.2707732900077963,177,1
2001-06-27,2001,6,27,2370,683,0.3111073606344973,178,2
2001-06-28,2001,6,28,2371,604,0.1881866989985222,179,3
2001-06-29,2001,6,29,2372,628,0.22715266753190594,180,4
2001-06-30,2001,6,30,2373,450,-0.10613991617192732,181,5
2001-07-01,2001,7,1,2374,465,-0.07335009334893643,182,6
2001-07-02,2001,7,2,2375,567,0.12497180479145936,183,0
2001-07-03,2001,7,3,2376,642,0.24920080475366846,184,1
2001-07-04,2001,7,4,2377,628,0.22715266753190594,185,2
2001-07-05,2001,7,5,2378,673,0.296357830708435,186,3
2001-07-06,2001,7,6,2379,628,0.22715266753190594,187,4
2001-07-07,2001,7,7,2380,533,0.06313392522955179,188,5
2001-07-08,2001,7,8,2381,470,-0.06265480423218847,189,6
2001-07-09,2001,7,9,2382,570,0.13024886189230303,190,0
2001-07-10,2001,7,10,2383,615,0.20623476887022504,191,1
2001-07-11,2001,7,11,2384,595,0.17317390660933707,192,2
2001-07-12,2001,7,12,2385,607,0.1931412921232054,193,3
2001-07-13,2001,7,13,2386,541,0.07803177991018878,194,4
2001-07-14,2001,7,14,2387,456,-0.09289468942190668,195,5
2001-07-15,2001,7,15,2388,438,-0.13316858855984665,196,6
2001-07-16,2001,7,16,2389,583,0.1527996874141997,197,0
2001-07-17,2001,7,17,2390,676,0.3008055771066712,198,1
2001-07-18,2001,7,18,2391,619,0.21271777374830328,199,2
2001-07-19,2001,7,19,2392,622,0.2175525938028867,200,3
2001-07-20,2001,7,20,2393,625,0.22236415080010868,201,4
2001-07-21,2001,7,21,2394,511,0.020982091267411646,202,5
2001-07-22,2001,7,22,2395,470,-0.06265480423218847,203,6
2001-07-23,2001,7,23,2396,645,0.2538628178594797,204,0
2001-07-24,2001,7,24,2397,589,0.163038684715294,205,1
2001-07-25,2001,7,25,2398,625,0.22236415080010868,206,2
2001-07-26,2001,7,26,2399,654,0.267719852520906,207,3
2001-07-27,2001,7,27,2400,646,0.25541200484630916,208,4
2001-07-28,2001,7,28,2401,523,0.04419396512863013,209,5
2001-07-29,2001,7,29,2402,478,-0.04577676644483675,210,6
2001-07-30,2001,7,30,2403,604,0.1881866989985222,211,0
2001-07-31,2001,7,31,2404,644,0.2523112271680609,212,1
2001-08-01,2001,8,1,2405,615,0.20623476887022504,213,2
2001-08-02,2001,8,2,2406,602,0.18486994637252827,214,3
2001-08-03,2001,8,3,2407,631,0.23191836360492035,215,4
2001-08-04,2001,8,4,2408,472,-0.05840851335073735,216,5
2001-08-05,2001,8,5,2409,453,-0.09949537345325875,217,6
2001-08-06,2001,8,6,2410,538,0.07247106122549156,218,0
2001-08-07,2001,8,7,2411,617,0.20948152496909497,219,1
2001-08-08,2001,8,8,2412,640,0.24608067741742481,220,2
2001-08-09,2001,8,9,2413,596,0.174853168129057,221,3
2001-08-10,2001,8,10,2414,571,0.1320017107197175,222,4
2001-08-11,2001,8,11,2415,521,0.040362542817074146,223,5
2001-08-12,2001,8,12,2416,435,-0.1400414678476087,224,6
2001-08-13,2001,8,13,2417,578,0.14418636973608467,225,0
2001-08-14,2001,8,14,2418,619,0.21271777374830328,226,1
2001-08-15,2001,8,15,2419,610,0.19807145823106417,227,2
2001-08-16,2001,8,16,2420,688,0.3184013389970508,228,3
2001-08-17,2001,8,17,2421,584,0.15451348389193428,229,4
2001-08-18,2001,8,18,2422,486,-0.02917887503579906,230,5
2001-08-19,2001,8,19,2423,492,-0.016908782443984704,231,6
2001-08-20,2001,8,20,2424,546,0.08723147680861221,232,0
2001-08-21,2001,8,21,2425,563,0.11789212920339767,233,1
2001-08-22,2001,8,22,2426,665,0.2843995417195614,234,2
2001-08-23,2001,8,23,2427,645,0.2538628178594797,235,3
2001-08-24,2001,8,24,2428,659,0.27533603556621444,236,4
2001-08-25,2001,8,25,2429,485,-0.031238607998809516,237,5
2001-08-26,2001,8,26,2430,457,-0.09070410804208806,238,6
2001-08-27,2001,8,27,2431,571,0.1320017107197175,239,0
2001-08-28,2001,8,28,2432,591,0.16642851846980553,240,1
2001-08-29,2001,8,29,2433,624,0.22076286943313492,241,2
2001-08-30,2001,8,30,2434,587,0.15963732089180377,242,3
2001-08-31,2001,8,31,2435,585,0.1562243482955638,243,4
2001-09-01,2001,9,1,2436,451,-0.10392015943361442,244,5
2001-09-02,2001,9,2,2437,467,-0.06905824126739543,245,6
2001-09-03,2001,9,3,2438,591,0.16642851846980553,246,0
2001-09-04,2001,9,4,2439,596,0.174853168129057,247,1
2001-09-05,2001,9,5,2440,624,0.22076286943313492,248,2
2001-09-06,2001,9,6,2441,638,0.24295078440849716,249,3
2001-09-07,2001,9,7,2442,586,0.15793229064071984,250,4
2001-09-08,2001,9,8,2443,470,-0.06265480423218847,251,5
2001-09-09,2001,9,9,2444,455,-0.09509007998534234,252,6
2001-09-10,2001,9,10,2445,605,0.18984095909454862,253,0
2001-09-11,2001,9,11,2446,626,0.22396287216380578,254,1
2001-09-12,2001,9,12,2447,609,0.1964307687736042,255,2
2001-09-13,2001,9,13,2448,619,0.21271777374830328,256,3
2001-09-14,2001,9,14,2449,633,0.23508292320788338,257,4
2001-09-15,2001,9,15,2450,480,-0.04160139503435611,258,5
2001-09-16,2001,9,16,2451,482,-0.03744338488569241,259,6
2001-09-17,2001,9,17,2452,594,0.17149182042635217,260,0
2001-09-18,2001,9,18,2453,633,0.23508292320788338,261,1
2001-09-19,2001,9,19,2454,627,0.22555904169662788,262,2
2001-09-20,2001,9,20,2455,629,0.2287437577641477,263,3
2001-09-21,2001,9,21,2456,637,0.24138215663587054,264,4
2001-09-22,2001,9,22,2457,480,-0.04160139503435611,265,5
2001-09-23,2001,9,23,2458,479,-0.043686901525377485,266,6
2001-09-24,2001,9,24,2459,625,0.22236415080010868,267,0
2001-09-25,2001,9,25,2460,658,0.2738174323890245,268,1
2001-09-26,2001,9,26,2461,611,0.19970946023530248,269,2
2001-09-27,2001,9,27,2462,629,0.2287437577641477,270,3
2001-09-28,2001,9,28,2463,609,0.1964307687736042,271,4
2001-09-29,2001,9,29,2464,515,0.028779401727443366,272,5
2001-09-30,2001,9,30,2465,489,-0.023025009461420796,273,6
2001-10-01,2001,10,1,2466,599,0.17987409917915648,274,0
2001-10-02,2001,10,2,2467,623,0.21915901985116032,275,1
2001-10-03,2001,10,3,2468,659,0.27533603556621444,276,2
2001-10-04,2001,10,4,2469,620,0.2143319791028445,277,3
2001-10-05,2001,10,5,2470,552,0.09816054734080248,278,4
2001-10-06,2001,10,6,2471,459,-0.0863372888757476,279,5
2001-10-07,2001,10,7,2472,481,-0.03952022883053154,280,6
2001-10-08,2001,10,8,2473,607,0.1931412921232054,281,0
2001-10-09,2001,10,9,2474,631,0.23191836360492035,282,1
2001-10-10,2001,10,10,2475,654,0.267719852520906,283,2
2001-10-11,2001,10,11,2476,583,0.1527996874141997,284,3
2001-10-12,2001,10,12,2477,594,0.17149182042635217,285,4
2001-10-13,2001,10,13,2478,458,-0.0885183148221078,286,5
2001-10-14,2001,10,14,2479,482,-0.03744338488569241,287,6
2001-10-15,2001,10,15,2480,594,0.17149182042635217,288,0
2001-10-16,2001,10,16,2481,621,0.21594358299718594,289,1
2001-10-17,2001,10,17,2482,590,0.16473503796347236,290,2
2001-10-18,2001,10,18,2483,587,0.15963732089180377,291,3
2001-10-19,2001,10,19,2484,568,0.12673391978485854,292,4
2001-10-20,2001,10,20,2485,451,-0.10392015943361442,293,5
2001-10-21,2001,10,21,2486,437,-0.13545430384070264,294,6
2001-10-22,2001,10,22,2487,557,0.1071777409909913,295,0
2001-10-23,2001,10,23,2488,634,0.2366614555009332,296,1
2001-10-24,2001,10,24,2489,593,0.16980690006143276,297,2
2001-10-25,2001,10,25,2490,590,0.16473503796347236,298,3
2001-10-26,2001,10,26,2491,593,0.16980690006143276,299,4
2001-10-27,2001,10,27,2492,464,-0.07550294671003747,300,5
2001-10-28,2001,10,28,2493,474,-0.05418017724121624,301,6
2001-10-29,2001,10,29,2494,595,0.17317390660933707,302,0
2001-10-30,2001,10,30,2495,557,0.1071777409909913,303,1
2001-10-31,2001,10,31,2496,649,0.2600452177677972,304,2
2001-11-01,2001,11,1,2497,597,0.1765296144563094,305,3
2001-11-02,2001,11,2,2498,535,0.0668792479597138,306,4
2001-11-03,2001,11,3,2499,445,-0.11731321677005256,307,5
2001-11-04,2001,11,4,2500,444,-0.11956293650406802,308,6
2001-11-05,2001,11,5,2501,591,0.16642851846980553,309,0
2001-11-06,2001,11,6,2502,599,0.17987409917915648,310,1
2001-11-07,2001,11,7,2503,596,0.174853168129057,311,2
2001-11-08,2001,11,8,2504,579,0.14591497863670255,312,3
2001-11-09,2001,11,9,2505,604,0.1881866989985222,313,4
2001-11-10,2001,11,10,2506,427,-0.15860348570766825,314,5
2001-11-11,2001,11,11,2507,426,-0.1609481526669224,315,6
2001-11-12,2001,11,12,2508,566,0.12320657926689012,316,0
2001-11-13,2001,11,13,2509,571,0.1320017107197175,317,1
2001-11-14,2001,11,14,2510,595,0.17317390660933707,318,2
2001-11-15,2001,11,15,2511,517,0.03265537557213635,319,3
2001-11-16,2001,11,16,2512,558,0.10897146344501811,320,4
2001-11-17,2001,11,17,2513,469,-0.06478473049001338,321,5
2001-11-18,2001,11,18,2514,422,-0.170382184900281,322,6
2001-11-19,2001,11,19,2515,610,0.19807145823106417,323,0
2001-11-20,2001,11,20,2516,614,0.2046074292108497,324,1
2001-11-21,2001,11,21,2517,626,0.22396287216380578,325,2
2001-11-22,2001,11,22,2518,573,0.13549821777844687,326,3
2001-11-23,2001,11,23,2519,593,0.16980690006143276,327,4
2001-11-24,2001,11,24,2520,438,-0.13316858855984665,328,5
2001-11-25,2001,11,25,2521,446,-0.11506854691622871,329,6
2001-11-26,2001,11,26,2522,557,0.1071777409909913,330,0
2001-11-27,2001,11,27,2523,601,0.18320743559891473,331,1
2001-11-28,2001,11,28,2524,584,0.15451348389193428,332,2
2001-11-29,2001,11,29,2525,606,0.1914924871330217,333,3
2001-11-30,2001,11,30,2526,556,0.10538079531428955,334,4
2001-12-01,2001,12,1,2527,431,-0.149279408832545,335,5
2001-12-02,2001,12,2,2528,436,-0.13774525558725847,336,6
2001-12-03,2001,12,3,2529,574,0.1372418973832736,337,0
2001-12-04,2001,12,4,2530,608,0.19478738302987425,338,1
2001-12-05,2001,12,5,2531,513,0.02488834623447675,339,2
2001-12-06,2001,12,6,2532,542,0.07987850250335336,340,3
2001-12-07,2001,12,7,2533,563,0.11789212920339767,341,4
2001-12-08,2001,12,8,2534,435,-0.1400414678476087,342,5
2001-12-09,2001,12,9,2535,424,-0.16565404370433506,343,6
2001-12-10,2001,12,10,2536,571,0.1320017107197175,344,0
2001-12-11,2001,12,11,2537,555,0.10358061481014179,345,1
2001-12-12,2001,12,12,2538,568,0.12673391978485854,346,2
2001-12-13,2001,12,13,2539,597,0.1765296144563094,347,3
2001-12-14,2001,12,14,2540,574,0.1372418973832736,348,4
2001-12-15,2001,12,15,2541,447,-0.11282890432272394,349,5
2001-12-16,2001,12,16,2542,476,-0.04996964470487272,350,6
2001-12-17,2001,12,17,2543,570,0.13024886189230303,351,0
2001-12-18,2001,12,18,2544,591,0.16642851846980553,352,1
2001-12-19,2001,12,19,2545,599,0.17987409917915648,353,2
2001-12-20,2001,12,20,2546,604,0.1881866989985222,354,3
2001-12-21,2001,12,21,2547,567,0.12497180479145936,355,4
2001-12-22,2001,12,22,2548,518,0.03458774332319039,356,5
2001-12-23,2001,12,23,2549,422,-0.170382184900281,357,6
2001-12-24,2001,12,24,2550,530,0.05748950760987465,358,0
2001-12-25,2001,12,25,2551,400,-0.22392295182831073,359,1
2001-12-26,2001,12,26,2552,428,-0.156264303354496,360,2
2001-12-27,2001,12,27,2553,532,0.06125599040535152,361,3
2001-12-28,2001,12,28,2554,605,0.18984095909454862,362,4
2001-12-29,2001,12,29,2555,470,-0.06265480423218847,363,5
2001-12-30,2001,12,30,2556,462,-0.0798226078545539,364,6
2001-12-31,2001,12,31,2557,497,-0.006797472839664082,365,0
2002-01-01,2002,1,1,2558,411,-0.1967942844400581,1,1
2002-01-02,2002,1,2,2559,548,0.0908877880117227,2,2
2002-01-03,2002,1,3,2560,651,0.26312214327227645,3,3
2002-01-04,2002,1,4,2561,617,0.20948152496909497,4,4
2002-01-05,2002,1,5,2562,479,-0.043686901525377485,5,5
2002-01-06,2002,1,6,2563,447,-0.11282890432272394,6,6
2002-01-07,2002,1,7,2564,578,0.14418636973608467,7,0
2002-01-08,2002,1,8,2565,595,0.17317390660933707,8,1
2002-01-09,2002,1,9,2566,561,0.11433340658640359,9,2
2002-01-10,2002,1,10,2567,624,0.22076286943313492,10,3
2002-01-11,2002,1,11,2568,544,0.08356174791964978,11,4
2002-01-12,2002,1,12,2569,441,-0.12634262348944678,12,5
2002-01-13,2002,1,13,2570,396,-0.2339732876818122,13,6
2002-01-14,2002,1,14,2571,625,0.22236415080010868,14,0
2002-01-15,2002,1,15,2572,611,0.19970946023530248,15,1
2002-01-16,2002,1,16,2573,578,0.14418636973608467,16,2
2002-01-17,2002,1,17,2574,586,0.15793229064071984,17,3
2002-01-18,2002,1,18,2575,575,0.13898254186105774,18,4
2002-01-19,2002,1,19,2576,468,-0.066919203018646,19,5
2002-01-20,2002,1,20,2577,428,-0.156264303354496,20,6
2002-01-21,2002,1,21,2578,585,0.1562243482955638,21,0
2002-01-22,2002,1,22,2579,594,0.17149182042635217,22,1
2002-01-23,2002,1,23,2580,595,0.17317390660933707,23,2
2002-01-24,2002,1,24,2581,599,0.17987409917915648,24,3
2002-01-25,2002,1,25,2582,569,0.1284929351900382,25,4
2002-01-26,2002,1,26,2583,493,-0.014878324893602708,26,5
2002-01-27,2002,1,27,2584,422,-0.170382184900281,27,6
2002-01-28,2002,1,28,2585,552,0.09816054734080248,28,0
2002-01-29,2002,1,29,2586,626,0.22396287216380578,29,1
2002-01-30,2002,1,30,2587,623,0.21915901985116032,30,2
2002-01-31,2002,1,31,2588,598,0.17820325501433898,31,3
2002-02-01,2002,2,1,2589,559,0.11076197421880644,32,4
2002-02-02,2002,2,2,2590,418,-0.1799060664115365,33,5
2002-02-03,2002,2,3,2591,431,-0.149279408832545,34,6
2002-02-04,2002,2,4,2592,566,0.12320657926689012,35,0
2002-02-05,2002,2,5,2593,588,0.16133944896233413,36,1
2002-02-06,2002,2,6,2594,584,0.15451348389193428,37,2
2002-02-07,2002,2,7,2595,618,0.211100958521398,38,3
2002-02-08,2002,2,8,2596,611,0.19970946023530248,39,4
2002-02-09,2002,2,9,2597,442,-0.12407761685859466,40,5
2002-02-10,2002,2,10,2598,458,-0.0885183148221078,41,6
2002-02-11,2002,2,11,2599,594,0.17149182042635217,42,0
2002-02-12,2002,2,12,2600,625,0.22236415080010868,43,1
2002-02-13,2002,2,13,2601,582,0.15108294879514503,44,2
2002-02-14,2002,2,14,2602,589,0.163038684715294,45,3
2002-02-15,2002,2,15,2603,596,0.174853168129057,46,4
2002-02-16,2002,2,16,2604,463,-0.07766044485005867,47,5
2002-02-17,2002,2,17,2605,411,-0.1967942844400581,48,6
2002-02-18,2002,2,18,2606,556,0.10538079531428955,49,0
2002-02-19,2002,2,19,2607,648,0.258503197415982,50,1
2002-02-20,2002,2,20,2608,662,0.2798780570007155,51,2
2002-02-21,2002,2,21,2609,570,0.13024886189230303,52,3
2002-02-22,2002,2,22,2610,593,0.16980690006143276,53,4
2002-02-23,2002,2,23,2611,462,-0.0798226078545539,54,5
2002-02-24,2002,2,24,2612,416,-0.18470223867502955,55,6
2002-02-25,2002,2,25,2613,568,0.12673391978485854,56,0
2002-02-26,2002,2,26,2614,641,0.24764195798437724,57,1
2002-02-27,2002,2,27,2615,618,0.211100958521398,58,2
2002-02-28,2002,2,28,2616,579,0.14591497863670255,59,3
2002-03-01,2002,3,1,2617,564,0.11966675256176608,60,4
2002-03-02,2002,3,2,2618,475,-0.05207269490165152,61,5
2002-03-03,2002,3,3,2619,439,-0.13088808586112144,62,6
2002-03-04,2002,3,4,2620,592,0.1681191359477129,63,0
2002-03-05,2002,3,5,2621,576,0.14072016175959845,64,1
2002-03-06,2002,3,6,2622,589,0.163038684715294,65,2
2002-03-07,2002,3,7,2623,580,0.14764060460417222,66,3
2002-03-08,2002,3,8,2624,620,0.2143319791028445,67,4
2002-03-09,2002,3,9,2625,474,-0.05418017724121624,68,5
2002-03-10,2002,3,10,2626,453,-0.09949537345325875,69,6
2002-03-11,2002,3,11,2627,592,0.1681191359477129,70,0
2002-03-12,2002,3,12,2628,595,0.17317390660933707,71,1
2002-03-13,2002,3,13,2629,555,0.10358061481014179,72,2
2002-03-14,2002,3,14,2630,558,0.10897146344501811,73,3
2002-03-15,2002,3,15,2631,587,0.15963732089180377,74,4
2002-03-16,2002,3,16,2632,430,-0.15160229024868468,75,5
2002-03-17,2002,3,17,2633,439,-0.13088808586112144,76,6
2002-03-18,2002,3,18,2634,588,0.16133944896233413,77,0
2002-03-19,2002,3,19,2635,587,0.15963732089180377,78,1
2002-03-20,2002,3,20,2636,591,0.16642851846980553,79,2
2002-03-21,2002,3,21,2637,579,0.14591497863670255,80,3
2002-03-22,2002,3,22,2638,548,0.0908877880117227,81,4
2002-03-23,2002,3,23,2639,488,-0.025072093083145647,82,5
2002-03-24,2002,3,24,2640,457,-0.09070410804208806,83,6
2002-03-25,2002,3,25,2641,586,0.15793229064071984,84,0
2002-03-26,2002,3,26,2642,613,0.20297743699991855,85,1
2002-03-27,2002,3,27,2643,548,0.0908877880117227,86,2
2002-03-28,2002,3,28,2644,635,0.23823749995639884,87,3
2002-03-29,2002,3,29,2645,540,0.07618164062202722,88,4
2002-03-30,2002,3,30,2646,477,-0.04787100804795151,89,5
2002-03-31,2002,3,31,2647,437,-0.13545430384070264,90,6
2002-04-01,2002,4,1,2648,455,-0.09509007998534234,91,0
2002-04-02,2002,4,2,2649,571,0.1320017107197175,92,1
2002-04-03,2002,4,3,2650,600,0.1815421562798536,93,2
2002-04-04,2002,4,4,2651,643,0.2507572253013266,94,3
2002-04-05,2002,4,5,2652,581,0.14936325791561852,95,4
2002-04-06,2002,4,6,2653,467,-0.06905824126739543,96,5
2002-04-07,2002,4,7,2654,411,-0.1967942844400581,97,6
2002-04-08,2002,4,8,2655,543,0.08172182099764269,98,0
2002-04-09,2002,4,9,2656,615,0.20623476887022504,99,1
2002-04-10,2002,4,10,2657,569,0.1284929351900382,100,2
2002-04-11,2002,4,11,2658,589,0.163038684715294,101,3
2002-04-12,2002,4,12,2659,547,0.08906130348568847,102,4
2002-04-13,2002,4,13,2660,435,-0.1400414678476087,103,5
2002-04-14,2002,4,14,2661,431,-0.149279408832545,104,6
2002-04-15,2002,4,15,2662,515,0.028779401727443366,105,0
2002-04-16,2002,4,16,2663,574,0.1372418973832736,106,1
2002-04-17,2002,4,17,2664,578,0.14418636973608467,107,2
2002-04-18,2002,4,18,2665,551,0.09634731021662175,108,3
2002-04-19,2002,4,19,2666,513,0.02488834623447675,109,4
2002-04-20,2002,4,20,2667,459,-0.0863372888757476,110,5
2002-04-21,2002,4,21,2668,451,-0.10392015943361442,111,6
2002-04-22,2002,4,22,2669,568,0.12673391978485854,112,0
2002-04-23,2002,4,23,2670,584,0.15451348389193428,113,1
2002-04-24,2002,4,24,2671,633,0.23508292320788338,114,2
2002-04-25,2002,4,25,2672,570,0.13024886189230303,115,3
2002-04-26,2002,4,26,2673,541,0.07803177991018878,116,4
2002-04-27,2002,4,27,2674,431,-0.149279408832545,117,5
2002-04-28,2002,4,28,2675,474,-0.05418017724121624,118,6
2002-04-29,2002,4,29,2676,573,0.13549821777844687,119,0
2002-04-30,2002,4,30,2677,523,0.04419396512863013,120,1
2002-05-01,2002,5,1,2678,545,0.08539829572695133,121,2
2002-05-02,2002,5,2,2679,591,0.16642851846980553,122,3
2002-05-03,2002,5,3,2680,620,0.2143319791028445,123,4
2002-05-04,2002,5,4,2681,486,-0.02917887503579906,124,5
2002-05-05,2002,5,5,2682,452,-0.10170531910406158,125,6
2002-05-06,2002,5,6,2683,574,0.1372418973832736,126,0
2002-05-07,2002,5,7,2684,609,0.1964307687736042,127,1
2002-05-08,2002,5,8,2685,632,0.2335018952105647,128,2
2002-05-09,2002,5,9,2686,457,-0.09070410804208806,129,3
2002-05-10,2002,5,10,2687,536,0.06874666213450913,130,4
2002-05-11,2002,5,11,2688,467,-0.06905824126739543,131,5
2002-05-12,2002,5,12,2689,445,-0.11731321677005256,132,6
2002-05-13,2002,5,13,2690,552,0.09816054734080248,133,0
2002-05-14,2002,5,14,2691,630,0.23033232044928564,134,1
2002-05-15,2002,5,15,2692,619,0.21271777374830328,135,2
2002-05-16,2002,5,16,2693,580,0.14764060460417222,136,3
2002-05-17,2002,5,17,2694,584,0.15451348389193428,137,4
2002-05-18,2002,5,18,2695,508,0.01509394864218921,138,5
2002-05-19,2002,5,19,2696,480,-0.04160139503435611,139,6
2002-05-20,2002,5,20,2697,460,-0.08416100945315207,140,0
2002-05-21,2002,5,21,2698,568,0.12673391978485854,141,1
2002-05-22,2002,5,22,2699,614,0.2046074292108497,142,2
2002-05-23,2002,5,23,2700,551,0.09634731021662175,143,3
2002-05-24,2002,5,24,2701,547,0.08906130348568847,144,4
2002-05-25,2002,5,25,2702,448,-0.1105942665213076,145,5
2002-05-26,2002,5,26,2703,419,-0.1775165790141551,146,6
2002-05-27,2002,5,27,2704,565,0.12143823221014823,147,0
2002-05-28,2002,5,28,2705,593,0.16980690006143276,148,1
2002-05-29,2002,5,29,2706,567,0.12497180479145936,149,2
2002-05-30,2002,5,30,2707,539,0.07432807197270441,150,3
2002-05-31,2002,5,31,2708,562,0.11611435095739826,151,4
2002-06-01,2002,6,1,2709,447,-0.11282890432272394,152,5
2002-06-02,2002,6,2,2710,441,-0.12634262348944678,153,6
2002-06-03,2002,6,3,2711,595,0.17317390660933707,154,0
2002-06-04,2002,6,4,2712,612,0.20134478357603333,155,1
2002-06-05,2002,6,5,2713,595,0.17317390660933707,156,2
2002-06-06,2002,6,6,2714,562,0.11611435095739826,157,3
2002-06-07,2002,6,7,2715,556,0.10538079531428955,158,4
2002-06-08,2002,6,8,2716,418,-0.1799060664115365,159,5
2002-06-09,2002,6,9,2717,430,-0.15160229024868468,160,6
2002-06-10,2002,6,10,2718,521,0.040362542817074146,161,0
2002-06-11,2002,6,11,2719,533,0.06313392522955179,162,1
2002-06-12,2002,6,12,2720,576,0.14072016175959845,163,2
2002-06-13,2002,6,13,2721,560,0.1125492847929021,164,3
2002-06-14,2002,6,14,2722,586,0.15793229064071984,165,4
2002-06-15,2002,6,15,2723,476,-0.04996964470487272,166,5
2002-06-16,2002,6,16,2724,447,-0.11282890432272394,167,6
2002-06-17,2002,6,17,2725,562,0.11611435095739826,168,0
2002-06-18,2002,6,18,2726,595,0.17317390660933707,169,1
2002-06-19,2002,6,19,2727,593,0.16980690006143276,170,2
2002-06-20,2002,6,20,2728,604,0.1881866989985222,171,3
2002-06-21,2002,6,21,2729,536,0.06874666213450913,172,4
2002-06-22,2002,6,22,2730,464,-0.07550294671003747,173,5
2002-06-23,2002,6,23,2731,464,-0.07550294671003747,174,6
2002-06-24,2002,6,24,2732,609,0.1964307687736042,175,0
2002-06-25,2002,6,25,2733,595,0.17317390660933707,176,1
2002-06-26,2002,6,26,2734,603,0.1865296977908926,177,2
2002-06-27,2002,6,27,2735,614,0.2046074292108497,178,3
2002-06-28,2002,6,28,2736,601,0.18320743559891473,179,4
2002-06-29,2002,6,29,2737,460,-0.08416100945315207,180,5
2002-06-30,2002,6,30,2738,461,-0.08198945593964423,181,6
2002-07-01,2002,7,1,2739,582,0.15108294879514503,182,0
2002-07-02,2002,7,2,2740,638,0.24295078440849716,183,1
2002-07-03,2002,7,3,2741,609,0.1964307687736042,184,2
2002-07-04,2002,7,4,2742,642,0.24920080475366846,185,3
2002-07-05,2002,7,5,2743,640,0.24608067741742481,186,4
2002-07-06,2002,7,6,2744,456,-0.09289468942190668,187,5
2002-07-07,2002,7,7,2745,495,-0.01082973636760251,188,6
2002-07-08,2002,7,8,2746,589,0.163038684715294,189,0
2002-07-09,2002,7,9,2747,667,0.28740254697933093,190,1
2002-07-10,2002,7,10,2748,641,0.24764195798437724,191,2
2002-07-11,2002,7,11,2749,593,0.16980690006143276,192,3
2002-07-12,2002,7,12,2750,615,0.20623476887022504,193,4
2002-07-13,2002,7,13,2751,503,0.005202671163446407,194,5
2002-07-14,2002,7,14,2752,464,-0.07550294671003747,195,6
2002-07-15,2002,7,15,2753,609,0.1964307687736042,196,0
2002-07-16,2002,7,16,2754,642,0.24920080475366846,197,1
2002-07-17,2002,7,17,2755,651,0.26312214327227645,198,2
2002-07-18,2002,7,18,2756,566,0.12320657926689012,199,3
2002-07-19,2002,7,19,2757,574,0.1372418973832736,200,4
2002-07-20,2002,7,20,2758,453,-0.09949537345325875,201,5
2002-07-21,2002,7,21,2759,443,-0.12181772889115713,202,6
2002-07-22,2002,7,22,2760,623,0.21915901985116032,203,0
2002-07-23,2002,7,23,2761,598,0.17820325501433898,204,1
2002-07-24,2002,7,24,2762,632,0.2335018952105647,205,2
2002-07-25,2002,7,25,2763,575,0.13898254186105774,206,3
2002-07-26,2002,7,26,2764,593,0.16980690006143276,207,4
2002-07-27,2002,7,27,2765,546,0.08723147680861221,208,5
2002-07-28,2002,7,28,2766,481,-0.03952022883053154,209,6
2002-07-29,2002,7,29,2767,633,0.23508292320788338,210,0
2002-07-30,2002,7,30,2768,611,0.19970946023530248,211,1
2002-07-31,2002,7,31,2769,647,0.25695879556460777,212,2
2002-08-01,2002,8,1,2770,597,0.1765296144563094,213,3
2002-08-02,2002,8,2,2771,587,0.15963732089180377,214,4
2002-08-03,2002,8,3,2772,477,-0.04787100804795151,215,5
2002-08-04,2002,8,4,2773,440,-0.12861277202398594,216,6
2002-08-05,2002,8,5,2774,610,0.19807145823106417,217,0
2002-08-06,2002,8,6,2775,605,0.18984095909454862,218,1
2002-08-07,2002,8,7,2776,617,0.20948152496909497,219,2
2002-08-08,2002,8,8,2777,583,0.1527996874141997,220,3
2002-08-09,2002,8,9,2778,603,0.1865296977908926,221,4
2002-08-10,2002,8,10,2779,512,0.02293712610321511,222,5
2002-08-11,2002,8,11,2780,498,-0.0047874219116398825,223,6
2002-08-12,2002,8,12,2781,628,0.22715266753190594,224,0
2002-08-13,2002,8,13,2782,636,0.23981106440382943,225,1
2002-08-14,2002,8,14,2783,549,0.09271094257323789,226,2
2002-08-15,2002,8,15,2784,631,0.23191836360492035,227,3
2002-08-16,2002,8,16,2785,658,0.2738174323890245,228,4
2002-08-17,2002,8,17,2786,497,-0.006797472839664082,229,5
2002-08-18,2002,8,18,2787,529,0.05560093292200662,230,6
2002-08-19,2002,8,19,2788,627,0.22555904169662788,231,0
2002-08-20,2002,8,20,2789,659,0.27533603556621444,232,1
2002-08-21,2002,8,21,2790,593,0.16980690006143276,233,2
2002-08-22,2002,8,22,2791,583,0.1527996874141997,234,3
2002-08-23,2002,8,23,2792,614,0.2046074292108497,235,4
2002-08-24,2002,8,24,2793,489,-0.023025009461420796,236,5
2002-08-25,2002,8,25,2794,469,-0.06478473049001338,237,6
2002-08-26,2002,8,26,2795,630,0.23033232044928564,238,0
2002-08-27,2002,8,27,2796,600,0.1815421562798536,239,1
2002-08-28,2002,8,28,2797,664,0.2828946505401412,240,2
2002-08-29,2002,8,29,2798,637,0.24138215663587054,241,3
2002-08-30,2002,8,30,2799,624,0.22076286943313492,242,4
2002-08-31,2002,8,31,2800,513,0.02488834623447675,243,5
2002-09-01,2002,9,1,2801,433,-0.14464977093380296,244,6
2002-09-02,2002,9,2,2802,599,0.17987409917915648,245,0
2002-09-03,2002,9,3,2803,627,0.22555904169662788,246,1
2002-09-04,2002,9,4,2804,610,0.19807145823106417,247,2
2002-09-05,2002,9,5,2805,597,0.1765296144563094,248,3
2002-09-06,2002,9,6,2806,607,0.1931412921232054,249,4
2002-09-07,2002,9,7,2807,474,-0.05418017724121624,250,5
2002-09-08,2002,9,8,2808,506,0.01114917035117286,251,6
2002-09-09,2002,9,9,2809,615,0.20623476887022504,252,0
2002-09-10,2002,9,10,2810,623,0.21915901985116032,253,1
2002-09-11,2002,9,11,2811,591,0.16642851846980553,254,2
2002-09-12,2002,9,12,2812,610,0.19807145823106417,255,3
2002-09-13,2002,9,13,2813,623,0.21915901985116032,256,4
2002-09-14,2002,9,14,2814,499,-0.00278140318477414,257,5
2002-09-15,2002,9,15,2815,458,-0.0885183148221078,258,6
2002-09-16,2002,9,16,2816,623,0.21915901985116032,259,0
2002-09-17,2002,9,17,2817,669,0.2903965611919357,260,1
2002-09-18,2002,9,18,2818,634,0.2366614555009332,261,2
2002-09-19,2002,9,19,2819,626,0.22396287216380578,262,3
2002-09-20,2002,9,20,2820,583,0.1527996874141997,263,4
2002-09-21,2002,9,21,2821,524,0.04610418538474929,264,5
2002-09-22,2002,9,22,2822,518,0.03458774332319039,265,6
2002-09-23,2002,9,23,2823,638,0.24295078440849716,266,0
2002-09-24,2002,9,24,2824,699,0.3342632432975175,267,1
2002-09-25,2002,9,25,2825,660,0.27685233608417853,268,2
2002-09-26,2002,9,26,2826,692,0.32419845668137676,269,3
2002-09-27,2002,9,27,2827,594,0.17149182042635217,270,4
2002-09-28,2002,9,28,2828,527,0.051813049605069564,271,5
2002-09-29,2002,9,29,2829,461,-0.08198945593964423,272,6
2002-09-30,2002,9,30,2830,666,0.2859021716040964,273,0
2002-10-01,2002,10,1,2831,677,0.3022837739759822,274,1
2002-10-02,2002,10,2,2832,615,0.20623476887022504,275,2
2002-10-03,2002,10,3,2833,658,0.2738174323890245,276,3
2002-10-04,2002,10,4,2834,647,0.25695879556460777,277,4
2002-10-05,2002,10,5,2835,500,-0.0007794005141010613,278,5
2002-10-06,2002,10,6,2836,463,-0.07766044485005867,279,6
2002-10-07,2002,10,7,2837,628,0.22715266753190594,280,0
2002-10-08,2002,10,8,2838,636,0.23981106440382943,281,1
2002-10-09,2002,10,9,2839,632,0.2335018952105647,282,2
2002-10-10,2002,10,10,2840,663,0.28138749124956974,283,3
2002-10-11,2002,10,11,2841,612,0.20134478357603333,284,4
2002-10-12,2002,10,12,2842,470,-0.06265480423218847,285,5
2002-10-13,2002,10,13,2843,511,0.020982091267411646,286,6
2002-10-14,2002,10,14,2844,562,0.11611435095739826,287,0
2002-10-15,2002,10,15,2845,588,0.16133944896233413,288,1
2002-10-16,2002,10,16,2846,610,0.19807145823106417,289,2
2002-10-17,2002,10,17,2847,594,0.17149182042635217,290,3
2002-10-18,2002,10,18,2848,619,0.21271777374830328,291,4
2002-10-19,2002,10,19,2849,493,-0.014878324893602708,292,5
2002-10-20,2002,10,20,2850,406,-0.20903433933456006,293,6
2002-10-21,2002,10,21,2851,563,0.11789212920339767,294,0
2002-10-22,2002,10,22,2852,615,0.20623476887022504,295,1
2002-10-23,2002,10,23,2853,627,0.22555904169662788,296,2
2002-10-24,2002,10,24,2854,618,0.211100958521398,297,3
2002-10-25,2002,10,25,2855,586,0.15793229064071984,298,4
2002-10-26,2002,10,26,2856,459,-0.0863372888757476,299,5
2002-10-27,2002,10,27,2857,493,-0.014878324893602708,300,6
2002-10-28,2002,10,28,2858,571,0.1320017107197175,301,0
2002-10-29,2002,10,29,2859,596,0.174853168129057,302,1
2002-10-30,2002,10,30,2860,562,0.11611435095739826,303,2
2002-10-31,2002,10,31,2861,557,0.1071777409909913,304,3
2002-11-01,2002,11,1,2862,574,0.1372418973832736,305,4
2002-11-02,2002,11,2,2863,460,-0.08416100945315207,306,5
2002-11-03,2002,11,3,2864,424,-0.16565404370433506,307,6
2002-11-04,2002,11,4,2865,580,0.14764060460417222,308,0
2002-11-05,2002,11,5,2866,608,0.19478738302987425,309,1
2002-11-06,2002,11,6,2867,578,0.14418636973608467,310,2
2002-11-07,2002,11,7,2868,580,0.14764060460417222,311,3
2002-11-08,2002,11,8,2869,554,0.10177718781099099,312,4
2002-11-09,2002,11,9,2870,480,-0.04160139503435611,313,5
2002-11-10,2002,11,10,2871,472,-0.05840851335073735,314,6
2002-11-11,2002,11,11,2872,567,0.12497180479145936,315,0
2002-11-12,2002,11,12,2873,585,0.1562243482955638,316,1
2002-11-13,2002,11,13,2874,558,0.10897146344501811,317,2
2002-11-14,2002,11,14,2875,588,0.16133944896233413,318,3
2002-11-15,2002,11,15,2876,547,0.08906130348568847,319,4
2002-11-16,2002,11,16,2877,480,-0.04160139503435611,320,5
2002-11-17,2002,11,17,2878,434,-0.14234296483588793,321,6
2002-11-18,2002,11,18,2879,543,0.08172182099764269,322,0
2002-11-19,2002,11,19,2880,553,0.09997050258604206,323,1
2002-11-20,2002,11,20,2881,580,0.14764060460417222,324,2
2002-11-21,2002,11,21,2882,573,0.13549821777844687,325,3
2002-11-22,2002,11,22,2883,559,0.11076197421880644,326,4
2002-11-23,2002,11,23,2884,419,-0.1775165790141551,327,5
2002-11-24,2002,11,24,2885,408,-0.204120324532131,328,6
2002-11-25,2002,11,25,2886,543,0.08172182099764269,329,0
2002-11-26,2002,11,26,2887,590,0.16473503796347236,330,1
2002-11-27,2002,11,27,2888,585,0.1562243482955638,331,2
2002-11-28,2002,11,28,2889,568,0.12673391978485854,332,3
2002-11-29,2002,11,29,2890,573,0.13549821777844687,333,4
2002-11-30,2002,11,30,2891,448,-0.1105942665213076,334,5
2002-12-01,2002,12,1,2892,449,-0.10836461119403848,335,6
2002-12-02,2002,12,2,2893,523,0.04419396512863013,336,0
2002-12-03,2002,12,3,2894,581,0.14936325791561852,337,1
2002-12-04,2002,12,4,2895,564,0.11966675256176608,338,2
2002-12-05,2002,12,5,2896,493,-0.014878324893602708,339,3
2002-12-06,2002,12,6,2897,563,0.11789212920339767,340,4
2002-12-07,2002,12,7,2898,411,-0.1967942844400581,341,5
2002-12-08,2002,12,8,2899,426,-0.1609481526669224,342,6
2002-12-09,2002,12,9,2900,589,0.163038684715294,343,0
2002-12-10,2002,12,10,2901,561,0.11433340658640359,344,1
2002-12-11,2002,12,11,2902,614,0.2046074292108497,345,2
2002-12-12,2002,12,12,2903,636,0.23981106440382943,346,3
2002-12-13,2002,12,13,2904,529,0.05560093292200662,347,4
2002-12-14,2002,12,14,2905,464,-0.07550294671003747,348,5
2002-12-15,2002,12,15,2906,456,-0.09289468942190668,349,6
2002-12-16,2002,12,16,2907,562,0.11611435095739826,350,0
2002-12-17,2002,12,17,2908,598,0.17820325501433898,351,1
2002-12-18,2002,12,18,2909,653,0.26618963034013826,352,2
2002-12-19,2002,12,19,2910,664,0.2828946505401412,353,3
2002-12-20,2002,12,20,2911,608,0.19478738302987425,354,4
2002-12-21,2002,12,21,2912,436,-0.13774525558725847,355,5
2002-12-22,2002,12,22,2913,441,-0.12634262348944678,356,6
2002-12-23,2002,12,23,2914,591,0.16642851846980553,357,0
2002-12-24,2002,12,24,2915,585,0.1562243482955638,358,1
2002-12-25,2002,12,25,2916,463,-0.07766044485005867,359,2
2002-12-26,2002,12,26,2917,439,-0.13088808586112144,360,3
2002-12-27,2002,12,27,2918,547,0.08906130348568847,361,4
2002-12-28,2002,12,28,2919,485,-0.031238607998809516,362,5
2002-12-29,2002,12,29,2920,496,-0.008811572211365326,363,6
2002-12-30,2002,12,30,2921,598,0.17820325501433898,364,0
2002-12-31,2002,12,31,2922,490,-0.020982107831620526,365,1
2003-01-01,2003,1,1,2923,422,-0.170382184900281,1,2
2003-01-02,2003,1,2,2924,581,0.14936325791561852,2,3
2003-01-03,2003,1,3,2925,633,0.23508292320788338,3,4
2003-01-04,2003,1,4,2926,484,-0.03330259221966101,4,5
2003-01-05,2003,1,5,2927,474,-0.05418017724121624,5,6
2003-01-06,2003,1,6,2928,591,0.16642851846980553,6,0
2003-01-07,2003,1,7,2929,618,0.211100958521398,7,1
2003-01-08,2003,1,8,2930,586,0.15793229064071984,8,2
2003-01-09,2003,1,9,2931,581,0.14936325791561852,9,3
2003-01-10,2003,1,10,2932,587,0.15963732089180377,10,4
2003-01-11,2003,1,11,2933,456,-0.09289468942190668,11,5
2003-01-12,2003,1,12,2934,431,-0.149279408832545,12,6
2003-01-13,2003,1,13,2935,583,0.1527996874141997,13,0
2003-01-14,2003,1,14,2936,557,0.1071777409909913,14,1
2003-01-15,2003,1,15,2937,606,0.1914924871330217,15,2
2003-01-16,2003,1,16,2938,625,0.22236415080010868,16,3
2003-01-17,2003,1,17,2939,597,0.1765296144563094,17,4
2003-01-18,2003,1,18,2940,443,-0.12181772889115713,18,5
2003-01-19,2003,1,19,2941,436,-0.13774525558725847,19,6
2003-01-20,2003,1,20,2942,606,0.1914924871330217,20,0
2003-01-21,2003,1,21,2943,620,0.2143319791028445,21,1
2003-01-22,2003,1,22,2944,562,0.11611435095739826,22,2
2003-01-23,2003,1,23,2945,553,0.09997050258604206,23,3
2003-01-24,2003,1,24,2946,554,0.10177718781099099,24,4
2003-01-25,2003,1,25,2947,480,-0.04160139503435611,25,5
2003-01-26,2003,1,26,2948,497,-0.006797472839664082,26,6
2003-01-27,2003,1,27,2949,571,0.1320017107197175,27,0
2003-01-28,2003,1,28,2950,635,0.23823749995639884,28,1
2003-01-29,2003,1,29,2951,603,0.1865296977908926,29,2
2003-01-30,2003,1,30,2952,614,0.2046074292108497,30,3
2003-01-31,2003,1,31,2953,567,0.12497180479145936,31,4
2003-02-01,2003,2,1,2954,468,-0.066919203018646,32,5
2003-02-02,2003,2,2,2955,435,-0.1400414678476087,33,6
2003-02-03,2003,2,3,2956,622,0.2175525938028867,34,0
2003-02-04,2003,2,4,2957,634,0.2366614555009332,35,1
2003-02-05,2003,2,5,2958,611,0.19970946023530248,36,2
2003-02-06,2003,2,6,2959,566,0.12320657926689012,37,3
2003-02-07,2003,2,7,2960,585,0.1562243482955638,38,4
2003-02-08,2003,2,8,2961,480,-0.04160139503435611,39,5
2003-02-09,2003,2,9,2962,472,-0.05840851335073735,40,6
2003-02-10,2003,2,10,2963,573,0.13549821777844687,41,0
2003-02-11,2003,2,11,2964,648,0.258503197415982,42,1
2003-02-12,2003,2,12,2965,589,0.163038684715294,43,2
2003-02-13,2003,2,13,2966,565,0.12143823221014823,44,3
2003-02-14,2003,2,14,2967,597,0.1765296144563094,45,4
2003-02-15,2003,2,15,2968,456,-0.09289468942190668,46,5
2003-02-16,2003,2,16,2969,428,-0.156264303354496,47,6
2003-02-17,2003,2,17,2970,596,0.174853168129057,48,0
2003-02-18,2003,2,18,2971,600,0.1815421562798536,49,1
2003-02-19,2003,2,19,2972,640,0.24608067741742481,50,2
2003-02-20,2003,2,20,2973,592,0.1681191359477129,51,3
2003-02-21,2003,2,21,2974,567,0.12497180479145936,52,4
2003-02-22,2003,2,22,2975,462,-0.0798226078545539,53,5
2003-02-23,2003,2,23,2976,446,-0.11506854691622871,54,6
2003-02-24,2003,2,24,2977,591,0.16642851846980553,55,0
2003-02-25,2003,2,25,2978,611,0.19970946023530248,56,1
2003-02-26,2003,2,26,2979,616,0.20785946459722704,57,2
2003-02-27,2003,2,27,2980,580,0.14764060460417222,58,3
2003-02-28,2003,2,28,2981,549,0.09271094257323789,59,4
2003-03-01,2003,3,1,2982,466,-0.07120186481064687,60,5
2003-03-02,2003,3,2,2983,465,-0.07335009334893643,61,6
2003-03-03,2003,3,3,2984,568,0.12673391978485854,62,0
2003-03-04,2003,3,4,2985,580,0.14764060460417222,63,1
2003-03-05,2003,3,5,2986,584,0.15451348389193428,64,2
2003-03-06,2003,3,6,2987,569,0.1284929351900382,65,3
2003-03-07,2003,3,7,2988,527,0.051813049605069564,66,4
2003-03-08,2003,3,8,2989,477,-0.04787100804795151,67,5
2003-03-09,2003,3,9,2990,461,-0.08198945593964423,68,6
2003-03-10,2003,3,10,2991,578,0.14418636973608467,69,0
2003-03-11,2003,3,11,2992,637,0.24138215663587054,70,1
2003-03-12,2003,3,12,2993,585,0.1562243482955638,71,2
2003-03-13,2003,3,13,2994,597,0.1765296144563094,72,3
2003-03-14,2003,3,14,2995,578,0.14418636973608467,73,4
2003-03-15,2003,3,15,2996,477,-0.04787100804795151,74,5
2003-03-16,2003,3,16,2997,472,-0.05840851335073735,75,6
2003-03-17,2003,3,17,2998,572,0.1337514924435051,76,0
2003-03-18,2003,3,18,2999,556,0.10538079531428955,77,1
2003-03-19,2003,3,19,3000,582,0.15108294879514503,78,2
2003-03-20,2003,3,20,3001,597,0.1765296144563094,79,3
2003-03-21,2003,3,21,3002,557,0.1071777409909913,80,4
2003-03-22,2003,3,22,3003,453,-0.09949537345325875,81,5
2003-03-23,2003,3,23,3004,432,-0.14696191069218248,82,6
2003-03-24,2003,3,24,3005,555,0.10358061481014179,83,0
2003-03-25,2003,3,25,3006,590,0.16473503796347236,84,1
2003-03-26,2003,3,26,3007,551,0.09634731021662175,85,2
2003-03-27,2003,3,27,3008,563,0.11789212920339767,86,3
2003-03-28,2003,3,28,3009,554,0.10177718781099099,87,4
2003-03-29,2003,3,29,3010,531,0.05937452230564608,88,5
2003-03-30,2003,3,30,3011,459,-0.0863372888757476,89,6
2003-03-31,2003,3,31,3012,582,0.15108294879514503,90,0
2003-04-01,2003,4,1,3013,553,0.09997050258604206,91,1
2003-04-02,2003,4,2,3014,548,0.0908877880117227,92,2
2003-04-03,2003,4,3,3015,572,0.1337514924435051,93,3
2003-04-04,2003,4,4,3016,582,0.15108294879514503,94,4
2003-04-05,2003,4,5,3017,448,-0.1105942665213076,95,5
2003-04-06,2003,4,6,3018,472,-0.05840851335073735,96,6
2003-04-07,2003,4,7,3019,553,0.09997050258604206,97,0
2003-04-08,2003,4,8,3020,590,0.16473503796347236,98,1
2003-04-09,2003,4,9,3021,562,0.11611435095739826,99,2
2003-04-10,2003,4,10,3022,616,0.20785946459722704,100,3
2003-04-11,2003,4,11,3023,580,0.14764060460417222,101,4
2003-04-12,2003,4,12,3024,480,-0.04160139503435611,102,5
2003-04-13,2003,4,13,3025,462,-0.0798226078545539,103,6
2003-04-14,2003,4,14,3026,576,0.14072016175959845,104,0
2003-04-15,2003,4,15,3027,622,0.2175525938028867,105,1
2003-04-16,2003,4,16,3028,628,0.22715266753190594,106,2
2003-04-17,2003,4,17,3029,625,0.22236415080010868,107,3
2003-04-18,2003,4,18,3030,593,0.16980690006143276,108,4
2003-04-19,2003,4,19,3031,473,-0.056292110444359764,109,5
2003-04-20,2003,4,20,3032,472,-0.05840851335073735,110,6
2003-04-21,2003,4,21,3033,479,-0.043686901525377485,111,0
2003-04-22,2003,4,22,3034,589,0.163038684715294,112,1
2003-04-23,2003,4,23,3035,612,0.20134478357603333,113,2
2003-04-24,2003,4,24,3036,602,0.18486994637252827,114,3
2003-04-25,2003,4,25,3037,646,0.25541200484630916,115,4
2003-04-26,2003,4,26,3038,471,-0.060529404919874984,116,5
2003-04-27,2003,4,27,3039,458,-0.0885183148221078,117,6
2003-04-28,2003,4,28,3040,609,0.1964307687736042,118,0
2003-04-29,2003,4,29,3041,609,0.1964307687736042,119,1
2003-04-30,2003,4,30,3042,503,0.005202671163446407,120,2
2003-05-01,2003,5,1,3043,598,0.17820325501433898,121,3
2003-05-02,2003,5,2,3044,587,0.15963732089180377,122,4
2003-05-03,2003,5,3,3045,512,0.02293712610321511,123,5
2003-05-04,2003,5,4,3046,462,-0.0798226078545539,124,6
2003-05-05,2003,5,5,3047,555,0.10358061481014179,125,0
2003-05-06,2003,5,6,3048,576,0.14072016175959845,126,1
2003-05-07,2003,5,7,3049,598,0.17820325501433898,127,2
2003-05-08,2003,5,8,3050,594,0.17149182042635217,128,3
2003-05-09,2003,5,9,3051,586,0.15793229064071984,129,4
2003-05-10,2003,5,10,3052,426,-0.1609481526669224,130,5
2003-05-11,2003,5,11,3053,429,-0.15393058000827584,131,6
2003-05-12,2003,5,12,3054,570,0.13024886189230303,132,0
2003-05-13,2003,5,13,3055,583,0.1527996874141997,133,1
2003-05-14,2003,5,14,3056,602,0.18486994637252827,134,2
2003-05-15,2003,5,15,3057,558,0.10897146344501811,135,3
2003-05-16,2003,5,16,3058,573,0.13549821777844687,136,4
2003-05-17,2003,5,17,3059,468,-0.066919203018646,137,5
2003-05-18,2003,5,18,3060,436,-0.13774525558725847,138,6
2003-05-19,2003,5,19,3061,580,0.14764060460417222,139,0
2003-05-20,2003,5,20,3062,578,0.14418636973608467,140,1
2003-05-21,2003,5,21,3063,542,0.07987850250335336,141,2
2003-05-22,2003,5,22,3064,533,0.06313392522955179,142,3
2003-05-23,2003,5,23,3065,572,0.1337514924435051,143,4
2003-05-24,2003,5,24,3066,424,-0.16565404370433506,144,5
2003-05-25,2003,5,25,3067,399,-0.22642608204642928,145,6
2003-05-26,2003,5,26,3068,557,0.1071777409909913,146,0
2003-05-27,2003,5,27,3069,598,0.17820325501433898,147,1
2003-05-28,2003,5,28,3070,564,0.11966675256176608,148,2
2003-05-29,2003,5,29,3071,511,0.020982091267411646,149,3
2003-05-30,2003,5,30,3072,516,0.03071926654527006,150,4
2003-05-31,2003,5,31,3073,485,-0.031238607998809516,151,5
2003-06-01,2003,6,1,3074,439,-0.13088808586112144,152,6
2003-06-02,2003,6,2,3075,589,0.163038684715294,153,0
2003-06-03,2003,6,3,3076,603,0.1865296977908926,154,1
2003-06-04,2003,6,4,3077,608,0.19478738302987425,155,2
2003-06-05,2003,6,5,3078,569,0.1284929351900382,156,3
2003-06-06,2003,6,6,3079,607,0.1931412921232054,157,4
2003-06-07,2003,6,7,3080,492,-0.016908782443984704,158,5
2003-06-08,2003,6,8,3081,431,-0.149279408832545,159,6
2003-06-09,2003,6,9,3082,457,-0.09070410804208806,160,0
2003-06-10,2003,6,10,3083,558,0.10897146344501811,161,1
2003-06-11,2003,6,11,3084,631,0.23191836360492035,162,2
2003-06-12,2003,6,12,3085,579,0.14591497863670255,163,3
2003-06-13,2003,6,13,3086,546,0.08723147680861221,164,4
2003-06-14,2003,6,14,3087,458,-0.0885183148221078,165,5
2003-06-15,2003,6,15,3088,445,-0.11731321677005256,166,6
2003-06-16,2003,6,16,3089,582,0.15108294879514503,167,0
2003-06-17,2003,6,17,3090,619,0.21271777374830328,168,1
2003-06-18,2003,6,18,3091,610,0.19807145823106417,169,2
2003-06-19,2003,6,19,3092,584,0.15451348389193428,170,3
2003-06-20,2003,6,20,3093,599,0.17987409917915648,171,4
2003-06-21,2003,6,21,3094,443,-0.12181772889115713,172,5
2003-06-22,2003,6,22,3095,430,-0.15160229024868468,173,6
2003-06-23,2003,6,23,3096,551,0.09634731021662175,174,0
2003-06-24,2003,6,24,3097,602,0.18486994637252827,175,1
2003-06-25,2003,6,25,3098,577,0.14245476757180686,176,2
2003-06-26,2003,6,26,3099,576,0.14072016175959845,177,3
2003-06-27,2003,6,27,3100,577,0.14245476757180686,178,4
2003-06-28,2003,6,28,3101,450,-0.10613991617192732,179,5
2003-06-29,2003,6,29,3102,513,0.02488834623447675,180,6
2003-06-30,2003,6,30,3103,600,0.1815421562798536,181,0
2003-07-01,2003,7,1,3104,568,0.12673391978485854,182,1
2003-07-02,2003,7,2,3105,598,0.17820325501433898,183,2
2003-07-03,2003,7,3,3106,594,0.17149182042635217,184,3
2003-07-04,2003,7,4,3107,587,0.15963732089180377,185,4
2003-07-05,2003,7,5,3108,508,0.01509394864218921,186,5
2003-07-06,2003,7,6,3109,453,-0.09949537345325875,187,6
2003-07-07,2003,7,7,3110,621,0.21594358299718594,188,0
2003-07-08,2003,7,8,3111,633,0.23508292320788338,189,1
2003-07-09,2003,7,9,3112,637,0.24138215663587054,190,2
2003-07-10,2003,7,10,3113,634,0.2366614555009332,191,3
2003-07-11,2003,7,11,3114,599,0.17987409917915648,192,4
2003-07-12,2003,7,12,3115,493,-0.014878324893602708,193,5
2003-07-13,2003,7,13,3116,485,-0.031238607998809516,194,6
2003-07-14,2003,7,14,3117,591,0.16642851846980553,195,0
2003-07-15,2003,7,15,3118,654,0.267719852520906,196,1
2003-07-16,2003,7,16,3119,677,0.3022837739759822,197,2
2003-07-17,2003,7,17,3120,627,0.22555904169662788,198,3
2003-07-18,2003,7,18,3121,599,0.17987409917915648,199,4
2003-07-19,2003,7,19,3122,493,-0.014878324893602708,200,5
2003-07-20,2003,7,20,3123,482,-0.03744338488569241,201,6
2003-07-21,2003,7,21,3124,602,0.18486994637252827,202,0
2003-07-22,2003,7,22,3125,619,0.21271777374830328,203,1
2003-07-23,2003,7,23,3126,574,0.1372418973832736,204,2
2003-07-24,2003,7,24,3127,688,0.3184013389970508,205,3
2003-07-25,2003,7,25,3128,582,0.15108294879514503,206,4
2003-07-26,2003,7,26,3129,457,-0.09070410804208806,207,5
2003-07-27,2003,7,27,3130,502,0.0032126207554365057,208,6
2003-07-28,2003,7,28,3131,585,0.1562243482955638,209,0
2003-07-29,2003,7,29,3132,588,0.16133944896233413,210,1
2003-07-30,2003,7,30,3133,602,0.18486994637252827,211,2
2003-07-31,2003,7,31,3134,581,0.14936325791561852,212,3
2003-08-01,2003,8,1,3135,584,0.15451348389193428,213,4
2003-08-02,2003,8,2,3136,494,-0.012851981748370309,214,5
2003-08-03,2003,8,3,3137,460,-0.08416100945315207,215,6
2003-08-04,2003,8,4,3138,589,0.163038684715294,216,0
2003-08-05,2003,8,5,3139,630,0.23033232044928564,217,1
2003-08-06,2003,8,6,3140,595,0.17317390660933707,218,2
2003-08-07,2003,8,7,3141,666,0.2859021716040964,219,3
2003-08-08,2003,8,8,3142,643,0.2507572253013266,220,4
2003-08-09,2003,8,9,3143,478,-0.04577676644483675,221,5
2003-08-10,2003,8,10,3144,429,-0.15393058000827584,222,6
2003-08-11,2003,8,11,3145,626,0.22396287216380578,223,0
2003-08-12,2003,8,12,3146,631,0.23191836360492035,224,1
2003-08-13,2003,8,13,3147,646,0.25541200484630916,225,2
2003-08-14,2003,8,14,3148,612,0.20134478357603333,226,3
2003-08-15,2003,8,15,3149,572,0.1337514924435051,227,4
2003-08-16,2003,8,16,3150,494,-0.012851981748370309,228,5
2003-08-17,2003,8,17,3151,471,-0.060529404919874984,229,6
2003-08-18,2003,8,18,3152,610,0.19807145823106417,230,0
2003-08-19,2003,8,19,3153,583,0.1527996874141997,231,1
2003-08-20,2003,8,20,3154,593,0.16980690006143276,232,2
2003-08-21,2003,8,21,3155,557,0.1071777409909913,233,3
2003-08-22,2003,8,22,3156,604,0.1881866989985222,234,4
2003-08-23,2003,8,23,3157,499,-0.00278140318477414,235,5
2003-08-24,2003,8,24,3158,500,-0.0007794005141010613,236,6
2003-08-25,2003,8,25,3159,593,0.16980690006143276,237,0
2003-08-26,2003,8,26,3160,586,0.15793229064071984,238,1
2003-08-27,2003,8,27,3161,661,0.27836634091539353,239,2
2003-08-28,2003,8,28,3162,581,0.14936325791561852,240,3
2003-08-29,2003,8,29,3163,617,0.20948152496909497,241,4
2003-08-30,2003,8,30,3164,482,-0.03744338488569241,242,5
2003-08-31,2003,8,31,3165,486,-0.02917887503579906,243,6
2003-09-01,2003,9,1,3166,591,0.16642851846980553,244,0
2003-09-02,2003,9,2,3167,585,0.1562243482955638,245,1
2003-09-03,2003,9,3,3168,606,0.1914924871330217,246,2
2003-09-04,2003,9,4,3169,580,0.14764060460417222,247,3
2003-09-05,2003,9,5,3170,593,0.16980690006143276,248,4
2003-09-06,2003,9,6,3171,496,-0.008811572211365326,249,5
2003-09-07,2003,9,7,3172,462,-0.0798226078545539,250,6
2003-09-08,2003,9,8,3173,613,0.20297743699991855,251,0
2003-09-09,2003,9,9,3174,613,0.20297743699991855,252,1
2003-09-10,2003,9,10,3175,617,0.20948152496909497,253,2
2003-09-11,2003,9,11,3176,614,0.2046074292108497,254,3
2003-09-12,2003,9,12,3177,586,0.15793229064071984,255,4
2003-09-13,2003,9,13,3178,499,-0.00278140318477414,256,5
2003-09-14,2003,9,14,3179,471,-0.060529404919874984,257,6
2003-09-15,2003,9,15,3180,595,0.17317390660933707,258,0
2003-09-16,2003,9,16,3181,599,0.17987409917915648,259,1
2003-09-17,2003,9,17,3182,640,0.24608067741742481,260,2
2003-09-18,2003,9,18,3183,632,0.2335018952105647,261,3
2003-09-19,2003,9,19,3184,647,0.25695879556460777,262,4
2003-09-20,2003,9,20,3185,496,-0.008811572211365326,263,5
2003-09-21,2003,9,21,3186,481,-0.03952022883053154,264,6
2003-09-22,2003,9,22,3187,628,0.22715266753190594,265,0
2003-09-23,2003,9,23,3188,628,0.22715266753190594,266,1
2003-09-24,2003,9,24,3189,637,0.24138215663587054,267,2
2003-09-25,2003,9,25,3190,572,0.1337514924435051,268,3
2003-09-26,2003,9,26,3191,601,0.18320743559891473,269,4
2003-09-27,2003,9,27,3192,481,-0.03952022883053154,270,5
2003-09-28,2003,9,28,3193,490,-0.020982107831620526,271,6
2003-09-29,2003,9,29,3194,634,0.2366614555009332,272,0
2003-09-30,2003,9,30,3195,651,0.26312214327227645,273,1
2003-10-01,2003,10,1,3196,596,0.174853168129057,274,2
2003-10-02,2003,10,2,3197,630,0.23033232044928564,275,3
2003-10-03,2003,10,3,3198,587,0.15963732089180377,276,4
2003-10-04,2003,10,4,3199,496,-0.008811572211365326,277,5
2003-10-05,2003,10,5,3200,448,-0.1105942665213076,278,6
2003-10-06,2003,10,6,3201,587,0.15963732089180377,279,0
2003-10-07,2003,10,7,3202,657,0.27229651954831774,280,1
2003-10-08,2003,10,8,3203,592,0.1681191359477129,281,2
2003-10-09,2003,10,9,3204,630,0.23033232044928564,282,3
2003-10-10,2003,10,10,3205,576,0.14072016175959845,283,4
2003-10-11,2003,10,11,3206,493,-0.014878324893602708,284,5
2003-10-12,2003,10,12,3207,442,-0.12407761685859466,285,6
2003-10-13,2003,10,13,3208,581,0.14936325791561852,286,0
2003-10-14,2003,10,14,3209,592,0.1681191359477129,287,1
2003-10-15,2003,10,15,3210,572,0.1337514924435051,288,2
2003-10-16,2003,10,16,3211,562,0.11611435095739826,289,3
2003-10-17,2003,10,17,3212,573,0.13549821777844687,290,4
2003-10-18,2003,10,18,3213,468,-0.066919203018646,291,5
2003-10-19,2003,10,19,3214,418,-0.1799060664115365,292,6
2003-10-20,2003,10,20,3215,591,0.16642851846980553,293,0
2003-10-21,2003,10,21,3216,587,0.15963732089180377,294,1
2003-10-22,2003,10,22,3217,559,0.11076197421880644,295,2
2003-10-23,2003,10,23,3218,516,0.03071926654527006,296,3
2003-10-24,2003,10,24,3219,546,0.08723147680861221,297,4
2003-10-25,2003,10,25,3220,487,-0.027123375853703034,298,5
2003-10-26,2003,10,26,3221,460,-0.08416100945315207,299,6
2003-10-27,2003,10,27,3222,578,0.14418636973608467,300,0
2003-10-28,2003,10,28,3223,557,0.1071777409909913,301,1
2003-10-29,2003,10,29,3224,573,0.13549821777844687,302,2
2003-10-30,2003,10,30,3225,556,0.10538079531428955,303,3
2003-10-31,2003,10,31,3226,577,0.14245476757180686,304,4
2003-11-01,2003,11,1,3227,476,-0.04996964470487272,305,5
2003-11-02,2003,11,2,3228,420,-0.17513278765887882,306,6
2003-11-03,2003,11,3,3229,579,0.14591497863670255,307,0
2003-11-04,2003,11,4,3230,536,0.06874666213450913,308,1
2003-11-05,2003,11,5,3231,606,0.1914924871330217,309,2
2003-11-06,2003,11,6,3232,550,0.09453077929022377,310,3
2003-11-07,2003,11,7,3233,558,0.10897146344501811,311,4
2003-11-08,2003,11,8,3234,479,-0.043686901525377485,312,5
2003-11-09,2003,11,9,3235,416,-0.18470223867502955,313,6
2003-11-10,2003,11,10,3236,560,0.1125492847929021,314,0
2003-11-11,2003,11,11,3237,570,0.13024886189230303,315,1
2003-11-12,2003,11,12,3238,584,0.15451348389193428,316,2
2003-11-13,2003,11,13,3239,609,0.1964307687736042,317,3
2003-11-14,2003,11,14,3240,569,0.1284929351900382,318,4
2003-11-15,2003,11,15,3241,441,-0.12634262348944678,319,5
2003-11-16,2003,11,16,3242,429,-0.15393058000827584,320,6
2003-11-17,2003,11,17,3243,587,0.15963732089180377,321,0
2003-11-18,2003,11,18,3244,605,0.18984095909454862,322,1
2003-11-19,2003,11,19,3245,541,0.07803177991018878,323,2
2003-11-20,2003,11,20,3246,566,0.12320657926689012,324,3
2003-11-21,2003,11,21,3247,569,0.1284929351900382,325,4
2003-11-22,2003,11,22,3248,469,-0.06478473049001338,326,5
2003-11-23,2003,11,23,3249,432,-0.14696191069218248,327,6
2003-11-24,2003,11,24,3250,569,0.1284929351900382,328,0
2003-11-25,2003,11,25,3251,599,0.17987409917915648,329,1
2003-11-26,2003,11,26,3252,537,0.07061059557257193,330,2
2003-11-27,2003,11,27,3253,564,0.11966675256176608,331,3
2003-11-28,2003,11,28,3254,565,0.12143823221014823,332,4
2003-11-29,2003,11,29,3255,436,-0.13774525558725847,333,5
2003-11-30,2003,11,30,3256,443,-0.12181772889115713,334,6
2003-12-01,2003,12,1,3257,555,0.10358061481014179,335,0
2003-12-02,2003,12,2,3258,561,0.11433340658640359,336,1
2003-12-03,2003,12,3,3259,503,0.005202671163446407,337,2
2003-12-04,2003,12,4,3260,505,0.009170930339067029,338,3
2003-12-05,2003,12,5,3261,442,-0.12407761685859466,339,4
2003-12-06,2003,12,6,3262,449,-0.10836461119403848,340,5
2003-12-07,2003,12,7,3263,433,-0.14464977093380296,341,6
2003-12-08,2003,12,8,3264,524,0.04610418538474929,342,0
2003-12-09,2003,12,9,3265,571,0.1320017107197175,343,1
2003-12-10,2003,12,10,3266,593,0.16980690006143276,344,2
2003-12-11,2003,12,11,3267,589,0.163038684715294,345,3
2003-12-12,2003,12,12,3268,570,0.13024886189230303,346,4
2003-12-13,2003,12,13,3269,407,-0.20657431349369773,347,5
2003-12-14,2003,12,14,3270,415,-0.18710897870559454,348,6
2003-12-15,2003,12,15,3271,563,0.11789212920339767,349,0
2003-12-16,2003,12,16,3272,539,0.07432807197270441,350,1
2003-12-17,2003,12,17,3273,527,0.051813049605069564,351,2
2003-12-18,2003,12,18,3274,539,0.07432807197270441,352,3
2003-12-19,2003,12,19,3275,531,0.05937452230564608,353,4
2003-12-20,2003,12,20,3276,411,-0.1967942844400581,354,5
2003-12-21,2003,12,21,3277,423,-0.16801531989001484,355,6
2003-12-22,2003,12,22,3278,566,0.12320657926689012,356,0
2003-12-23,2003,12,23,3279,552,0.09816054734080248,357,1
2003-12-24,2003,12,24,3280,529,0.05560093292200662,358,2
2003-12-25,2003,12,25,3281,357,-0.3376517171566537,359,3
2003-12-26,2003,12,26,3282,406,-0.20903433933456006,360,4
2003-12-27,2003,12,27,3283,447,-0.11282890432272394,361,5
2003-12-28,2003,12,28,3284,432,-0.14696191069218248,362,6
2003-12-29,2003,12,29,3285,566,0.12320657926689012,363,0
2003-12-30,2003,12,30,3286,545,0.08539829572695133,364,1
2003-12-31,2003,12,31,3287,504,0.007188769135075929,365,2
2004-01-01,2004,1,1,3288,343,-0.3776570517703529,1,3
2004-01-02,2004,1,2,3289,428,-0.156264303354496,2,4
2004-01-03,2004,1,3,3290,417,-0.18230127713749136,3,5
2004-01-04,2004,1,4,3291,380,-0.2752162462158613,4,6
2004-01-05,2004,1,5,3292,516,0.03071926654527006,5,0
2004-01-06,2004,1,6,3293,608,0.19478738302987425,6,1
2004-01-07,2004,1,7,3294,553,0.09997050258604206,7,2
2004-01-08,2004,1,8,3295,600,0.1815421562798536,8,3
2004-01-09,2004,1,9,3296,591,0.16642851846980553,9,4
2004-01-10,2004,1,10,3297,456,-0.09289468942190668,10,5
2004-01-11,2004,1,11,3298,412,-0.19436414958676645,11,6
2004-01-12,2004,1,12,3299,603,0.1865296977908926,12,0
2004-01-13,2004,1,13,3300,585,0.1562243482955638,13,1
2004-01-14,2004,1,14,3301,597,0.1765296144563094,14,2
2004-01-15,2004,1,15,3302,589,0.163038684715294,15,3
2004-01-16,2004,1,16,3303,551,0.09634731021662175,16,4
2004-01-17,2004,1,17,3304,474,-0.05418017724121624,17,5
2004-01-18,2004,1,18,3305,427,-0.15860348570766825,18,6
2004-01-19,2004,1,19,3306,491,-0.01894337114177224,19,0
2004-01-20,2004,1,20,3307,590,0.16473503796347236,20,1
2004-01-21,2004,1,21,3308,586,0.15793229064071984,21,2
2004-01-22,2004,1,22,3309,603,0.1865296977908926,22,3
2004-01-23,2004,1,23,3310,574,0.1372418973832736,23,4
2004-01-24,2004,1,24,3311,446,-0.11506854691622871,24,5
2004-01-25,2004,1,25,3312,469,-0.06478473049001338,25,6
2004-01-26,2004,1,26,3313,563,0.11789212920339767,26,0
2004-01-27,2004,1,27,3314,565,0.12143823221014823,27,1
2004-01-28,2004,1,28,3315,590,0.16473503796347236,28,2
2004-01-29,2004,1,29,3316,549,0.09271094257323789,29,3
2004-01-30,2004,1,30,3317,587,0.15963732089180377,30,4
2004-01-31,2004,1,31,3318,486,-0.02917887503579906,31,5
2004-02-01,2004,2,1,3319,396,-0.2339732876818122,32,6
2004-02-02,2004,2,2,3320,508,0.01509394864218921,33,0
2004-02-03,2004,2,3,3321,613,0.20297743699991855,34,1
2004-02-04,2004,2,4,3322,578,0.14418636973608467,35,2
2004-02-05,2004,2,5,3323,545,0.08539829572695133,36,3
2004-02-06,2004,2,6,3324,542,0.07987850250335336,37,4
2004-02-07,2004,2,7,3325,480,-0.04160139503435611,38,5
2004-02-08,2004,2,8,3326,418,-0.1799060664115365,39,6
2004-02-09,2004,2,9,3327,552,0.09816054734080248,40,0
2004-02-10,2004,2,10,3328,564,0.11966675256176608,41,1
2004-02-11,2004,2,11,3329,548,0.0908877880117227,42,2
2004-02-12,2004,2,12,3330,582,0.15108294879514503,43,3
2004-02-13,2004,2,13,3331,527,0.051813049605069564,44,4
2004-02-14,2004,2,14,3332,442,-0.12407761685859466,45,5
2004-02-15,2004,2,15,3333,461,-0.08198945593964423,46,6
2004-02-16,2004,2,16,3334,558,0.10897146344501811,47,0
2004-02-17,2004,2,17,3335,572,0.1337514924435051,48,1
2004-02-18,2004,2,18,3336,533,0.06313392522955179,49,2
2004-02-19,2004,2,19,3337,573,0.13549821777844687,50,3
2004-02-20,2004,2,20,3338,551,0.09634731021662175,51,4
2004-02-21,2004,2,21,3339,467,-0.06905824126739543,52,5
2004-02-22,2004,2,22,3340,414,-0.18952152511097844,53,6
2004-02-23,2004,2,23,3341,577,0.14245476757180686,54,0
2004-02-24,2004,2,24,3342,561,0.11433340658640359,55,1
2004-02-25,2004,2,25,3343,587,0.15963732089180377,56,2
2004-02-26,2004,2,26,3344,605,0.18984095909454862,57,3
2004-02-27,2004,2,27,3345,557,0.1071777409909913,58,4
2004-02-28,2004,2,28,3346,460,-0.08416100945315207,59,5
2004-02-29,2004,2,29,3347,409,-0.20167234289349095,60,6
2004-03-01,2004,3,1,3348,538,0.07247106122549156,61,0
2004-03-02,2004,3,2,3349,580,0.14764060460417222,62,1
2004-03-03,2004,3,3,3350,590,0.16473503796347236,63,2
2004-03-04,2004,3,4,3351,597,0.1765296144563094,64,3
2004-03-05,2004,3,5,3352,563,0.11789212920339767,65,4
2004-03-06,2004,3,6,3353,485,-0.031238607998809516,66,5
2004-03-07,2004,3,7,3354,457,-0.09070410804208806,67,6
2004-03-08,2004,3,8,3355,577,0.14245476757180686,68,0
2004-03-09,2004,3,9,3356,555,0.10358061481014179,69,1
2004-03-10,2004,3,10,3357,519,0.03651638422959586,70,2
2004-03-11,2004,3,11,3358,538,0.07247106122549156,71,3
2004-03-12,2004,3,12,3359,572,0.1337514924435051,72,4
2004-03-13,2004,3,13,3360,468,-0.066919203018646,73,5
2004-03-14,2004,3,14,3361,386,-0.2595501294714619,74,6
2004-03-15,2004,3,15,3362,524,0.04610418538474929,75,0
2004-03-16,2004,3,16,3363,527,0.051813049605069564,76,1
2004-03-17,2004,3,17,3364,552,0.09816054734080248,77,2
2004-03-18,2004,3,18,3365,564,0.11966675256176608,78,3
2004-03-19,2004,3,19,3366,503,0.005202671163446407,79,4
2004-03-20,2004,3,20,3367,401,-0.22142607162972353,80,5
2004-03-21,2004,3,21,3368,431,-0.149279408832545,81,6
2004-03-22,2004,3,22,3369,552,0.09816054734080248,82,0
2004-03-23,2004,3,23,3370,554,0.10177718781099099,83,1
2004-03-24,2004,3,24,3371,534,0.06500834002390198,84,2
2004-03-25,2004,3,25,3372,579,0.14591497863670255,85,3
2004-03-26,2004,3,26,3373,515,0.028779401727443366,86,4
2004-03-27,2004,3,27,3374,427,-0.15860348570766825,87,5
2004-03-28,2004,3,28,3375,398,-0.22893549365185503,88,6
2004-03-29,2004,3,29,3376,535,0.0668792479597138,89,0
2004-03-30,2004,3,30,3377,596,0.174853168129057,90,1
2004-03-31,2004,3,31,3378,598,0.17820325501433898,91,2
2004-04-01,2004,4,1,3379,523,0.04419396512863013,92,3
2004-04-02,2004,4,2,3380,556,0.10538079531428955,93,4
2004-04-03,2004,4,3,3381,442,-0.12407761685859466,94,5
2004-04-04,2004,4,4,3382,459,-0.0863372888757476,95,6
2004-04-05,2004,4,5,3383,519,0.03651638422959586,96,0
2004-04-06,2004,4,6,3384,566,0.12320657926689012,97,1
2004-04-07,2004,4,7,3385,539,0.07432807197270441,98,2
2004-04-08,2004,4,8,3386,599,0.17987409917915648,99,3
2004-04-09,2004,4,9,3387,570,0.13024886189230303,100,4
2004-04-10,2004,4,10,3388,466,-0.07120186481064687,101,5
2004-04-11,2004,4,11,3389,415,-0.18710897870559454,102,6
2004-04-12,2004,4,12,3390,472,-0.05840851335073735,103,0
2004-04-13,2004,4,13,3391,541,0.07803177991018878,104,1
2004-04-14,2004,4,14,3392,588,0.16133944896233413,105,2
2004-04-15,2004,4,15,3393,548,0.0908877880117227,106,3
2004-04-16,2004,4,16,3394,589,0.163038684715294,107,4
2004-04-17,2004,4,17,3395,455,-0.09509007998534234,108,5
2004-04-18,2004,4,18,3396,465,-0.07335009334893643,109,6
2004-04-19,2004,4,19,3397,584,0.15451348389193428,110,0
2004-04-20,2004,4,20,3398,578,0.14418636973608467,111,1
2004-04-21,2004,4,21,3399,548,0.0908877880117227,112,2
2004-04-22,2004,4,22,3400,569,0.1284929351900382,113,3
2004-04-23,2004,4,23,3401,562,0.11611435095739826,114,4
2004-04-24,2004,4,24,3402,450,-0.10613991617192732,115,5
2004-04-25,2004,4,25,3403,428,-0.156264303354496,116,6
2004-04-26,2004,4,26,3404,609,0.1964307687736042,117,0
2004-04-27,2004,4,27,3405,544,0.08356174791964978,118,1
2004-04-28,2004,4,28,3406,571,0.1320017107197175,119,2
2004-04-29,2004,4,29,3407,548,0.0908877880117227,120,3
2004-04-30,2004,4,30,3408,498,-0.0047874219116398825,121,4
2004-05-01,2004,5,1,3409,452,-0.10170531910406158,122,5
2004-05-02,2004,5,2,3410,431,-0.149279408832545,123,6
2004-05-03,2004,5,3,3411,546,0.08723147680861221,124,0
2004-05-04,2004,5,4,3412,579,0.14591497863670255,125,1
2004-05-05,2004,5,5,3413,502,0.0032126207554365057,126,2
2004-05-06,2004,5,6,3414,643,0.2507572253013266,127,3
2004-05-07,2004,5,7,3415,577,0.14245476757180686,128,4
2004-05-08,2004,5,8,3416,473,-0.056292110444359764,129,5
2004-05-09,2004,5,9,3417,460,-0.08416100945315207,130,6
2004-05-10,2004,5,10,3418,523,0.04419396512863013,131,0
2004-05-11,2004,5,11,3419,528,0.053708784769968605,132,1
2004-05-12,2004,5,12,3420,507,0.01312350465489037,133,2
2004-05-13,2004,5,13,3421,510,0.019023226782078777,134,3
2004-05-14,2004,5,14,3422,551,0.09634731021662175,135,4
2004-05-15,2004,5,15,3423,450,-0.10613991617192732,136,5
2004-05-16,2004,5,16,3424,376,-0.28579835554639826,137,6
2004-05-17,2004,5,17,3425,529,0.05560093292200662,138,0
2004-05-18,2004,5,18,3426,590,0.16473503796347236,139,1
2004-05-19,2004,5,19,3427,565,0.12143823221014823,140,2
2004-05-20,2004,5,20,3428,520,0.038441312639180374,141,3
2004-05-21,2004,5,21,3429,508,0.01509394864218921,142,4
2004-05-22,2004,5,22,3430,452,-0.10170531910406158,143,5
2004-05-23,2004,5,23,3431,411,-0.1967942844400581,144,6
2004-05-24,2004,5,24,3432,538,0.07247106122549156,145,0
2004-05-25,2004,5,25,3433,540,0.07618164062202722,146,1
2004-05-26,2004,5,26,3434,548,0.0908877880117227,147,2
2004-05-27,2004,5,27,3435,528,0.053708784769968605,148,3
2004-05-28,2004,5,28,3436,528,0.053708784769968605,149,4
2004-05-29,2004,5,29,3437,467,-0.06905824126739543,150,5
2004-05-30,2004,5,30,3438,457,-0.09070410804208806,151,6
2004-05-31,2004,5,31,3439,462,-0.0798226078545539,152,0
2004-06-01,2004,6,1,3440,515,0.028779401727443366,153,1
2004-06-02,2004,6,2,3441,636,0.23981106440382943,154,2
2004-06-03,2004,6,3,3442,545,0.08539829572695133,155,3
2004-06-04,2004,6,4,3443,576,0.14072016175959845,156,4
2004-06-05,2004,6,5,3444,459,-0.0863372888757476,157,5
2004-06-06,2004,6,6,3445,439,-0.13088808586112144,158,6
2004-06-07,2004,6,7,3446,580,0.14764060460417222,159,0
2004-06-08,2004,6,8,3447,618,0.211100958521398,160,1
2004-06-09,2004,6,9,3448,626,0.22396287216380578,161,2
2004-06-10,2004,6,10,3449,575,0.13898254186105774,162,3
2004-06-11,2004,6,11,3450,547,0.08906130348568847,163,4
2004-06-12,2004,6,12,3451,494,-0.012851981748370309,164,5
2004-06-13,2004,6,13,3452,465,-0.07335009334893643,165,6
2004-06-14,2004,6,14,3453,553,0.09997050258604206,166,0
2004-06-15,2004,6,15,3454,572,0.1337514924435051,167,1
2004-06-16,2004,6,16,3455,588,0.16133944896233413,168,2
2004-06-17,2004,6,17,3456,557,0.1071777409909913,169,3
2004-06-18,2004,6,18,3457,578,0.14418636973608467,170,4
2004-06-19,2004,6,19,3458,483,-0.03537084528372003,171,5
2004-06-20,2004,6,20,3459,429,-0.15393058000827584,172,6
2004-06-21,2004,6,21,3460,558,0.10897146344501811,173,0
2004-06-22,2004,6,22,3461,571,0.1320017107197175,174,1
2004-06-23,2004,6,23,3462,592,0.1681191359477129,175,2
2004-06-24,2004,6,24,3463,574,0.1372418973832736,176,3
2004-06-25,2004,6,25,3464,583,0.1527996874141997,177,4
2004-06-26,2004,6,26,3465,484,-0.03330259221966101,178,5
2004-06-27,2004,6,27,3466,468,-0.066919203018646,179,6
2004-06-28,2004,6,28,3467,600,0.1815421562798536,180,0
2004-06-29,2004,6,29,3468,608,0.19478738302987425,181,1
2004-06-30,2004,6,30,3469,604,0.1881866989985222,182,2
2004-07-01,2004,7,1,3470,578,0.14418636973608467,183,3
2004-07-02,2004,7,2,3471,536,0.06874666213450913,184,4
2004-07-03,2004,7,3,3472,459,-0.0863372888757476,185,5
2004-07-04,2004,7,4,3473,515,0.028779401727443366,186,6
2004-07-05,2004,7,5,3474,566,0.12320657926689012,187,0
2004-07-06,2004,7,6,3475,596,0.174853168129057,188,1
2004-07-07,2004,7,7,3476,627,0.22555904169662788,189,2
2004-07-08,2004,7,8,3477,593,0.16980690006143276,190,3
2004-07-09,2004,7,9,3478,631,0.23191836360492035,191,4
2004-07-10,2004,7,10,3479,449,-0.10836461119403848,192,5
2004-07-11,2004,7,11,3480,463,-0.07766044485005867,193,6
2004-07-12,2004,7,12,3481,613,0.20297743699991855,194,0
2004-07-13,2004,7,13,3482,605,0.18984095909454862,195,1
2004-07-14,2004,7,14,3483,600,0.1815421562798536,196,2
2004-07-15,2004,7,15,3484,575,0.13898254186105774,197,3
2004-07-16,2004,7,16,3485,621,0.21594358299718594,198,4
2004-07-17,2004,7,17,3486,446,-0.11506854691622871,199,5
2004-07-18,2004,7,18,3487,465,-0.07335009334893643,200,6
2004-07-19,2004,7,19,3488,583,0.1527996874141997,201,0
2004-07-20,2004,7,20,3489,577,0.14245476757180686,202,1
2004-07-21,2004,7,21,3490,584,0.15451348389193428,203,2
2004-07-22,2004,7,22,3491,617,0.20948152496909497,204,3
2004-07-23,2004,7,23,3492,621,0.21594358299718594,205,4
2004-07-24,2004,7,24,3493,464,-0.07550294671003747,206,5
2004-07-25,2004,7,25,3494,472,-0.05840851335073735,207,6
2004-07-26,2004,7,26,3495,561,0.11433340658640359,208,0
2004-07-27,2004,7,27,3496,590,0.16473503796347236,209,1
2004-07-28,2004,7,28,3497,608,0.19478738302987425,210,2
2004-07-29,2004,7,29,3498,585,0.1562243482955638,211,3
2004-07-30,2004,7,30,3499,635,0.23823749995639884,212,4
2004-07-31,2004,7,31,3500,489,-0.023025009461420796,213,5
2004-08-01,2004,8,1,3501,466,-0.07120186481064687,214,6
2004-08-02,2004,8,2,3502,586,0.15793229064071984,215,0
2004-08-03,2004,8,3,3503,575,0.13898254186105774,216,1
2004-08-04,2004,8,4,3504,603,0.1865296977908926,217,2
2004-08-05,2004,8,5,3505,577,0.14245476757180686,218,3
2004-08-06,2004,8,6,3506,591,0.16642851846980553,219,4
2004-08-07,2004,8,7,3507,533,0.06313392522955179,220,5
2004-08-08,2004,8,8,3508,469,-0.06478473049001338,221,6
2004-08-09,2004,8,9,3509,587,0.15963732089180377,222,0
2004-08-10,2004,8,10,3510,613,0.20297743699991855,223,1
2004-08-11,2004,8,11,3511,566,0.12320657926689012,224,2
2004-08-12,2004,8,12,3512,592,0.1681191359477129,225,3
2004-08-13,2004,8,13,3513,558,0.10897146344501811,226,4
2004-08-14,2004,8,14,3514,473,-0.056292110444359764,227,5
2004-08-15,2004,8,15,3515,448,-0.1105942665213076,228,6
2004-08-16,2004,8,16,3516,586,0.15793229064071984,229,0
2004-08-17,2004,8,17,3517,566,0.12320657926689012,230,1
2004-08-18,2004,8,18,3518,606,0.1914924871330217,231,2
2004-08-19,2004,8,19,3519,563,0.11789212920339767,232,3
2004-08-20,2004,8,20,3520,617,0.20948152496909497,233,4
2004-08-21,2004,8,21,3521,452,-0.10170531910406158,234,5
2004-08-22,2004,8,22,3522,458,-0.0885183148221078,235,6
2004-08-23,2004,8,23,3523,553,0.09997050258604206,236,0
2004-08-24,2004,8,24,3524,545,0.08539829572695133,237,1
2004-08-25,2004,8,25,3525,562,0.11611435095739826,238,2
2004-08-26,2004,8,26,3526,566,0.12320657926689012,239,3
2004-08-27,2004,8,27,3527,551,0.09634731021662175,240,4
2004-08-28,2004,8,28,3528,416,-0.18470223867502955,241,5
2004-08-29,2004,8,29,3529,460,-0.08416100945315207,242,6
2004-08-30,2004,8,30,3530,576,0.14072016175959845,243,0
2004-08-31,2004,8,31,3531,605,0.18984095909454862,244,1
2004-09-01,2004,9,1,3532,578,0.14418636973608467,245,2
2004-09-02,2004,9,2,3533,548,0.0908877880117227,246,3
2004-09-03,2004,9,3,3534,519,0.03651638422959586,247,4
2004-09-04,2004,9,4,3535,468,-0.066919203018646,248,5
2004-09-05,2004,9,5,3536,473,-0.056292110444359764,249,6
2004-09-06,2004,9,6,3537,556,0.10538079531428955,250,0
2004-09-07,2004,9,7,3538,556,0.10538079531428955,251,1
2004-09-08,2004,9,8,3539,561,0.11433340658640359,252,2
2004-09-09,2004,9,9,3540,572,0.1337514924435051,253,3
2004-09-10,2004,9,10,3541,564,0.11966675256176608,254,4
2004-09-11,2004,9,11,3542,464,-0.07550294671003747,255,5
2004-09-12,2004,9,12,3543,483,-0.03537084528372003,256,6
2004-09-13,2004,9,13,3544,548,0.0908877880117227,257,0
2004-09-14,2004,9,14,3545,616,0.20785946459722704,258,1
2004-09-15,2004,9,15,3546,582,0.15108294879514503,259,2
2004-09-16,2004,9,16,3547,560,0.1125492847929021,260,3
2004-09-17,2004,9,17,3548,575,0.13898254186105774,261,4
2004-09-18,2004,9,18,3549,491,-0.01894337114177224,262,5
2004-09-19,2004,9,19,3550,483,-0.03537084528372003,263,6
2004-09-20,2004,9,20,3551,600,0.1815421562798536,264,0
2004-09-21,2004,9,21,3552,593,0.16980690006143276,265,1
2004-09-22,2004,9,22,3553,587,0.15963732089180377,266,2
2004-09-23,2004,9,23,3554,582,0.15108294879514503,267,3
2004-09-24,2004,9,24,3555,593,0.16980690006143276,268,4
2004-09-25,2004,9,25,3556,463,-0.07766044485005867,269,5
2004-09-26,2004,9,26,3557,435,-0.1400414678476087,270,6
2004-09-27,2004,9,27,3558,593,0.16980690006143276,271,0
2004-09-28,2004,9,28,3559,565,0.12143823221014823,272,1
2004-09-29,2004,9,29,3560,636,0.23981106440382943,273,2
2004-09-30,2004,9,30,3561,594,0.17149182042635217,274,3
2004-10-01,2004,10,1,3562,612,0.20134478357603333,275,4
2004-10-02,2004,10,2,3563,453,-0.09949537345325875,276,5
2004-10-03,2004,10,3,3564,434,-0.14234296483588793,277,6
2004-10-04,2004,10,4,3565,565,0.12143823221014823,278,0
2004-10-05,2004,10,5,3566,586,0.15793229064071984,279,1
2004-10-06,2004,10,6,3567,559,0.11076197421880644,280,2
2004-10-07,2004,10,7,3568,575,0.13898254186105774,281,3
2004-10-08,2004,10,8,3569,560,0.1125492847929021,282,4
2004-10-09,2004,10,9,3570,441,-0.12634262348944678,283,5
2004-10-10,2004,10,10,3571,476,-0.04996964470487272,284,6
2004-10-11,2004,10,11,3572,514,0.02683576651887243,285,0
2004-10-12,2004,10,12,3573,583,0.1527996874141997,286,1
2004-10-13,2004,10,13,3574,556,0.10538079531428955,287,2
2004-10-14,2004,10,14,3575,537,0.07061059557257193,288,3
2004-10-15,2004,10,15,3576,591,0.16642851846980553,289,4
2004-10-16,2004,10,16,3577,435,-0.1400414678476087,290,5
2004-10-17,2004,10,17,3578,434,-0.14234296483588793,291,6
2004-10-18,2004,10,18,3579,569,0.1284929351900382,292,0
2004-10-19,2004,10,19,3580,540,0.07618164062202722,293,1
2004-10-20,2004,10,20,3581,589,0.163038684715294,294,2
2004-10-21,2004,10,21,3582,543,0.08172182099764269,295,3
2004-10-22,2004,10,22,3583,581,0.14936325791561852,296,4
2004-10-23,2004,10,23,3584,448,-0.1105942665213076,297,5
2004-10-24,2004,10,24,3585,423,-0.16801531989001484,298,6
2004-10-25,2004,10,25,3586,539,0.07432807197270441,299,0
2004-10-26,2004,10,26,3587,562,0.11611435095739826,300,1
2004-10-27,2004,10,27,3588,538,0.07247106122549156,301,2
2004-10-28,2004,10,28,3589,537,0.07061059557257193,302,3
2004-10-29,2004,10,29,3590,564,0.11966675256176608,303,4
2004-10-30,2004,10,30,3591,469,-0.06478473049001338,304,5
2004-10-31,2004,10,31,3592,426,-0.1609481526669224,305,6
2004-11-01,2004,11,1,3593,490,-0.020982107831620526,306,0
2004-11-02,2004,11,2,3594,590,0.16473503796347236,307,1
2004-11-03,2004,11,3,3595,545,0.08539829572695133,308,2
2004-11-04,2004,11,4,3596,521,0.040362542817074146,309,3
2004-11-05,2004,11,5,3597,550,0.09453077929022377,310,4
2004-11-06,2004,11,6,3598,454,-0.09729030089494478,311,5
2004-11-07,2004,11,7,3599,473,-0.056292110444359764,312,6
2004-11-08,2004,11,8,3600,605,0.18984095909454862,313,0
2004-11-09,2004,11,9,3601,576,0.14072016175959845,314,1
2004-11-10,2004,11,10,3602,553,0.09997050258604206,315,2
2004-11-11,2004,11,11,3603,556,0.10538079531428955,316,3
2004-11-12,2004,11,12,3604,536,0.06874666213450913,317,4
2004-11-13,2004,11,13,3605,444,-0.11956293650406802,318,5
2004-11-14,2004,11,14,3606,433,-0.14464977093380296,319,6
2004-11-15,2004,11,15,3607,535,0.0668792479597138,320,0
2004-11-16,2004,11,16,3608,561,0.11433340658640359,321,1
2004-11-17,2004,11,17,3609,518,0.03458774332319039,322,2
2004-11-18,2004,11,18,3610,547,0.08906130348568847,323,3
2004-11-19,2004,11,19,3611,604,0.1881866989985222,324,4
2004-11-20,2004,11,20,3612,435,-0.1400414678476087,325,5
2004-11-21,2004,11,21,3613,407,-0.20657431349369773,326,6
2004-11-22,2004,11,22,3614,560,0.1125492847929021,327,0
2004-11-23,2004,11,23,3615,587,0.15963732089180377,328,1
2004-11-24,2004,11,24,3616,545,0.08539829572695133,329,2
2004-11-25,2004,11,25,3617,511,0.020982091267411646,330,3
2004-11-26,2004,11,26,3618,555,0.10358061481014179,331,4
2004-11-27,2004,11,27,3619,436,-0.13774525558725847,332,5
2004-11-28,2004,11,28,3620,417,-0.18230127713749136,333,6
2004-11-29,2004,11,29,3621,551,0.09634731021662175,334,0
2004-11-30,2004,11,30,3622,518,0.03458774332319039,335,1
2004-12-01,2004,12,1,3623,572,0.1337514924435051,336,2
2004-12-02,2004,12,2,3624,549,0.09271094257323789,337,3
2004-12-03,2004,12,3,3625,574,0.1372418973832736,338,4
2004-12-04,2004,12,4,3626,403,-0.21645093698960974,339,5
2004-12-05,2004,12,5,3627,369,-0.3045908548957656,340,6
2004-12-06,2004,12,6,3628,490,-0.020982107831620526,341,0
2004-12-07,2004,12,7,3629,546,0.08723147680861221,342,1
2004-12-08,2004,12,8,3630,517,0.03265537557213635,343,2
2004-12-09,2004,12,9,3631,584,0.15451348389193428,344,3
2004-12-10,2004,12,10,3632,549,0.09271094257323789,345,4
2004-12-11,2004,12,11,3633,465,-0.07335009334893643,346,5
2004-12-12,2004,12,12,3634,409,-0.20167234289349095,347,6
2004-12-13,2004,12,13,3635,529,0.05560093292200662,348,0
2004-12-14,2004,12,14,3636,589,0.163038684715294,349,1
2004-12-15,2004,12,15,3637,542,0.07987850250335336,350,2
2004-12-16,2004,12,16,3638,586,0.15793229064071984,351,3
2004-12-17,2004,12,17,3639,561,0.11433340658640359,352,4
2004-12-18,2004,12,18,3640,475,-0.05207269490165152,353,5
2004-12-19,2004,12,19,3641,413,-0.1919399059752601,354,6
2004-12-20,2004,12,20,3642,553,0.09997050258604206,355,0
2004-12-21,2004,12,21,3643,558,0.10897146344501811,356,1
2004-12-22,2004,12,22,3644,593,0.16980690006143276,357,2
2004-12-23,2004,12,23,3645,523,0.04419396512863013,358,3
2004-12-24,2004,12,24,3646,522,0.04228008894634606,359,4
2004-12-25,2004,12,25,3647,404,-0.21397262097514264,360,5
2004-12-26,2004,12,26,3648,395,-0.23650173403517086,361,6
2004-12-27,2004,12,27,3649,476,-0.04996964470487272,362,0
2004-12-28,2004,12,28,3650,488,-0.025072093083145647,363,1
2004-12-29,2004,12,29,3651,565,0.12143823221014823,364,2
2004-12-30,2004,12,30,3652,542,0.07987850250335336,365,3
2004-12-31,2004,12,31,3653,480,-0.04160139503435611,366,4
2005-01-01,2005,1,1,3654,394,-0.23903658963835892,1,5
2005-01-02,2005,1,2,3655,417,-0.18230127713749136,2,6
2005-01-03,2005,1,3,3656,524,0.04610418538474929,3,0
2005-01-04,2005,1,4,3657,531,0.05937452230564608,4,1
2005-01-05,2005,1,5,3658,563,0.11789212920339767,5,2
2005-01-06,2005,1,6,3659,540,0.07618164062202722,6,3
2005-01-07,2005,1,7,3660,537,0.07061059557257193,7,4
2005-01-08,2005,1,8,3661,474,-0.05418017724121624,8,5
2005-01-09,2005,1,9,3662,397,-0.2314512182491023,9,6
2005-01-10,2005,1,10,3663,531,0.05937452230564608,10,0
2005-01-11,2005,1,11,3664,548,0.0908877880117227,11,1
2005-01-12,2005,1,12,3665,557,0.1071777409909913,12,2
2005-01-13,2005,1,13,3666,537,0.07061059557257193,13,3
2005-01-14,2005,1,14,3667,544,0.08356174791964978,14,4
2005-01-15,2005,1,15,3668,439,-0.13088808586112144,15,5
2005-01-16,2005,1,16,3669,425,-0.163298330011876,16,6
2005-01-17,2005,1,17,3670,521,0.040362542817074146,17,0
2005-01-18,2005,1,18,3671,544,0.08356174791964978,18,1
2005-01-19,2005,1,19,3672,611,0.19970946023530248,19,2
2005-01-20,2005,1,20,3673,530,0.05748950760987465,20,3
2005-01-21,2005,1,21,3674,521,0.040362542817074146,21,4
2005-01-22,2005,1,22,3675,463,-0.07766044485005867,22,5
2005-01-23,2005,1,23,3676,442,-0.12407761685859466,23,6
2005-01-24,2005,1,24,3677,550,0.09453077929022377,24,0
2005-01-25,2005,1,25,3678,563,0.11789212920339767,25,1
2005-01-26,2005,1,26,3679,589,0.163038684715294,26,2
2005-01-27,2005,1,27,3680,515,0.028779401727443366,27,3
2005-01-28,2005,1,28,3681,523,0.04419396512863013,28,4
2005-01-29,2005,1,29,3682,421,-0.1727546652539114,29,5
2005-01-30,2005,1,30,3683,421,-0.1727546652539114,30,6
2005-01-31,2005,1,31,3684,506,0.01114917035117286,31,0
2005-02-01,2005,2,1,3685,574,0.1372418973832736,32,1
2005-02-02,2005,2,2,3686,536,0.06874666213450913,33,2
2005-02-03,2005,2,3,3687,562,0.11611435095739826,34,3
2005-02-04,2005,2,4,3688,548,0.0908877880117227,35,4
2005-02-05,2005,2,5,3689,447,-0.11282890432272394,36,5
2005-02-06,2005,2,6,3690,410,-0.1992303392379392,37,6
2005-02-07,2005,2,7,3691,515,0.028779401727443366,38,0
2005-02-08,2005,2,8,3692,577,0.14245476757180686,39,1
2005-02-09,2005,2,9,3693,545,0.08539829572695133,40,2
2005-02-10,2005,2,10,3694,573,0.13549821777844687,41,3
2005-02-11,2005,2,11,3695,596,0.174853168129057,42,4
2005-02-12,2005,2,12,3696,461,-0.08198945593964423,43,5
2005-02-13,2005,2,13,3697,443,-0.12181772889115713,44,6
2005-02-14,2005,2,14,3698,575,0.13898254186105774,45,0
2005-02-15,2005,2,15,3699,593,0.16980690006143276,46,1
2005-02-16,2005,2,16,3700,532,0.06125599040535152,47,2
2005-02-17,2005,2,17,3701,555,0.10358061481014179,48,3
2005-02-18,2005,2,18,3702,533,0.06313392522955179,49,4
2005-02-19,2005,2,19,3703,440,-0.12861277202398594,50,5
2005-02-20,2005,2,20,3704,427,-0.15860348570766825,51,6
2005-02-21,2005,2,21,3705,525,0.04801076365533098,52,0
2005-02-22,2005,2,22,3706,591,0.16642851846980553,53,1
2005-02-23,2005,2,23,3707,562,0.11611435095739826,54,2
2005-02-24,2005,2,24,3708,551,0.09634731021662175,55,3
2005-02-25,2005,2,25,3709,584,0.15451348389193428,56,4
2005-02-26,2005,2,26,3710,458,-0.0885183148221078,57,5
2005-02-27,2005,2,27,3711,412,-0.19436414958676645,58,6
2005-02-28,2005,2,28,3712,546,0.08723147680861221,59,0
2005-03-01,2005,3,1,3713,567,0.12497180479145936,60,1
2005-03-02,2005,3,2,3714,527,0.051813049605069564,61,2
2005-03-03,2005,3,3,3715,572,0.1337514924435051,62,3
2005-03-04,2005,3,4,3716,565,0.12143823221014823,63,4
2005-03-05,2005,3,5,3717,481,-0.03952022883053154,64,5
2005-03-06,2005,3,6,3718,455,-0.09509007998534234,65,6
2005-03-07,2005,3,7,3719,527,0.051813049605069564,66,0
2005-03-08,2005,3,8,3720,534,0.06500834002390198,67,1
2005-03-09,2005,3,9,3721,510,0.019023226782078777,68,2
2005-03-10,2005,3,10,3722,535,0.0668792479597138,69,3
2005-03-11,2005,3,11,3723,544,0.08356174791964978,70,4
2005-03-12,2005,3,12,3724,435,-0.1400414678476087,71,5
2005-03-13,2005,3,13,3725,420,-0.17513278765887882,72,6
2005-03-14,2005,3,14,3726,544,0.08356174791964978,73,0
2005-03-15,2005,3,15,3727,544,0.08356174791964978,74,1
2005-03-16,2005,3,16,3728,544,0.08356174791964978,75,2
2005-03-17,2005,3,17,3729,525,0.04801076365533098,76,3
2005-03-18,2005,3,18,3730,517,0.03265537557213635,77,4
2005-03-19,2005,3,19,3731,453,-0.09949537345325875,78,5
2005-03-20,2005,3,20,3732,428,-0.156264303354496,79,6
2005-03-21,2005,3,21,3733,519,0.03651638422959586,80,0
2005-03-22,2005,3,22,3734,550,0.09453077929022377,81,1
2005-03-23,2005,3,23,3735,543,0.08172182099764269,82,2
2005-03-24,2005,3,24,3736,532,0.06125599040535152,83,3
2005-03-25,2005,3,25,3737,519,0.03651638422959586,84,4
2005-03-26,2005,3,26,3738,441,-0.12634262348944678,85,5
2005-03-27,2005,3,27,3739,433,-0.14464977093380296,86,6
2005-03-28,2005,3,28,3740,464,-0.07550294671003747,87,0
2005-03-29,2005,3,29,3741,539,0.07432807197270441,88,1
2005-03-30,2005,3,30,3742,591,0.16642851846980553,89,2
2005-03-31,2005,3,31,3743,518,0.03458774332319039,90,3
2005-04-01,2005,4,1,3744,532,0.06125599040535152,91,4
2005-04-02,2005,4,2,3745,461,-0.08198945593964423,92,5
2005-04-03,2005,4,3,3746,408,-0.204120324532131,93,6
2005-04-04,2005,4,4,3747,567,0.12497180479145936,94,0
2005-04-05,2005,4,5,3748,564,0.11966675256176608,95,1
2005-04-06,2005,4,6,3749,569,0.1284929351900382,96,2
2005-04-07,2005,4,7,3750,546,0.08723147680861221,97,3
2005-04-08,2005,4,8,3751,558,0.10897146344501811,98,4
2005-04-09,2005,4,9,3752,426,-0.1609481526669224,99,5
2005-04-10,2005,4,10,3753,440,-0.12861277202398594,100,6
2005-04-11,2005,4,11,3754,516,0.03071926654527006,101,0
2005-04-12,2005,4,12,3755,552,0.09816054734080248,102,1
2005-04-13,2005,4,13,3756,545,0.08539829572695133,103,2
2005-04-14,2005,4,14,3757,574,0.1372418973832736,104,3
2005-04-15,2005,4,15,3758,580,0.14764060460417222,105,4
2005-04-16,2005,4,16,3759,446,-0.11506854691622871,106,5
2005-04-17,2005,4,17,3760,497,-0.006797472839664082,107,6
2005-04-18,2005,4,18,3761,534,0.06500834002390198,108,0
2005-04-19,2005,4,19,3762,563,0.11789212920339767,109,1
2005-04-20,2005,4,20,3763,545,0.08539829572695133,110,2
2005-04-21,2005,4,21,3764,523,0.04419396512863013,111,3
2005-04-22,2005,4,22,3765,587,0.15963732089180377,112,4
2005-04-23,2005,4,23,3766,430,-0.15160229024868468,113,5
2005-04-24,2005,4,24,3767,444,-0.11956293650406802,114,6
2005-04-25,2005,4,25,3768,545,0.08539829572695133,115,0
2005-04-26,2005,4,26,3769,543,0.08172182099764269,116,1
2005-04-27,2005,4,27,3770,566,0.12320657926689012,117,2
2005-04-28,2005,4,28,3771,561,0.11433340658640359,118,3
2005-04-29,2005,4,29,3772,503,0.005202671163446407,119,4
2005-04-30,2005,4,30,3773,438,-0.13316858855984665,120,5
2005-05-01,2005,5,1,3774,452,-0.10170531910406158,121,6
2005-05-02,2005,5,2,3775,559,0.11076197421880644,122,0
2005-05-03,2005,5,3,3776,585,0.1562243482955638,123,1
2005-05-04,2005,5,4,3777,560,0.1125492847929021,124,2
2005-05-05,2005,5,5,3778,507,0.01312350465489037,125,3
2005-05-06,2005,5,6,3779,551,0.09634731021662175,126,4
2005-05-07,2005,5,7,3780,512,0.02293712610321511,127,5
2005-05-08,2005,5,8,3781,431,-0.149279408832545,128,6
2005-05-09,2005,5,9,3782,550,0.09453077929022377,129,0
2005-05-10,2005,5,10,3783,570,0.13024886189230303,130,1
2005-05-11,2005,5,11,3784,556,0.10538079531428955,131,2
2005-05-12,2005,5,12,3785,524,0.04610418538474929,132,3
2005-05-13,2005,5,13,3786,505,0.009170930339067029,133,4
2005-05-14,2005,5,14,3787,416,-0.18470223867502955,134,5
2005-05-15,2005,5,15,3788,445,-0.11731321677005256,135,6
2005-05-16,2005,5,16,3789,413,-0.1919399059752601,136,0
2005-05-17,2005,5,17,3790,549,0.09271094257323789,137,1
2005-05-18,2005,5,18,3791,593,0.16980690006143276,138,2
2005-05-19,2005,5,19,3792,506,0.01114917035117286,139,3
2005-05-20,2005,5,20,3793,496,-0.008811572211365326,140,4
2005-05-21,2005,5,21,3794,469,-0.06478473049001338,141,5
2005-05-22,2005,5,22,3795,381,-0.2725881238095918,142,6
2005-05-23,2005,5,23,3796,520,0.038441312639180374,143,0
2005-05-24,2005,5,24,3797,511,0.020982091267411646,144,1
2005-05-25,2005,5,25,3798,531,0.05937452230564608,145,2
2005-05-26,2005,5,26,3799,568,0.12673391978485854,146,3
2005-05-27,2005,5,27,3800,514,0.02683576651887243,147,4
2005-05-28,2005,5,28,3801,442,-0.12407761685859466,148,5
2005-05-29,2005,5,29,3802,449,-0.10836461119403848,149,6
2005-05-30,2005,5,30,3803,495,-0.01082973636760251,150,0
2005-05-31,2005,5,31,3804,551,0.09634731021662175,151,1
2005-06-01,2005,6,1,3805,567,0.12497180479145936,152,2
2005-06-02,2005,6,2,3806,533,0.06313392522955179,153,3
2005-06-03,2005,6,3,3807,488,-0.025072093083145647,154,4
2005-06-04,2005,6,4,3808,414,-0.18952152511097844,155,5
2005-06-05,2005,6,5,3809,433,-0.14464977093380296,156,6
2005-06-06,2005,6,6,3810,549,0.09271094257323789,157,0
2005-06-07,2005,6,7,3811,537,0.07061059557257193,158,1
2005-06-08,2005,6,8,3812,568,0.12673391978485854,159,2
2005-06-09,2005,6,9,3813,527,0.051813049605069564,160,3
2005-06-10,2005,6,10,3814,496,-0.008811572211365326,161,4
2005-06-11,2005,6,11,3815,434,-0.14234296483588793,162,5
2005-06-12,2005,6,12,3816,413,-0.1919399059752601,163,6
2005-06-13,2005,6,13,3817,570,0.13024886189230303,164,0
2005-06-14,2005,6,14,3818,585,0.1562243482955638,165,1
2005-06-15,2005,6,15,3819,532,0.06125599040535152,166,2
2005-06-16,2005,6,16,3820,550,0.09453077929022377,167,3
2005-06-17,2005,6,17,3821,496,-0.008811572211365326,168,4
2005-06-18,2005,6,18,3822,437,-0.13545430384070264,169,5
2005-06-19,2005,6,19,3823,493,-0.014878324893602708,170,6
2005-06-20,2005,6,20,3824,576,0.14072016175959845,171,0
2005-06-21,2005,6,21,3825,541,0.07803177991018878,172,1
2005-06-22,2005,6,22,3826,606,0.1914924871330217,173,2
2005-06-23,2005,6,23,3827,587,0.15963732089180377,174,3
2005-06-24,2005,6,24,3828,549,0.09271094257323789,175,4
2005-06-25,2005,6,25,3829,503,0.005202671163446407,176,5
2005-06-26,2005,6,26,3830,372,-0.2964936446631462,177,6
2005-06-27,2005,6,27,3831,505,0.009170930339067029,178,0
2005-06-28,2005,6,28,3832,567,0.12497180479145936,179,1
2005-06-29,2005,6,29,3833,592,0.1681191359477129,180,2
2005-06-30,2005,6,30,3834,563,0.11789212920339767,181,3
2005-07-01,2005,7,1,3835,518,0.03458774332319039,182,4
2005-07-02,2005,7,2,3836,490,-0.020982107831620526,183,5
2005-07-03,2005,7,3,3837,449,-0.10836461119403848,184,6
2005-07-04,2005,7,4,3838,559,0.11076197421880644,185,0
2005-07-05,2005,7,5,3839,561,0.11433340658640359,186,1
2005-07-06,2005,7,6,3840,543,0.08172182099764269,187,2
2005-07-07,2005,7,7,3841,570,0.13024886189230303,188,3
2005-07-08,2005,7,8,3842,528,0.053708784769968605,189,4
2005-07-09,2005,7,9,3843,452,-0.10170531910406158,190,5
2005-07-10,2005,7,10,3844,421,-0.1727546652539114,191,6
2005-07-11,2005,7,11,3845,583,0.1527996874141997,192,0
2005-07-12,2005,7,12,3846,625,0.22236415080010868,193,1
2005-07-13,2005,7,13,3847,578,0.14418636973608467,194,2
2005-07-14,2005,7,14,3848,626,0.22396287216380578,195,3
2005-07-15,2005,7,15,3849,597,0.1765296144563094,196,4
2005-07-16,2005,7,16,3850,442,-0.12407761685859466,197,5
2005-07-17,2005,7,17,3851,450,-0.10613991617192732,198,6
2005-07-18,2005,7,18,3852,570,0.13024886189230303,199,0
2005-07-19,2005,7,19,3853,578,0.14418636973608467,200,1
2005-07-20,2005,7,20,3854,579,0.14591497863670255,201,2
2005-07-21,2005,7,21,3855,569,0.1284929351900382,202,3
2005-07-22,2005,7,22,3856,572,0.1337514924435051,203,4
2005-07-23,2005,7,23,3857,432,-0.14696191069218248,204,5
2005-07-24,2005,7,24,3858,434,-0.14234296483588793,205,6
2005-07-25,2005,7,25,3859,546,0.08723147680861221,206,0
2005-07-26,2005,7,26,3860,582,0.15108294879514503,207,1
2005-07-27,2005,7,27,3861,519,0.03651638422959586,208,2
2005-07-28,2005,7,28,3862,565,0.12143823221014823,209,3
2005-07-29,2005,7,29,3863,559,0.11076197421880644,210,4
2005-07-30,2005,7,30,3864,468,-0.066919203018646,211,5
2005-07-31,2005,7,31,3865,440,-0.12861277202398594,212,6
2005-08-01,2005,8,1,3866,555,0.10358061481014179,213,0
2005-08-02,2005,8,2,3867,541,0.07803177991018878,214,1
2005-08-03,2005,8,3,3868,579,0.14591497863670255,215,2
2005-08-04,2005,8,4,3869,547,0.08906130348568847,216,3
2005-08-05,2005,8,5,3870,569,0.1284929351900382,217,4
2005-08-06,2005,8,6,3871,509,0.017060517614229952,218,5
2005-08-07,2005,8,7,3872,437,-0.13545430384070264,219,6
2005-08-08,2005,8,8,3873,565,0.12143823221014823,220,0
2005-08-09,2005,8,9,3874,607,0.1931412921232054,221,1
2005-08-10,2005,8,10,3875,575,0.13898254186105774,222,2
2005-08-11,2005,8,11,3876,558,0.10897146344501811,223,3
2005-08-12,2005,8,12,3877,567,0.12497180479145936,224,4
2005-08-13,2005,8,13,3878,474,-0.05418017724121624,225,5
2005-08-14,2005,8,14,3879,447,-0.11282890432272394,226,6
2005-08-15,2005,8,15,3880,548,0.0908877880117227,227,0
2005-08-16,2005,8,16,3881,569,0.1284929351900382,228,1
2005-08-17,2005,8,17,3882,565,0.12143823221014823,229,2
2005-08-18,2005,8,18,3883,582,0.15108294879514503,230,3
2005-08-19,2005,8,19,3884,566,0.12320657926689012,231,4
2005-08-20,2005,8,20,3885,472,-0.05840851335073735,232,5
2005-08-21,2005,8,21,3886,430,-0.15160229024868468,233,6
2005-08-22,2005,8,22,3887,557,0.1071777409909913,234,0
2005-08-23,2005,8,23,3888,542,0.07987850250335336,235,1
2005-08-24,2005,8,24,3889,609,0.1964307687736042,236,2
2005-08-25,2005,8,25,3890,555,0.10358061481014179,237,3
2005-08-26,2005,8,26,3891,542,0.07987850250335336,238,4
2005-08-27,2005,8,27,3892,459,-0.0863372888757476,239,5
2005-08-28,2005,8,28,3893,439,-0.13088808586112144,240,6
2005-08-29,2005,8,29,3894,566,0.12320657926689012,241,0
2005-08-30,2005,8,30,3895,573,0.13549821777844687,242,1
2005-08-31,2005,8,31,3896,597,0.1765296144563094,243,2
2005-09-01,2005,9,1,3897,558,0.10897146344501811,244,3
2005-09-02,2005,9,2,3898,580,0.14764060460417222,245,4
2005-09-03,2005,9,3,3899,457,-0.09070410804208806,246,5
2005-09-04,2005,9,4,3900,446,-0.11506854691622871,247,6
2005-09-05,2005,9,5,3901,547,0.08906130348568847,248,0
2005-09-06,2005,9,6,3902,595,0.17317390660933707,249,1
2005-09-07,2005,9,7,3903,582,0.15108294879514503,250,2
2005-09-08,2005,9,8,3904,565,0.12143823221014823,251,3
2005-09-09,2005,9,9,3905,563,0.11789212920339767,252,4
2005-09-10,2005,9,10,3906,454,-0.09729030089494478,253,5
2005-09-11,2005,9,11,3907,468,-0.066919203018646,254,6
2005-09-12,2005,9,12,3908,567,0.12497180479145936,255,0
2005-09-13,2005,9,13,3909,573,0.13549821777844687,256,1
2005-09-14,2005,9,14,3910,560,0.1125492847929021,257,2
2005-09-15,2005,9,15,3911,529,0.05560093292200662,258,3
2005-09-16,2005,9,16,3912,562,0.11611435095739826,259,4
2005-09-17,2005,9,17,3913,437,-0.13545430384070264,260,5
2005-09-18,2005,9,18,3914,451,-0.10392015943361442,261,6
2005-09-19,2005,9,19,3915,542,0.07987850250335336,262,0
2005-09-20,2005,9,20,3916,625,0.22236415080010868,263,1
2005-09-21,2005,9,21,3917,556,0.10538079531428955,264,2
2005-09-22,2005,9,22,3918,567,0.12497180479145936,265,3
2005-09-23,2005,9,23,3919,567,0.12497180479145936,266,4
2005-09-24,2005,9,24,3920,510,0.019023226782078777,267,5
2005-09-25,2005,9,25,3921,420,-0.17513278765887882,268,6
2005-09-26,2005,9,26,3922,571,0.1320017107197175,269,0
2005-09-27,2005,9,27,3923,560,0.1125492847929021,270,1
2005-09-28,2005,9,28,3924,615,0.20623476887022504,271,2
2005-09-29,2005,9,29,3925,600,0.1815421562798536,272,3
2005-09-30,2005,9,30,3926,567,0.12497180479145936,273,4
2005-10-01,2005,10,1,3927,490,-0.020982107831620526,274,5
2005-10-02,2005,10,2,3928,423,-0.16801531989001484,275,6
2005-10-03,2005,10,3,3929,565,0.12143823221014823,276,0
2005-10-04,2005,10,4,3930,578,0.14418636973608467,277,1
2005-10-05,2005,10,5,3931,579,0.14591497863670255,278,2
2005-10-06,2005,10,6,3932,566,0.12320657926689012,279,3
2005-10-07,2005,10,7,3933,541,0.07803177991018878,280,4
2005-10-08,2005,10,8,3934,472,-0.05840851335073735,281,5
2005-10-09,2005,10,9,3935,413,-0.1919399059752601,282,6
2005-10-10,2005,10,10,3936,539,0.07432807197270441,283,0
2005-10-11,2005,10,11,3937,577,0.14245476757180686,284,1
2005-10-12,2005,10,12,3938,575,0.13898254186105774,285,2
2005-10-13,2005,10,13,3939,554,0.10177718781099099,286,3
2005-10-14,2005,10,14,3940,563,0.11789212920339767,287,4
2005-10-15,2005,10,15,3941,431,-0.149279408832545,288,5
2005-10-16,2005,10,16,3942,409,-0.20167234289349095,289,6
2005-10-17,2005,10,17,3943,544,0.08356174791964978,290,0
2005-10-18,2005,10,18,3944,568,0.12673391978485854,291,1
2005-10-19,2005,10,19,3945,563,0.11789212920339767,292,2
2005-10-20,2005,10,20,3946,607,0.1931412921232054,293,3
2005-10-21,2005,10,21,3947,545,0.08539829572695133,294,4
2005-10-22,2005,10,22,3948,454,-0.09729030089494478,295,5
2005-10-23,2005,10,23,3949,433,-0.14464977093380296,296,6
2005-10-24,2005,10,24,3950,507,0.01312350465489037,297,0
2005-10-25,2005,10,25,3951,539,0.07432807197270441,298,1
2005-10-26,2005,10,26,3952,514,0.02683576651887243,299,2
2005-10-27,2005,10,27,3953,545,0.08539829572695133,300,3
2005-10-28,2005,10,28,3954,539,0.07432807197270441,301,4
2005-10-29,2005,10,29,3955,436,-0.13774525558725847,302,5
2005-10-30,2005,10,30,3956,437,-0.13545430384070264,303,6
2005-10-31,2005,10,31,3957,518,0.03458774332319039,304,0
2005-11-01,2005,11,1,3958,522,0.04228008894634606,305,1
2005-11-02,2005,11,2,3959,523,0.04419396512863013,306,2
2005-11-03,2005,11,3,3960,515,0.028779401727443366,307,3
2005-11-04,2005,11,4,3961,545,0.08539829572695133,308,4
2005-11-05,2005,11,5,3962,439,-0.13088808586112144,309,5
2005-11-06,2005,11,6,3963,392,-0.2441256591458302,310,6
2005-11-07,2005,11,7,3964,517,0.03265537557213635,311,0
2005-11-08,2005,11,8,3965,553,0.09997050258604206,312,1
2005-11-09,2005,11,9,3966,538,0.07247106122549156,313,2
2005-11-10,2005,11,10,3967,518,0.03458774332319039,314,3
2005-11-11,2005,11,11,3968,485,-0.031238607998809516,315,4
2005-11-12,2005,11,12,3969,460,-0.08416100945315207,316,5
2005-11-13,2005,11,13,3970,413,-0.1919399059752601,317,6
2005-11-14,2005,11,14,3971,496,-0.008811572211365326,318,0
2005-11-15,2005,11,15,3972,508,0.01509394864218921,319,1
2005-11-16,2005,11,16,3973,552,0.09816054734080248,320,2
2005-11-17,2005,11,17,3974,493,-0.014878324893602708,321,3
2005-11-18,2005,11,18,3975,532,0.06125599040535152,322,4
2005-11-19,2005,11,19,3976,387,-0.25696280590651094,323,5
2005-11-20,2005,11,20,3977,413,-0.1919399059752601,324,6
2005-11-21,2005,11,21,3978,492,-0.016908782443984704,325,0
2005-11-22,2005,11,22,3979,524,0.04610418538474929,326,1
2005-11-23,2005,11,23,3980,485,-0.031238607998809516,327,2
2005-11-24,2005,11,24,3981,539,0.07432807197270441,328,3
2005-11-25,2005,11,25,3982,536,0.06874666213450913,329,4
2005-11-26,2005,11,26,3983,443,-0.12181772889115713,330,5
2005-11-27,2005,11,27,3984,425,-0.163298330011876,331,6
2005-11-28,2005,11,28,3985,473,-0.056292110444359764,332,0
2005-11-29,2005,11,29,3986,485,-0.031238607998809516,333,1
2005-11-30,2005,11,30,3987,525,0.04801076365533098,334,2
2005-12-01,2005,12,1,3988,495,-0.01082973636760251,335,3
2005-12-02,2005,12,2,3989,475,-0.05207269490165152,336,4
2005-12-03,2005,12,3,3990,405,-0.21150043182975356,337,5
2005-12-04,2005,12,4,3991,376,-0.28579835554639826,338,6
2005-12-05,2005,12,5,3992,479,-0.043686901525377485,339,0
2005-12-06,2005,12,6,3993,516,0.03071926654527006,340,1
2005-12-07,2005,12,7,3994,544,0.08356174791964978,341,2
2005-12-08,2005,12,8,3995,482,-0.03744338488569241,342,3
2005-12-09,2005,12,9,3996,490,-0.020982107831620526,343,4
2005-12-10,2005,12,10,3997,405,-0.21150043182975356,344,5
2005-12-11,2005,12,11,3998,362,-0.32374328711052175,345,6
2005-12-12,2005,12,12,3999,496,-0.008811572211365326,346,0
2005-12-13,2005,12,13,4000,543,0.08172182099764269,347,1
2005-12-14,2005,12,14,4001,532,0.06125599040535152,348,2
2005-12-15,2005,12,15,4002,519,0.03651638422959586,349,3
2005-12-16,2005,12,16,4003,549,0.09271094257323789,350,4
2005-12-17,2005,12,17,4004,433,-0.14464977093380296,351,5
2005-12-18,2005,12,18,4005,396,-0.2339732876818122,352,6
2005-12-19,2005,12,19,4006,527,0.051813049605069564,353,0
2005-12-20,2005,12,20,4007,531,0.05937452230564608,354,1
2005-12-21,2005,12,21,4008,515,0.028779401727443366,355,2
2005-12-22,2005,12,22,4009,491,-0.01894337114177224,356,3
2005-12-23,2005,12,23,4010,516,0.03071926654527006,357,4
2005-12-24,2005,12,24,4011,415,-0.18710897870559454,358,5
2005-12-25,2005,12,25,4012,419,-0.1775165790141551,359,6
2005-12-26,2005,12,26,4013,382,-0.26996689032971755,360,0
2005-12-27,2005,12,27,4014,487,-0.027123375853703034,361,1
2005-12-28,2005,12,28,4015,529,0.05560093292200662,362,2
2005-12-29,2005,12,29,4016,543,0.08172182099764269,363,3
2005-12-30,2005,12,30,4017,523,0.04419396512863013,364,4
2005-12-31,2005,12,31,4018,401,-0.22142607162972353,365,5
2006-01-01,2006,1,1,4019,408,-0.204120324532131,1,6
2006-01-02,2006,1,2,4020,464,-0.07550294671003747,2,0
2006-01-03,2006,1,3,4021,554,0.10177718781099099,3,1
2006-01-04,2006,1,4,4022,518,0.03458774332319039,4,2
2006-01-05,2006,1,5,4023,494,-0.012851981748370309,5,3
2006-01-06,2006,1,6,4024,527,0.051813049605069564,6,4
2006-01-07,2006,1,7,4025,404,-0.21397262097514264,7,5
2006-01-08,2006,1,8,4026,394,-0.23903658963835892,8,6
2006-01-09,2006,1,9,4027,473,-0.056292110444359764,9,0
2006-01-10,2006,1,10,4028,540,0.07618164062202722,10,1
2006-01-11,2006,1,11,4029,535,0.0668792479597138,11,2
2006-01-12,2006,1,12,4030,487,-0.027123375853703034,12,3
2006-01-13,2006,1,13,4031,503,0.005202671163446407,13,4
2006-01-14,2006,1,14,4032,437,-0.13545430384070264,14,5
2006-01-15,2006,1,15,4033,397,-0.2314512182491023,15,6
2006-01-16,2006,1,16,4034,542,0.07987850250335336,16,0
2006-01-17,2006,1,17,4035,526,0.04991371380141699,17,1
2006-01-18,2006,1,18,4036,549,0.09271094257323789,18,2
2006-01-19,2006,1,19,4037,509,0.017060517614229952,19,3
2006-01-20,2006,1,20,4038,513,0.02488834623447675,20,4
2006-01-21,2006,1,21,4039,465,-0.07335009334893643,21,5
2006-01-22,2006,1,22,4040,420,-0.17513278765887882,22,6
2006-01-23,2006,1,23,4041,529,0.05560093292200662,23,0
2006-01-24,2006,1,24,4042,540,0.07618164062202722,24,1
2006-01-25,2006,1,25,4043,555,0.10358061481014179,25,2
2006-01-26,2006,1,26,4044,569,0.1284929351900382,26,3
2006-01-27,2006,1,27,4045,548,0.0908877880117227,27,4
2006-01-28,2006,1,28,4046,461,-0.08198945593964423,28,5
2006-01-29,2006,1,29,4047,419,-0.1775165790141551,29,6
2006-01-30,2006,1,30,4048,544,0.08356174791964978,30,0
2006-01-31,2006,1,31,4049,575,0.13898254186105774,31,1
2006-02-01,2006,2,1,4050,529,0.05560093292200662,32,2
2006-02-02,2006,2,2,4051,556,0.10538079531428955,33,3
2006-02-03,2006,2,3,4052,493,-0.014878324893602708,34,4
2006-02-04,2006,2,4,4053,481,-0.03952022883053154,35,5
2006-02-05,2006,2,5,4054,428,-0.156264303354496,36,6
2006-02-06,2006,2,6,4055,596,0.174853168129057,37,0
2006-02-07,2006,2,7,4056,570,0.13024886189230303,38,1
2006-02-08,2006,2,8,4057,530,0.05748950760987465,39,2
2006-02-09,2006,2,9,4058,528,0.053708784769968605,40,3
2006-02-10,2006,2,10,4059,536,0.06874666213450913,41,4
2006-02-11,2006,2,11,4060,449,-0.10836461119403848,42,5
2006-02-12,2006,2,12,4061,405,-0.21150043182975356,43,6
2006-02-13,2006,2,13,4062,535,0.0668792479597138,44,0
2006-02-14,2006,2,14,4063,586,0.15793229064071984,45,1
2006-02-15,2006,2,15,4064,492,-0.016908782443984704,46,2
2006-02-16,2006,2,16,4065,535,0.0668792479597138,47,3
2006-02-17,2006,2,17,4066,574,0.1372418973832736,48,4
2006-02-18,2006,2,18,4067,439,-0.13088808586112144,49,5
2006-02-19,2006,2,19,4068,425,-0.163298330011876,50,6
2006-02-20,2006,2,20,4069,518,0.03458774332319039,51,0
2006-02-21,2006,2,21,4070,572,0.1337514924435051,52,1
2006-02-22,2006,2,22,4071,544,0.08356174791964978,53,2
2006-02-23,2006,2,23,4072,534,0.06500834002390198,54,3
2006-02-24,2006,2,24,4073,517,0.03265537557213635,55,4
2006-02-25,2006,2,25,4074,433,-0.14464977093380296,56,5
2006-02-26,2006,2,26,4075,437,-0.13545430384070264,57,6
2006-02-27,2006,2,27,4076,499,-0.00278140318477414,58,0
2006-02-28,2006,2,28,4077,545,0.08539829572695133,59,1
2006-03-01,2006,3,1,4078,516,0.03071926654527006,60,2
2006-03-02,2006,3,2,4079,555,0.10358061481014179,61,3
2006-03-03,2006,3,3,4080,542,0.07987850250335336,62,4
2006-03-04,2006,3,4,4081,426,-0.1609481526669224,63,5
2006-03-05,2006,3,5,4082,455,-0.09509007998534234,64,6
2006-03-06,2006,3,6,4083,480,-0.04160139503435611,65,0
2006-03-07,2006,3,7,4084,515,0.028779401727443366,66,1
2006-03-08,2006,3,8,4085,540,0.07618164062202722,67,2
2006-03-09,2006,3,9,4086,518,0.03458774332319039,68,3
2006-03-10,2006,3,10,4087,582,0.15108294879514503,69,4
2006-03-11,2006,3,11,4088,412,-0.19436414958676645,70,5
2006-03-12,2006,3,12,4089,413,-0.1919399059752601,71,6
2006-03-13,2006,3,13,4090,479,-0.043686901525377485,72,0
2006-03-14,2006,3,14,4091,526,0.04991371380141699,73,1
2006-03-15,2006,3,15,4092,513,0.02488834623447675,74,2
2006-03-16,2006,3,16,4093,532,0.06125599040535152,75,3
2006-03-17,2006,3,17,4094,504,0.007188769135075929,76,4
2006-03-18,2006,3,18,4095,433,-0.14464977093380296,77,5
2006-03-19,2006,3,19,4096,408,-0.204120324532131,78,6
2006-03-20,2006,3,20,4097,548,0.0908877880117227,79,0
2006-03-21,2006,3,21,4098,566,0.12320657926689012,80,1
2006-03-22,2006,3,22,4099,559,0.11076197421880644,81,2
2006-03-23,2006,3,23,4100,543,0.08172182099764269,82,3
2006-03-24,2006,3,24,4101,491,-0.01894337114177224,83,4
2006-03-25,2006,3,25,4102,424,-0.16565404370433506,84,5
2006-03-26,2006,3,26,4103,427,-0.15860348570766825,85,6
2006-03-27,2006,3,27,4104,533,0.06313392522955179,86,0
2006-03-28,2006,3,28,4105,569,0.1284929351900382,87,1
2006-03-29,2006,3,29,4106,536,0.06874666213450913,88,2
2006-03-30,2006,3,30,4107,561,0.11433340658640359,89,3
2006-03-31,2006,3,31,4108,540,0.07618164062202722,90,4
2006-04-01,2006,4,1,4109,374,-0.2911317015217608,91,5
2006-04-02,2006,4,2,4110,365,-0.31549014535380127,92,6
2006-04-03,2006,4,3,4111,512,0.02293712610321511,93,0
2006-04-04,2006,4,4,4112,567,0.12497180479145936,94,1
2006-04-05,2006,4,5,4113,492,-0.016908782443984704,95,2
2006-04-06,2006,4,6,4114,522,0.04228008894634606,96,3
2006-04-07,2006,4,7,4115,510,0.019023226782078777,97,4
2006-04-08,2006,4,8,4116,412,-0.19436414958676645,98,5
2006-04-09,2006,4,9,4117,400,-0.22392295182831073,99,6
2006-04-10,2006,4,10,4118,486,-0.02917887503579906,100,0
2006-04-11,2006,4,11,4119,520,0.038441312639180374,101,1
2006-04-12,2006,4,12,4120,528,0.053708784769968605,102,2
2006-04-13,2006,4,13,4121,537,0.07061059557257193,103,3
2006-04-14,2006,4,14,4122,547,0.08906130348568847,104,4
2006-04-15,2006,4,15,4123,441,-0.12634262348944678,105,5
2006-04-16,2006,4,16,4124,449,-0.10836461119403848,106,6
2006-04-17,2006,4,17,4125,398,-0.22893549365185503,107,0
2006-04-18,2006,4,18,4126,533,0.06313392522955179,108,1
2006-04-19,2006,4,19,4127,517,0.03265537557213635,109,2
2006-04-20,2006,4,20,4128,519,0.03651638422959586,110,3
2006-04-21,2006,4,21,4129,537,0.07061059557257193,111,4
2006-04-22,2006,4,22,4130,464,-0.07550294671003747,112,5
2006-04-23,2006,4,23,4131,443,-0.12181772889115713,113,6
2006-04-24,2006,4,24,4132,508,0.01509394864218921,114,0
2006-04-25,2006,4,25,4133,515,0.028779401727443366,115,1
2006-04-26,2006,4,26,4134,574,0.1372418973832736,116,2
2006-04-27,2006,4,27,4135,536,0.06874666213450913,117,3
2006-04-28,2006,4,28,4136,503,0.005202671163446407,118,4
2006-04-29,2006,4,29,4137,399,-0.22642608204642928,119,5
2006-04-30,2006,4,30,4138,435,-0.1400414678476087,120,6
2006-05-01,2006,5,1,4139,513,0.02488834623447675,121,0
2006-05-02,2006,5,2,4140,561,0.11433340658640359,122,1
2006-05-03,2006,5,3,4141,518,0.03458774332319039,123,2
2006-05-04,2006,5,4,4142,563,0.11789212920339767,124,3
2006-05-05,2006,5,5,4143,493,-0.014878324893602708,125,4
2006-05-06,2006,5,6,4144,480,-0.04160139503435611,126,5
2006-05-07,2006,5,7,4145,409,-0.20167234289349095,127,6
2006-05-08,2006,5,8,4146,553,0.09997050258604206,128,0
2006-05-09,2006,5,9,4147,571,0.1320017107197175,129,1
2006-05-10,2006,5,10,4148,569,0.1284929351900382,130,2
2006-05-11,2006,5,11,4149,551,0.09634731021662175,131,3
2006-05-12,2006,5,12,4150,516,0.03071926654527006,132,4
2006-05-13,2006,5,13,4151,416,-0.18470223867502955,133,5
2006-05-14,2006,5,14,4152,416,-0.18470223867502955,134,6
2006-05-15,2006,5,15,4153,537,0.07061059557257193,135,0
2006-05-16,2006,5,16,4154,536,0.06874666213450913,136,1
2006-05-17,2006,5,17,4155,516,0.03071926654527006,137,2
2006-05-18,2006,5,18,4156,477,-0.04787100804795151,138,3
2006-05-19,2006,5,19,4157,532,0.06125599040535152,139,4
2006-05-20,2006,5,20,4158,402,-0.21893541031727165,140,5
2006-05-21,2006,5,21,4159,420,-0.17513278765887882,141,6
2006-05-22,2006,5,22,4160,552,0.09816054734080248,142,0
2006-05-23,2006,5,23,4161,577,0.14245476757180686,143,1
2006-05-24,2006,5,24,4162,558,0.10897146344501811,144,2
2006-05-25,2006,5,25,4163,470,-0.06265480423218847,145,3
2006-05-26,2006,5,26,4164,478,-0.04577676644483675,146,4
2006-05-27,2006,5,27,4165,442,-0.12407761685859466,147,5
2006-05-28,2006,5,28,4166,450,-0.10613991617192732,148,6
2006-05-29,2006,5,29,4167,511,0.020982091267411646,149,0
2006-05-30,2006,5,30,4168,561,0.11433340658640359,150,1
2006-05-31,2006,5,31,4169,525,0.04801076365533098,151,2
2006-06-01,2006,6,1,4170,569,0.1284929351900382,152,3
2006-06-02,2006,6,2,4171,489,-0.023025009461420796,153,4
2006-06-03,2006,6,3,4172,449,-0.10836461119403848,154,5
2006-06-04,2006,6,4,4173,428,-0.156264303354496,155,6
2006-06-05,2006,6,5,4174,420,-0.17513278765887882,156,0
2006-06-06,2006,6,6,4175,543,0.08172182099764269,157,1
2006-06-07,2006,6,7,4176,606,0.1914924871330217,158,2
2006-06-08,2006,6,8,4177,548,0.0908877880117227,159,3
2006-06-09,2006,6,9,4178,551,0.09634731021662175,160,4
2006-06-10,2006,6,10,4179,410,-0.1992303392379392,161,5
2006-06-11,2006,6,11,4180,437,-0.13545430384070264,162,6
2006-06-12,2006,6,12,4181,598,0.17820325501433898,163,0
2006-06-13,2006,6,13,4182,551,0.09634731021662175,164,1
2006-06-14,2006,6,14,4183,524,0.04610418538474929,165,2
2006-06-15,2006,6,15,4184,517,0.03265537557213635,166,3
2006-06-16,2006,6,16,4185,492,-0.016908782443984704,167,4
2006-06-17,2006,6,17,4186,453,-0.09949537345325875,168,5
2006-06-18,2006,6,18,4187,422,-0.170382184900281,169,6
2006-06-19,2006,6,19,4188,539,0.07432807197270441,170,0
2006-06-20,2006,6,20,4189,517,0.03265537557213635,171,1
2006-06-21,2006,6,21,4190,526,0.04991371380141699,172,2
2006-06-22,2006,6,22,4191,521,0.040362542817074146,173,3
2006-06-23,2006,6,23,4192,489,-0.023025009461420796,174,4
2006-06-24,2006,6,24,4193,421,-0.1727546652539114,175,5
2006-06-25,2006,6,25,4194,423,-0.16801531989001484,176,6
2006-06-26,2006,6,26,4195,517,0.03265537557213635,177,0
2006-06-27,2006,6,27,4196,523,0.04419396512863013,178,1
2006-06-28,2006,6,28,4197,565,0.12143823221014823,179,2
2006-06-29,2006,6,29,4198,526,0.04991371380141699,180,3
2006-06-30,2006,6,30,4199,597,0.1765296144563094,181,4
2006-07-01,2006,7,1,4200,458,-0.0885183148221078,182,5
2006-07-02,2006,7,2,4201,409,-0.20167234289349095,183,6
2006-07-03,2006,7,3,4202,544,0.08356174791964978,184,0
2006-07-04,2006,7,4,4203,536,0.06874666213450913,185,1
2006-07-05,2006,7,5,4204,627,0.22555904169662788,186,2
2006-07-06,2006,7,6,4205,622,0.2175525938028867,187,3
2006-07-07,2006,7,7,4206,536,0.06874666213450913,188,4
2006-07-08,2006,7,8,4207,438,-0.13316858855984665,189,5
2006-07-09,2006,7,9,4208,422,-0.170382184900281,190,6
2006-07-10,2006,7,10,4209,520,0.038441312639180374,191,0
2006-07-11,2006,7,11,4210,537,0.07061059557257193,192,1
2006-07-12,2006,7,12,4211,557,0.1071777409909913,193,2
2006-07-13,2006,7,13,4212,552,0.09816054734080248,194,3
2006-07-14,2006,7,14,4213,541,0.07803177991018878,195,4
2006-07-15,2006,7,15,4214,450,-0.10613991617192732,196,5
2006-07-16,2006,7,16,4215,462,-0.0798226078545539,197,6
2006-07-17,2006,7,17,4216,554,0.10177718781099099,198,0
2006-07-18,2006,7,18,4217,564,0.11966675256176608,199,1
2006-07-19,2006,7,19,4218,528,0.053708784769968605,200,2
2006-07-20,2006,7,20,4219,531,0.05937452230564608,201,3
2006-07-21,2006,7,21,4220,547,0.08906130348568847,202,4
2006-07-22,2006,7,22,4221,522,0.04228008894634606,203,5
2006-07-23,2006,7,23,4222,453,-0.09949537345325875,204,6
2006-07-24,2006,7,24,4223,540,0.07618164062202722,205,0
2006-07-25,2006,7,25,4224,554,0.10177718781099099,206,1
2006-07-26,2006,7,26,4225,567,0.12497180479145936,207,2
2006-07-27,2006,7,27,4226,531,0.05937452230564608,208,3
2006-07-28,2006,7,28,4227,531,0.05937452230564608,209,4
2006-07-29,2006,7,29,4228,435,-0.1400414678476087,210,5
2006-07-30,2006,7,30,4229,417,-0.18230127713749136,211,6
2006-07-31,2006,7,31,4230,514,0.02683576651887243,212,0
2006-08-01,2006,8,1,4231,571,0.1320017107197175,213,1
2006-08-02,2006,8,2,4232,541,0.07803177991018878,214,2
2006-08-03,2006,8,3,4233,590,0.16473503796347236,215,3
2006-08-04,2006,8,4,4234,529,0.05560093292200662,216,4
2006-08-05,2006,8,5,4235,467,-0.06905824126739543,217,5
2006-08-06,2006,8,6,4236,435,-0.1400414678476087,218,6
2006-08-07,2006,8,7,4237,522,0.04228008894634606,219,0
2006-08-08,2006,8,8,4238,581,0.14936325791561852,220,1
2006-08-09,2006,8,9,4239,566,0.12320657926689012,221,2
2006-08-10,2006,8,10,4240,546,0.08723147680861221,222,3
2006-08-11,2006,8,11,4241,527,0.051813049605069564,223,4
2006-08-12,2006,8,12,4242,454,-0.09729030089494478,224,5
2006-08-13,2006,8,13,4243,439,-0.13088808586112144,225,6
2006-08-14,2006,8,14,4244,504,0.007188769135075929,226,0
2006-08-15,2006,8,15,4245,608,0.19478738302987425,227,1
2006-08-16,2006,8,16,4246,552,0.09816054734080248,228,2
2006-08-17,2006,8,17,4247,553,0.09997050258604206,229,3
2006-08-18,2006,8,18,4248,552,0.09816054734080248,230,4
2006-08-19,2006,8,19,4249,432,-0.14696191069218248,231,5
2006-08-20,2006,8,20,4250,425,-0.163298330011876,232,6
2006-08-21,2006,8,21,4251,526,0.04991371380141699,233,0
2006-08-22,2006,8,22,4252,569,0.1284929351900382,234,1
2006-08-23,2006,8,23,4253,575,0.13898254186105774,235,2
2006-08-24,2006,8,24,4254,583,0.1527996874141997,236,3
2006-08-25,2006,8,25,4255,578,0.14418636973608467,237,4
2006-08-26,2006,8,26,4256,423,-0.16801531989001484,238,5
2006-08-27,2006,8,27,4257,445,-0.11731321677005256,239,6
2006-08-28,2006,8,28,4258,524,0.04610418538474929,240,0
2006-08-29,2006,8,29,4259,562,0.11611435095739826,241,1
2006-08-30,2006,8,30,4260,545,0.08539829572695133,242,2
2006-08-31,2006,8,31,4261,538,0.07247106122549156,243,3
2006-09-01,2006,9,1,4262,558,0.10897146344501811,244,4
2006-09-02,2006,9,2,4263,505,0.009170930339067029,245,5
2006-09-03,2006,9,3,4264,437,-0.13545430384070264,246,6
2006-09-04,2006,9,4,4265,495,-0.01082973636760251,247,0
2006-09-05,2006,9,5,4266,535,0.0668792479597138,248,1
2006-09-06,2006,9,6,4267,567,0.12497180479145936,249,2
2006-09-07,2006,9,7,4268,550,0.09453077929022377,250,3
2006-09-08,2006,9,8,4269,520,0.038441312639180374,251,4
2006-09-09,2006,9,9,4270,491,-0.01894337114177224,252,5
2006-09-10,2006,9,10,4271,455,-0.09509007998534234,253,6
2006-09-11,2006,9,11,4272,549,0.09271094257323789,254,0
2006-09-12,2006,9,12,4273,585,0.1562243482955638,255,1
2006-09-13,2006,9,13,4274,558,0.10897146344501811,256,2
2006-09-14,2006,9,14,4275,585,0.1562243482955638,257,3
2006-09-15,2006,9,15,4276,586,0.15793229064071984,258,4
2006-09-16,2006,9,16,4277,430,-0.15160229024868468,259,5
2006-09-17,2006,9,17,4278,465,-0.07335009334893643,260,6
2006-09-18,2006,9,18,4279,547,0.08906130348568847,261,0
2006-09-19,2006,9,19,4280,563,0.11789212920339767,262,1
2006-09-20,2006,9,20,4281,573,0.13549821777844687,263,2
2006-09-21,2006,9,21,4282,570,0.13024886189230303,264,3
2006-09-22,2006,9,22,4283,589,0.163038684715294,265,4
2006-09-23,2006,9,23,4284,487,-0.027123375853703034,266,5
2006-09-24,2006,9,24,4285,454,-0.09729030089494478,267,6
2006-09-25,2006,9,25,4286,558,0.10897146344501811,268,0
2006-09-26,2006,9,26,4287,586,0.15793229064071984,269,1
2006-09-27,2006,9,27,4288,628,0.22715266753190594,270,2
2006-09-28,2006,9,28,4289,626,0.22396287216380578,271,3
2006-09-29,2006,9,29,4290,608,0.19478738302987425,272,4
2006-09-30,2006,9,30,4291,463,-0.07766044485005867,273,5
2006-10-01,2006,10,1,4292,426,-0.1609481526669224,274,6
2006-10-02,2006,10,2,4293,545,0.08539829572695133,275,0
2006-10-03,2006,10,3,4294,569,0.1284929351900382,276,1
2006-10-04,2006,10,4,4295,552,0.09816054734080248,277,2
2006-10-05,2006,10,5,4296,602,0.18486994637252827,278,3
2006-10-06,2006,10,6,4297,574,0.1372418973832736,279,4
2006-10-07,2006,10,7,4298,507,0.01312350465489037,280,5
2006-10-08,2006,10,8,4299,464,-0.07550294671003747,281,6
2006-10-09,2006,10,9,4300,505,0.009170930339067029,282,0
2006-10-10,2006,10,10,4301,542,0.07987850250335336,283,1
2006-10-11,2006,10,11,4302,551,0.09634731021662175,284,2
2006-10-12,2006,10,12,4303,552,0.09816054734080248,285,3
2006-10-13,2006,10,13,4304,533,0.06313392522955179,286,4
2006-10-14,2006,10,14,4305,435,-0.1400414678476087,287,5
2006-10-15,2006,10,15,4306,432,-0.14696191069218248,288,6
2006-10-16,2006,10,16,4307,575,0.13898254186105774,289,0
2006-10-17,2006,10,17,4308,570,0.13024886189230303,290,1
2006-10-18,2006,10,18,4309,559,0.11076197421880644,291,2
2006-10-19,2006,10,19,4310,528,0.053708784769968605,292,3
2006-10-20,2006,10,20,4311,571,0.1320017107197175,293,4
2006-10-21,2006,10,21,4312,473,-0.056292110444359764,294,5
2006-10-22,2006,10,22,4313,428,-0.156264303354496,295,6
2006-10-23,2006,10,23,4314,561,0.11433340658640359,296,0
2006-10-24,2006,10,24,4315,586,0.15793229064071984,297,1
2006-10-25,2006,10,25,4316,531,0.05937452230564608,298,2
2006-10-26,2006,10,26,4317,537,0.07061059557257193,299,3
2006-10-27,2006,10,27,4318,541,0.07803177991018878,300,4
2006-10-28,2006,10,28,4319,444,-0.11956293650406802,301,5
2006-10-29,2006,10,29,4320,448,-0.1105942665213076,302,6
2006-10-30,2006,10,30,4321,494,-0.012851981748370309,303,0
2006-10-31,2006,10,31,4322,509,0.017060517614229952,304,1
2006-11-01,2006,11,1,4323,549,0.09271094257323789,305,2
2006-11-02,2006,11,2,4324,523,0.04419396512863013,306,3
2006-11-03,2006,11,3,4325,574,0.1372418973832736,307,4
2006-11-04,2006,11,4,4326,427,-0.15860348570766825,308,5
2006-11-05,2006,11,5,4327,409,-0.20167234289349095,309,6
2006-11-06,2006,11,6,4328,507,0.01312350465489037,310,0
2006-11-07,2006,11,7,4329,593,0.16980690006143276,311,1
2006-11-08,2006,11,8,4330,538,0.07247106122549156,312,2
2006-11-09,2006,11,9,4331,529,0.05560093292200662,313,3
2006-11-10,2006,11,10,4332,525,0.04801076365533098,314,4
2006-11-11,2006,11,11,4333,399,-0.22642608204642928,315,5
2006-11-12,2006,11,12,4334,412,-0.19436414958676645,316,6
2006-11-13,2006,11,13,4335,527,0.051813049605069564,317,0
2006-11-14,2006,11,14,4336,514,0.02683576651887243,318,1
2006-11-15,2006,11,15,4337,525,0.04801076365533098,319,2
2006-11-16,2006,11,16,4338,531,0.05937452230564608,320,3
2006-11-17,2006,11,17,4339,559,0.11076197421880644,321,4
2006-11-18,2006,11,18,4340,411,-0.1967942844400581,322,5
2006-11-19,2006,11,19,4341,405,-0.21150043182975356,323,6
2006-11-20,2006,11,20,4342,524,0.04610418538474929,324,0
2006-11-21,2006,11,21,4343,552,0.09816054734080248,325,1
2006-11-22,2006,11,22,4344,542,0.07987850250335336,326,2
2006-11-23,2006,11,23,4345,509,0.017060517614229952,327,3
2006-11-24,2006,11,24,4346,532,0.06125599040535152,328,4
2006-11-25,2006,11,25,4347,403,-0.21645093698960974,329,5
2006-11-26,2006,11,26,4348,421,-0.1727546652539114,330,6
2006-11-27,2006,11,27,4349,509,0.017060517614229952,331,0
2006-11-28,2006,11,28,4350,537,0.07061059557257193,332,1
2006-11-29,2006,11,29,4351,505,0.009170930339067029,333,2
2006-11-30,2006,11,30,4352,514,0.02683576651887243,334,3
2006-12-01,2006,12,1,4353,523,0.04419396512863013,335,4
2006-12-02,2006,12,2,4354,442,-0.12407761685859466,336,5
2006-12-03,2006,12,3,4355,435,-0.1400414678476087,337,6
2006-12-04,2006,12,4,4356,490,-0.020982107831620526,338,0
2006-12-05,2006,12,5,4357,480,-0.04160139503435611,339,1
2006-12-06,2006,12,6,4358,464,-0.07550294671003747,340,2
2006-12-07,2006,12,7,4359,508,0.01509394864218921,341,3
2006-12-08,2006,12,8,4360,545,0.08539829572695133,342,4
2006-12-09,2006,12,9,4361,424,-0.16565404370433506,343,5
2006-12-10,2006,12,10,4362,393,-0.2415778870670315,344,6
2006-12-11,2006,12,11,4363,519,0.03651638422959586,345,0
2006-12-12,2006,12,12,4364,558,0.10897146344501811,346,1
2006-12-13,2006,12,13,4365,502,0.0032126207554365057,347,2
2006-12-14,2006,12,14,4366,514,0.02683576651887243,348,3
2006-12-15,2006,12,15,4367,498,-0.0047874219116398825,349,4
2006-12-16,2006,12,16,4368,441,-0.12634262348944678,350,5
2006-12-17,2006,12,17,4369,405,-0.21150043182975356,351,6
2006-12-18,2006,12,18,4370,501,0.0012186021485719963,352,0
2006-12-19,2006,12,19,4371,507,0.01312350465489037,353,1
2006-12-20,2006,12,20,4372,516,0.03071926654527006,354,2
2006-12-21,2006,12,21,4373,536,0.06874666213450913,355,3
2006-12-22,2006,12,22,4374,549,0.09271094257323789,356,4
2006-12-23,2006,12,23,4375,446,-0.11506854691622871,357,5
2006-12-24,2006,12,24,4376,393,-0.2415778870670315,358,6
2006-12-25,2006,12,25,4377,386,-0.2595501294714619,359,0
2006-12-26,2006,12,26,4378,391,-0.24667993895092696,360,1
2006-12-27,2006,12,27,4379,514,0.02683576651887243,361,2
2006-12-28,2006,12,28,4380,522,0.04228008894634606,362,3
2006-12-29,2006,12,29,4381,573,0.13549821777844687,363,4
2006-12-30,2006,12,30,4382,439,-0.13088808586112144,364,5
2006-12-31,2006,12,31,4383,392,-0.2441256591458302,365,6
2007-01-01,2007,1,1,4384,348,-0.3631850191618185,1,0
2007-01-02,2007,1,2,4385,510,0.019023226782078777,2,1
2007-01-03,2007,1,3,4386,537,0.07061059557257193,3,2
2007-01-04,2007,1,4,4387,578,0.14418636973608467,4,3
2007-01-05,2007,1,5,4388,546,0.08723147680861221,5,4
2007-01-06,2007,1,6,4389,421,-0.1727546652539114,6,5
2007-01-07,2007,1,7,4390,421,-0.1727546652539114,7,6
2007-01-08,2007,1,8,4391,501,0.0012186021485719963,8,0
2007-01-09,2007,1,9,4392,504,0.007188769135075929,9,1
2007-01-10,2007,1,10,4393,489,-0.023025009461420796,10,2
2007-01-11,2007,1,11,4394,492,-0.016908782443984704,11,3
2007-01-12,2007,1,12,4395,546,0.08723147680861221,12,4
2007-01-13,2007,1,13,4396,414,-0.18952152511097844,13,5
2007-01-14,2007,1,14,4397,391,-0.24667993895092696,14,6
2007-01-15,2007,1,15,4398,495,-0.01082973636760251,15,0
2007-01-16,2007,1,16,4399,505,0.009170930339067029,16,1
2007-01-17,2007,1,17,4400,533,0.06313392522955179,17,2
2007-01-18,2007,1,18,4401,511,0.020982091267411646,18,3
2007-01-19,2007,1,19,4402,487,-0.027123375853703034,19,4
2007-01-20,2007,1,20,4403,401,-0.22142607162972353,20,5
2007-01-21,2007,1,21,4404,365,-0.31549014535380127,21,6
2007-01-22,2007,1,22,4405,486,-0.02917887503579906,22,0
2007-01-23,2007,1,23,4406,552,0.09816054734080248,23,1
2007-01-24,2007,1,24,4407,513,0.02488834623447675,24,2
2007-01-25,2007,1,25,4408,526,0.04991371380141699,25,3
2007-01-26,2007,1,26,4409,535,0.0668792479597138,26,4
2007-01-27,2007,1,27,4410,434,-0.14234296483588793,27,5
2007-01-28,2007,1,28,4411,390,-0.24924075981260063,28,6
2007-01-29,2007,1,29,4412,515,0.028779401727443366,29,0
2007-01-30,2007,1,30,4413,539,0.07432807197270441,30,1
2007-01-31,2007,1,31,4414,534,0.06500834002390198,31,2
2007-02-01,2007,2,1,4415,525,0.04801076365533098,32,3
2007-02-02,2007,2,2,4416,596,0.174853168129057,33,4
2007-02-03,2007,2,3,4417,413,-0.1919399059752601,34,5
2007-02-04,2007,2,4,4418,422,-0.170382184900281,35,6
2007-02-05,2007,2,5,4419,506,0.01114917035117286,36,0
2007-02-06,2007,2,6,4420,533,0.06313392522955179,37,1
2007-02-07,2007,2,7,4421,552,0.09816054734080248,38,2
2007-02-08,2007,2,8,4422,539,0.07432807197270441,39,3
2007-02-09,2007,2,9,4423,520,0.038441312639180374,40,4
2007-02-10,2007,2,10,4424,449,-0.10836461119403848,41,5
2007-02-11,2007,2,11,4425,419,-0.1775165790141551,42,6
2007-02-12,2007,2,12,4426,527,0.051813049605069564,43,0
2007-02-13,2007,2,13,4427,529,0.05560093292200662,44,1
2007-02-14,2007,2,14,4428,558,0.10897146344501811,45,2
2007-02-15,2007,2,15,4429,525,0.04801076365533098,46,3
2007-02-16,2007,2,16,4430,556,0.10538079531428955,47,4
2007-02-17,2007,2,17,4431,424,-0.16565404370433506,48,5
2007-02-18,2007,2,18,4432,380,-0.2752162462158613,49,6
2007-02-19,2007,2,19,4433,483,-0.03537084528372003,50,0
2007-02-20,2007,2,20,4434,507,0.01312350465489037,51,1
2007-02-21,2007,2,21,4435,524,0.04610418538474929,52,2
2007-02-22,2007,2,22,4436,525,0.04801076365533098,53,3
2007-02-23,2007,2,23,4437,487,-0.027123375853703034,54,4
2007-02-24,2007,2,24,4438,408,-0.204120324532131,55,5
2007-02-25,2007,2,25,4439,417,-0.18230127713749136,56,6
2007-02-26,2007,2,26,4440,525,0.04801076365533098,57,0
2007-02-27,2007,2,27,4441,516,0.03071926654527006,58,1
2007-02-28,2007,2,28,4442,544,0.08356174791964978,59,2
2007-03-01,2007,3,1,4443,568,0.12673391978485854,60,3
2007-03-02,2007,3,2,4444,547,0.08906130348568847,61,4
2007-03-03,2007,3,3,4445,433,-0.14464977093380296,62,5
2007-03-04,2007,3,4,4446,429,-0.15393058000827584,63,6
2007-03-05,2007,3,5,4447,524,0.04610418538474929,64,0
2007-03-06,2007,3,6,4448,507,0.01312350465489037,65,1
2007-03-07,2007,3,7,4449,530,0.05748950760987465,66,2
2007-03-08,2007,3,8,4450,540,0.07618164062202722,67,3
2007-03-09,2007,3,9,4451,537,0.07061059557257193,68,4
2007-03-10,2007,3,10,4452,420,-0.17513278765887882,69,5
2007-03-11,2007,3,11,4453,411,-0.1967942844400581,70,6
2007-03-12,2007,3,12,4454,507,0.01312350465489037,71,0
2007-03-13,2007,3,13,4455,549,0.09271094257323789,72,1
2007-03-14,2007,3,14,4456,527,0.051813049605069564,73,2
2007-03-15,2007,3,15,4457,498,-0.0047874219116398825,74,3
2007-03-16,2007,3,16,4458,547,0.08906130348568847,75,4
2007-03-17,2007,3,17,4459,426,-0.1609481526669224,76,5
2007-03-18,2007,3,18,4460,382,-0.26996689032971755,77,6
2007-03-19,2007,3,19,4461,511,0.020982091267411646,78,0
2007-03-20,2007,3,20,4462,509,0.017060517614229952,79,1
2007-03-21,2007,3,21,4463,513,0.02488834623447675,80,2
2007-03-22,2007,3,22,4464,557,0.1071777409909913,81,3
2007-03-23,2007,3,23,4465,530,0.05748950760987465,82,4
2007-03-24,2007,3,24,4466,386,-0.2595501294714619,83,5
2007-03-25,2007,3,25,4467,414,-0.18952152511097844,84,6
2007-03-26,2007,3,26,4468,505,0.009170930339067029,85,0
2007-03-27,2007,3,27,4469,499,-0.00278140318477414,86,1
2007-03-28,2007,3,28,4470,500,-0.0007794005141010613,87,2
2007-03-29,2007,3,29,4471,491,-0.01894337114177224,88,3
2007-03-30,2007,3,30,4472,516,0.03071926654527006,89,4
2007-03-31,2007,3,31,4473,398,-0.22893549365185503,90,5
2007-04-01,2007,4,1,4474,404,-0.21397262097514264,91,6
2007-04-02,2007,4,2,4475,515,0.028779401727443366,92,0
2007-04-03,2007,4,3,4476,505,0.009170930339067029,93,1
2007-04-04,2007,4,4,4477,536,0.06874666213450913,94,2
2007-04-05,2007,4,5,4478,477,-0.04787100804795151,95,3
2007-04-06,2007,4,6,4479,493,-0.014878324893602708,96,4
2007-04-07,2007,4,7,4480,420,-0.17513278765887882,97,5
2007-04-08,2007,4,8,4481,394,-0.23903658963835892,98,6
2007-04-09,2007,4,9,4482,430,-0.15160229024868468,99,0
2007-04-10,2007,4,10,4483,517,0.03265537557213635,100,1
2007-04-11,2007,4,11,4484,519,0.03651638422959586,101,2
2007-04-12,2007,4,12,4485,569,0.1284929351900382,102,3
2007-04-13,2007,4,13,4486,541,0.07803177991018878,103,4
2007-04-14,2007,4,14,4487,387,-0.25696280590651094,104,5
2007-04-15,2007,4,15,4488,428,-0.156264303354496,105,6
2007-04-16,2007,4,16,4489,497,-0.006797472839664082,106,0
2007-04-17,2007,4,17,4490,522,0.04228008894634606,107,1
2007-04-18,2007,4,18,4491,503,0.005202671163446407,108,2
2007-04-19,2007,4,19,4492,508,0.01509394864218921,109,3
2007-04-20,2007,4,20,4493,519,0.03651638422959586,110,4
2007-04-21,2007,4,21,4494,379,-0.2778512938538664,111,5
2007-04-22,2007,4,22,4495,447,-0.11282890432272394,112,6
2007-04-23,2007,4,23,4496,459,-0.0863372888757476,113,0
2007-04-24,2007,4,24,4497,553,0.09997050258604206,114,1
2007-04-25,2007,4,25,4498,476,-0.04996964470487272,115,2
2007-04-26,2007,4,26,4499,554,0.10177718781099099,116,3
2007-04-27,2007,4,27,4500,550,0.09453077929022377,117,4
2007-04-28,2007,4,28,4501,455,-0.09509007998534234,118,5
2007-04-29,2007,4,29,4502,422,-0.170382184900281,119,6
2007-04-30,2007,4,30,4503,406,-0.20903433933456006,120,0
2007-05-01,2007,5,1,4504,468,-0.066919203018646,121,1
2007-05-02,2007,5,2,4505,590,0.16473503796347236,122,2
2007-05-03,2007,5,3,4506,525,0.04801076365533098,123,3
2007-05-04,2007,5,4,4507,470,-0.06265480423218847,124,4
2007-05-05,2007,5,5,4508,418,-0.1799060664115365,125,5
2007-05-06,2007,5,6,4509,408,-0.204120324532131,126,6
2007-05-07,2007,5,7,4510,505,0.009170930339067029,127,0
2007-05-08,2007,5,8,4511,532,0.06125599040535152,128,1
2007-05-09,2007,5,9,4512,515,0.028779401727443366,129,2
2007-05-10,2007,5,10,4513,502,0.0032126207554365057,130,3
2007-05-11,2007,5,11,4514,520,0.038441312639180374,131,4
2007-05-12,2007,5,12,4515,428,-0.156264303354496,132,5
2007-05-13,2007,5,13,4516,430,-0.15160229024868468,133,6
2007-05-14,2007,5,14,4517,513,0.02488834623447675,134,0
2007-05-15,2007,5,15,4518,534,0.06500834002390198,135,1
2007-05-16,2007,5,16,4519,537,0.07061059557257193,136,2
2007-05-17,2007,5,17,4520,439,-0.13088808586112144,137,3
2007-05-18,2007,5,18,4521,464,-0.07550294671003747,138,4
2007-05-19,2007,5,19,4522,430,-0.15160229024868468,139,5
2007-05-20,2007,5,20,4523,394,-0.23903658963835892,140,6
2007-05-21,2007,5,21,4524,506,0.01114917035117286,141,0
2007-05-22,2007,5,22,4525,520,0.038441312639180374,142,1
2007-05-23,2007,5,23,4526,532,0.06125599040535152,143,2
2007-05-24,2007,5,24,4527,501,0.0012186021485719963,144,3
2007-05-25,2007,5,25,4528,552,0.09816054734080248,145,4
2007-05-26,2007,5,26,4529,471,-0.060529404919874984,146,5
2007-05-27,2007,5,27,4530,417,-0.18230127713749136,147,6
2007-05-28,2007,5,28,4531,451,-0.10392015943361442,148,0
2007-05-29,2007,5,29,4532,532,0.06125599040535152,149,1
2007-05-30,2007,5,30,4533,510,0.019023226782078777,150,2
2007-05-31,2007,5,31,4534,530,0.05748950760987465,151,3
2007-06-01,2007,6,1,4535,531,0.05937452230564608,152,4
2007-06-02,2007,6,2,4536,445,-0.11731321677005256,153,5
2007-06-03,2007,6,3,4537,410,-0.1992303392379392,154,6
2007-06-04,2007,6,4,4538,478,-0.04577676644483675,155,0
2007-06-05,2007,6,5,4539,517,0.03265537557213635,156,1
2007-06-06,2007,6,6,4540,539,0.07432807197270441,157,2
2007-06-07,2007,6,7,4541,515,0.028779401727443366,158,3
2007-06-08,2007,6,8,4542,517,0.03265537557213635,159,4
2007-06-09,2007,6,9,4543,467,-0.06905824126739543,160,5
2007-06-10,2007,6,10,4544,395,-0.23650173403517086,161,6
2007-06-11,2007,6,11,4545,503,0.005202671163446407,162,0
2007-06-12,2007,6,12,4546,571,0.1320017107197175,163,1
2007-06-13,2007,6,13,4547,497,-0.006797472839664082,164,2
2007-06-14,2007,6,14,4548,518,0.03458774332319039,165,3
2007-06-15,2007,6,15,4549,553,0.09997050258604206,166,4
2007-06-16,2007,6,16,4550,420,-0.17513278765887882,167,5
2007-06-17,2007,6,17,4551,432,-0.14696191069218248,168,6
2007-06-18,2007,6,18,4552,504,0.007188769135075929,169,0
2007-06-19,2007,6,19,4553,525,0.04801076365533098,170,1
2007-06-20,2007,6,20,4554,557,0.1071777409909913,171,2
2007-06-21,2007,6,21,4555,491,-0.01894337114177224,172,3
2007-06-22,2007,6,22,4556,525,0.04801076365533098,173,4
2007-06-23,2007,6,23,4557,438,-0.13316858855984665,174,5
2007-06-24,2007,6,24,4558,365,-0.31549014535380127,175,6
2007-06-25,2007,6,25,4559,480,-0.04160139503435611,176,0
2007-06-26,2007,6,26,4560,490,-0.020982107831620526,177,1
2007-06-27,2007,6,27,4561,491,-0.01894337114177224,178,2
2007-06-28,2007,6,28,4562,517,0.03265537557213635,179,3
2007-06-29,2007,6,29,4563,546,0.08723147680861221,180,4
2007-06-30,2007,6,30,4564,422,-0.170382184900281,181,5
2007-07-01,2007,7,1,4565,421,-0.1727546652539114,182,6
2007-07-02,2007,7,2,4566,564,0.11966675256176608,183,0
2007-07-03,2007,7,3,4567,477,-0.04787100804795151,184,1
2007-07-04,2007,7,4,4568,515,0.028779401727443366,185,2
2007-07-05,2007,7,5,4569,562,0.11611435095739826,186,3
2007-07-06,2007,7,6,4570,547,0.08906130348568847,187,4
2007-07-07,2007,7,7,4571,462,-0.0798226078545539,188,5
2007-07-08,2007,7,8,4572,431,-0.149279408832545,189,6
2007-07-09,2007,7,9,4573,508,0.01509394864218921,190,0
2007-07-10,2007,7,10,4574,532,0.06125599040535152,191,1
2007-07-11,2007,7,11,4575,542,0.07987850250335336,192,2
2007-07-12,2007,7,12,4576,535,0.0668792479597138,193,3
2007-07-13,2007,7,13,4577,556,0.10538079531428955,194,4
2007-07-14,2007,7,14,4578,469,-0.06478473049001338,195,5
2007-07-15,2007,7,15,4579,430,-0.15160229024868468,196,6
2007-07-16,2007,7,16,4580,526,0.04991371380141699,197,0
2007-07-17,2007,7,17,4581,541,0.07803177991018878,198,1
2007-07-18,2007,7,18,4582,595,0.17317390660933707,199,2
2007-07-19,2007,7,19,4583,550,0.09453077929022377,200,3
2007-07-20,2007,7,20,4584,525,0.04801076365533098,201,4
2007-07-21,2007,7,21,4585,455,-0.09509007998534234,202,5
2007-07-22,2007,7,22,4586,440,-0.12861277202398594,203,6
2007-07-23,2007,7,23,4587,540,0.07618164062202722,204,0
2007-07-24,2007,7,24,4588,561,0.11433340658640359,205,1
2007-07-25,2007,7,25,4589,550,0.09453077929022377,206,2
2007-07-26,2007,7,26,4590,560,0.1125492847929021,207,3
2007-07-27,2007,7,27,4591,588,0.16133944896233413,208,4
2007-07-28,2007,7,28,4592,468,-0.066919203018646,209,5
2007-07-29,2007,7,29,4593,427,-0.15860348570766825,210,6
2007-07-30,2007,7,30,4594,551,0.09634731021662175,211,0
2007-07-31,2007,7,31,4595,561,0.11433340658640359,212,1
2007-08-01,2007,8,1,4596,550,0.09453077929022377,213,2
2007-08-02,2007,8,2,4597,529,0.05560093292200662,214,3
2007-08-03,2007,8,3,4598,551,0.09634731021662175,215,4
2007-08-04,2007,8,4,4599,455,-0.09509007998534234,216,5
2007-08-05,2007,8,5,4600,445,-0.11731321677005256,217,6
2007-08-06,2007,8,6,4601,543,0.08172182099764269,218,0
2007-08-07,2007,8,7,4602,572,0.1337514924435051,219,1
2007-08-08,2007,8,8,4603,571,0.1320017107197175,220,2
2007-08-09,2007,8,9,4604,519,0.03651638422959586,221,3
2007-08-10,2007,8,10,4605,566,0.12320657926689012,222,4
2007-08-11,2007,8,11,4606,485,-0.031238607998809516,223,5
2007-08-12,2007,8,12,4607,449,-0.10836461119403848,224,6
2007-08-13,2007,8,13,4608,532,0.06125599040535152,225,0
2007-08-14,2007,8,14,4609,567,0.12497180479145936,226,1
2007-08-15,2007,8,15,4610,552,0.09816054734080248,227,2
2007-08-16,2007,8,16,4611,577,0.14245476757180686,228,3
2007-08-17,2007,8,17,4612,544,0.08356174791964978,229,4
2007-08-18,2007,8,18,4613,428,-0.156264303354496,230,5
2007-08-19,2007,8,19,4614,470,-0.06265480423218847,231,6
2007-08-20,2007,8,20,4615,511,0.020982091267411646,232,0
2007-08-21,2007,8,21,4616,552,0.09816054734080248,233,1
2007-08-22,2007,8,22,4617,532,0.06125599040535152,234,2
2007-08-23,2007,8,23,4618,574,0.1372418973832736,235,3
2007-08-24,2007,8,24,4619,603,0.1865296977908926,236,4
2007-08-25,2007,8,25,4620,451,-0.10392015943361442,237,5
2007-08-26,2007,8,26,4621,432,-0.14696191069218248,238,6
2007-08-27,2007,8,27,4622,530,0.05748950760987465,239,0
2007-08-28,2007,8,28,4623,521,0.040362542817074146,240,1
2007-08-29,2007,8,29,4624,536,0.06874666213450913,241,2
2007-08-30,2007,8,30,4625,575,0.13898254186105774,242,3
2007-08-31,2007,8,31,4626,540,0.07618164062202722,243,4
2007-09-01,2007,9,1,4627,461,-0.08198945593964423,244,5
2007-09-02,2007,9,2,4628,433,-0.14464977093380296,245,6
2007-09-03,2007,9,3,4629,525,0.04801076365533098,246,0
2007-09-04,2007,9,4,4630,557,0.1071777409909913,247,1
2007-09-05,2007,9,5,4631,538,0.07247106122549156,248,2
2007-09-06,2007,9,6,4632,540,0.07618164062202722,249,3
2007-09-07,2007,9,7,4633,587,0.15963732089180377,250,4
2007-09-08,2007,9,8,4634,456,-0.09289468942190668,251,5
2007-09-09,2007,9,9,4635,420,-0.17513278765887882,252,6
2007-09-10,2007,9,10,4636,563,0.11789212920339767,253,0
2007-09-11,2007,9,11,4637,582,0.15108294879514503,254,1
2007-09-12,2007,9,12,4638,560,0.1125492847929021,255,2
2007-09-13,2007,9,13,4639,587,0.15963732089180377,256,3
2007-09-14,2007,9,14,4640,557,0.1071777409909913,257,4
2007-09-15,2007,9,15,4641,468,-0.066919203018646,258,5
2007-09-16,2007,9,16,4642,418,-0.1799060664115365,259,6
2007-09-17,2007,9,17,4643,554,0.10177718781099099,260,0
2007-09-18,2007,9,18,4644,594,0.17149182042635217,261,1
2007-09-19,2007,9,19,4645,569,0.1284929351900382,262,2
2007-09-20,2007,9,20,4646,570,0.13024886189230303,263,3
2007-09-21,2007,9,21,4647,623,0.21915901985116032,264,4
2007-09-22,2007,9,22,4648,486,-0.02917887503579906,265,5
2007-09-23,2007,9,23,4649,450,-0.10613991617192732,266,6
2007-09-24,2007,9,24,4650,588,0.16133944896233413,267,0
2007-09-25,2007,9,25,4651,574,0.1372418973832736,268,1
2007-09-26,2007,9,26,4652,627,0.22555904169662788,269,2
2007-09-27,2007,9,27,4653,576,0.14072016175959845,270,3
2007-09-28,2007,9,28,4654,596,0.174853168129057,271,4
2007-09-29,2007,9,29,4655,498,-0.0047874219116398825,272,5
2007-09-30,2007,9,30,4656,464,-0.07550294671003747,273,6
2007-10-01,2007,10,1,4657,564,0.11966675256176608,274,0
2007-10-02,2007,10,2,4658,579,0.14591497863670255,275,1
2007-10-03,2007,10,3,4659,551,0.09634731021662175,276,2
2007-10-04,2007,10,4,4660,555,0.10358061481014179,277,3
2007-10-05,2007,10,5,4661,561,0.11433340658640359,278,4
2007-10-06,2007,10,6,4662,464,-0.07550294671003747,279,5
2007-10-07,2007,10,7,4663,462,-0.0798226078545539,280,6
2007-10-08,2007,10,8,4664,566,0.12320657926689012,281,0
2007-10-09,2007,10,9,4665,538,0.07247106122549156,282,1
2007-10-10,2007,10,10,4666,500,-0.0007794005141010613,283,2
2007-10-11,2007,10,11,4667,543,0.08172182099764269,284,3
2007-10-12,2007,10,12,4668,533,0.06313392522955179,285,4
2007-10-13,2007,10,13,4669,435,-0.1400414678476087,286,5
2007-10-14,2007,10,14,4670,406,-0.20903433933456006,287,6
2007-10-15,2007,10,15,4671,503,0.005202671163446407,288,0
2007-10-16,2007,10,16,4672,563,0.11789212920339767,289,1
2007-10-17,2007,10,17,4673,515,0.028779401727443366,290,2
2007-10-18,2007,10,18,4674,553,0.09997050258604206,291,3
2007-10-19,2007,10,19,4675,499,-0.00278140318477414,292,4
2007-10-20,2007,10,20,4676,397,-0.2314512182491023,293,5
2007-10-21,2007,10,21,4677,384,-0.2647449463485659,294,6
2007-10-22,2007,10,22,4678,466,-0.07120186481064687,295,0
2007-10-23,2007,10,23,4679,483,-0.03537084528372003,296,1
2007-10-24,2007,10,24,4680,551,0.09634731021662175,297,2
2007-10-25,2007,10,25,4681,516,0.03071926654527006,298,3
2007-10-26,2007,10,26,4682,554,0.10177718781099099,299,4
2007-10-27,2007,10,27,4683,447,-0.11282890432272394,300,5
2007-10-28,2007,10,28,4684,431,-0.149279408832545,301,6
2007-10-29,2007,10,29,4685,505,0.009170930339067029,302,0
2007-10-30,2007,10,30,4686,496,-0.008811572211365326,303,1
2007-10-31,2007,10,31,4687,542,0.07987850250335336,304,2
2007-11-01,2007,11,1,4688,520,0.038441312639180374,305,3
2007-11-02,2007,11,2,4689,526,0.04991371380141699,306,4
2007-11-03,2007,11,3,4690,430,-0.15160229024868468,307,5
2007-11-04,2007,11,4,4691,407,-0.20657431349369773,308,6
2007-11-05,2007,11,5,4692,513,0.02488834623447675,309,0
2007-11-06,2007,11,6,4693,520,0.038441312639180374,310,1
2007-11-07,2007,11,7,4694,529,0.05560093292200662,311,2
2007-11-08,2007,11,8,4695,501,0.0012186021485719963,312,3
2007-11-09,2007,11,9,4696,484,-0.03330259221966101,313,4
2007-11-10,2007,11,10,4697,419,-0.1775165790141551,314,5
2007-11-11,2007,11,11,4698,428,-0.156264303354496,315,6
2007-11-12,2007,11,12,4699,519,0.03651638422959586,316,0
2007-11-13,2007,11,13,4700,505,0.009170930339067029,317,1
2007-11-14,2007,11,14,4701,561,0.11433340658640359,318,2
2007-11-15,2007,11,15,4702,517,0.03265537557213635,319,3
2007-11-16,2007,11,16,4703,519,0.03651638422959586,320,4
2007-11-17,2007,11,17,4704,424,-0.16565404370433506,321,5
2007-11-18,2007,11,18,4705,368,-0.30730456076736185,322,6
2007-11-19,2007,11,19,4706,506,0.01114917035117286,323,0
2007-11-20,2007,11,20,4707,518,0.03458774332319039,324,1
2007-11-21,2007,11,21,4708,504,0.007188769135075929,325,2
2007-11-22,2007,11,22,4709,511,0.020982091267411646,326,3
2007-11-23,2007,11,23,4710,525,0.04801076365533098,327,4
2007-11-24,2007,11,24,4711,368,-0.30730456076736185,328,5
2007-11-25,2007,11,25,4712,379,-0.2778512938538664,329,6
2007-11-26,2007,11,26,4713,469,-0.06478473049001338,330,0
2007-11-27,2007,11,27,4714,525,0.04801076365533098,331,1
2007-11-28,2007,11,28,4715,508,0.01509394864218921,332,2
2007-11-29,2007,11,29,4716,513,0.02488834623447675,333,3
2007-11-30,2007,11,30,4717,515,0.028779401727443366,334,4
2007-12-01,2007,12,1,4718,387,-0.25696280590651094,335,5
2007-12-02,2007,12,2,4719,364,-0.3182336312995521,336,6
2007-12-03,2007,12,3,4720,465,-0.07335009334893643,337,0
2007-12-04,2007,12,4,4721,506,0.01114917035117286,338,1
2007-12-05,2007,12,5,4722,400,-0.22392295182831073,339,2
2007-12-06,2007,12,6,4723,491,-0.01894337114177224,340,3
2007-12-07,2007,12,7,4724,514,0.02683576651887243,341,4
2007-12-08,2007,12,8,4725,416,-0.18470223867502955,342,5
2007-12-09,2007,12,9,4726,338,-0.39234160345327407,343,6
2007-12-10,2007,12,10,4727,493,-0.014878324893602708,344,0
2007-12-11,2007,12,11,4728,492,-0.016908782443984704,345,1
2007-12-12,2007,12,12,4729,519,0.03651638422959586,346,2
2007-12-13,2007,12,13,4730,487,-0.027123375853703034,347,3
2007-12-14,2007,12,14,4731,519,0.03651638422959586,348,4
2007-12-15,2007,12,15,4732,432,-0.14696191069218248,349,5
2007-12-16,2007,12,16,4733,400,-0.22392295182831073,350,6
2007-12-17,2007,12,17,4734,505,0.009170930339067029,351,0
2007-12-18,2007,12,18,4735,545,0.08539829572695133,352,1
2007-12-19,2007,12,19,4736,481,-0.03952022883053154,353,2
2007-12-20,2007,12,20,4737,521,0.040362542817074146,354,3
2007-12-21,2007,12,21,4738,544,0.08356174791964978,355,4
2007-12-22,2007,12,22,4739,458,-0.0885183148221078,356,5
2007-12-23,2007,12,23,4740,407,-0.20657431349369773,357,6
2007-12-24,2007,12,24,4741,529,0.05560093292200662,358,0
2007-12-25,2007,12,25,4742,422,-0.170382184900281,359,1
2007-12-26,2007,12,26,4743,417,-0.18230127713749136,360,2
2007-12-27,2007,12,27,4744,505,0.009170930339067029,361,3
2007-12-28,2007,12,28,4745,620,0.2143319791028445,362,4
2007-12-29,2007,12,29,4746,493,-0.014878324893602708,363,5
2007-12-30,2007,12,30,4747,424,-0.16565404370433506,364,6
2007-12-31,2007,12,31,4748,450,-0.10613991617192732,365,0
2008-01-01,2008,1,1,4749,416,-0.18470223867502955,1,1
2008-01-02,2008,1,2,4750,491,-0.01894337114177224,2,2
2008-01-03,2008,1,3,4751,528,0.053708784769968605,3,3
2008-01-04,2008,1,4,4752,579,0.14591497863670255,4,4
2008-01-05,2008,1,5,4753,487,-0.027123375853703034,5,5
2008-01-06,2008,1,6,4754,404,-0.21397262097514264,6,6
2008-01-07,2008,1,7,4755,503,0.005202671163446407,7,0
2008-01-08,2008,1,8,4756,528,0.053708784769968605,8,1
2008-01-09,2008,1,9,4757,530,0.05748950760987465,9,2
2008-01-10,2008,1,10,4758,499,-0.00278140318477414,10,3
2008-01-11,2008,1,11,4759,504,0.007188769135075929,11,4
2008-01-12,2008,1,12,4760,419,-0.1775165790141551,12,5
2008-01-13,2008,1,13,4761,397,-0.2314512182491023,13,6
2008-01-14,2008,1,14,4762,522,0.04228008894634606,14,0
2008-01-15,2008,1,15,4763,516,0.03071926654527006,15,1
2008-01-16,2008,1,16,4764,534,0.06500834002390198,16,2
2008-01-17,2008,1,17,4765,509,0.017060517614229952,17,3
2008-01-18,2008,1,18,4766,521,0.040362542817074146,18,4
2008-01-19,2008,1,19,4767,422,-0.170382184900281,19,5
2008-01-20,2008,1,20,4768,384,-0.2647449463485659,20,6
2008-01-21,2008,1,21,4769,502,0.0032126207554365057,21,0
2008-01-22,2008,1,22,4770,514,0.02683576651887243,22,1
2008-01-23,2008,1,23,4771,545,0.08539829572695133,23,2
2008-01-24,2008,1,24,4772,534,0.06500834002390198,24,3
2008-01-25,2008,1,25,4773,470,-0.06265480423218847,25,4
2008-01-26,2008,1,26,4774,406,-0.20903433933456006,26,5
2008-01-27,2008,1,27,4775,408,-0.204120324532131,27,6
2008-01-28,2008,1,28,4776,495,-0.01082973636760251,28,0
2008-01-29,2008,1,29,4777,498,-0.0047874219116398825,29,1
2008-01-30,2008,1,30,4778,528,0.053708784769968605,30,2
2008-01-31,2008,1,31,4779,478,-0.04577676644483675,31,3
2008-02-01,2008,2,1,4780,497,-0.006797472839664082,32,4
2008-02-02,2008,2,2,4781,462,-0.0798226078545539,33,5
2008-02-03,2008,2,3,4782,391,-0.24667993895092696,34,6
2008-02-04,2008,2,4,4783,510,0.019023226782078777,35,0
2008-02-05,2008,2,5,4784,534,0.06500834002390198,36,1
2008-02-06,2008,2,6,4785,510,0.019023226782078777,37,2
2008-02-07,2008,2,7,4786,533,0.06313392522955179,38,3
2008-02-08,2008,2,8,4787,535,0.0668792479597138,39,4
2008-02-09,2008,2,9,4788,428,-0.156264303354496,40,5
2008-02-10,2008,2,10,4789,398,-0.22893549365185503,41,6
2008-02-11,2008,2,11,4790,504,0.007188769135075929,42,0
2008-02-12,2008,2,12,4791,500,-0.0007794005141010613,43,1
2008-02-13,2008,2,13,4792,473,-0.056292110444359764,44,2
2008-02-14,2008,2,14,4793,549,0.09271094257323789,45,3
2008-02-15,2008,2,15,4794,527,0.051813049605069564,46,4
2008-02-16,2008,2,16,4795,439,-0.13088808586112144,47,5
2008-02-17,2008,2,17,4796,399,-0.22642608204642928,48,6
2008-02-18,2008,2,18,4797,480,-0.04160139503435611,49,0
2008-02-19,2008,2,19,4798,519,0.03651638422959586,50,1
2008-02-20,2008,2,20,4799,505,0.009170930339067029,51,2
2008-02-21,2008,2,21,4800,545,0.08539829572695133,52,3
2008-02-22,2008,2,22,4801,537,0.07061059557257193,53,4
2008-02-23,2008,2,23,4802,422,-0.170382184900281,54,5
2008-02-24,2008,2,24,4803,410,-0.1992303392379392,55,6
2008-02-25,2008,2,25,4804,544,0.08356174791964978,56,0
2008-02-26,2008,2,26,4805,568,0.12673391978485854,57,1
2008-02-27,2008,2,27,4806,524,0.04610418538474929,58,2
2008-02-28,2008,2,28,4807,512,0.02293712610321511,59,3
2008-02-29,2008,2,29,4808,481,-0.03952022883053154,60,4
2008-03-01,2008,3,1,4809,450,-0.10613991617192732,61,5
2008-03-02,2008,3,2,4810,414,-0.18952152511097844,62,6
2008-03-03,2008,3,3,4811,531,0.05937452230564608,63,0
2008-03-04,2008,3,4,4812,491,-0.01894337114177224,64,1
2008-03-05,2008,3,5,4813,538,0.07247106122549156,65,2
2008-03-06,2008,3,6,4814,486,-0.02917887503579906,66,3
2008-03-07,2008,3,7,4815,503,0.005202671163446407,67,4
2008-03-08,2008,3,8,4816,455,-0.09509007998534234,68,5
2008-03-09,2008,3,9,4817,426,-0.1609481526669224,69,6
2008-03-10,2008,3,10,4818,470,-0.06265480423218847,70,0
2008-03-11,2008,3,11,4819,568,0.12673391978485854,71,1
2008-03-12,2008,3,12,4820,505,0.009170930339067029,72,2
2008-03-13,2008,3,13,4821,504,0.007188769135075929,73,3
2008-03-14,2008,3,14,4822,550,0.09453077929022377,74,4
2008-03-15,2008,3,15,4823,380,-0.2752162462158613,75,5
2008-03-16,2008,3,16,4824,404,-0.21397262097514264,76,6
2008-03-17,2008,3,17,4825,491,-0.01894337114177224,77,0
2008-03-18,2008,3,18,4826,534,0.06500834002390198,78,1
2008-03-19,2008,3,19,4827,523,0.04419396512863013,79,2
2008-03-20,2008,3,20,4828,534,0.06500834002390198,80,3
2008-03-21,2008,3,21,4829,508,0.01509394864218921,81,4
2008-03-22,2008,3,22,4830,413,-0.1919399059752601,82,5
2008-03-23,2008,3,23,4831,404,-0.21397262097514264,83,6
2008-03-24,2008,3,24,4832,404,-0.21397262097514264,84,0
2008-03-25,2008,3,25,4833,477,-0.04787100804795151,85,1
2008-03-26,2008,3,26,4834,494,-0.012851981748370309,86,2
2008-03-27,2008,3,27,4835,485,-0.031238607998809516,87,3
2008-03-28,2008,3,28,4836,538,0.07247106122549156,88,4
2008-03-29,2008,3,29,4837,377,-0.283142311488282,89,5
2008-03-30,2008,3,30,4838,406,-0.20903433933456006,90,6
2008-03-31,2008,3,31,4839,508,0.01509394864218921,91,0
2008-04-01,2008,4,1,4840,501,0.0012186021485719963,92,1
2008-04-02,2008,4,2,4841,529,0.05560093292200662,93,2
2008-04-03,2008,4,3,4842,563,0.11789212920339767,94,3
2008-04-04,2008,4,4,4843,507,0.01312350465489037,95,4
2008-04-05,2008,4,5,4844,398,-0.22893549365185503,96,5
2008-04-06,2008,4,6,4845,405,-0.21150043182975356,97,6
2008-04-07,2008,4,7,4846,518,0.03458774332319039,98,0
2008-04-08,2008,4,8,4847,514,0.02683576651887243,99,1
2008-04-09,2008,4,9,4848,495,-0.01082973636760251,100,2
2008-04-10,2008,4,10,4849,531,0.05937452230564608,101,3
2008-04-11,2008,4,11,4850,481,-0.03952022883053154,102,4
2008-04-12,2008,4,12,4851,433,-0.14464977093380296,103,5
2008-04-13,2008,4,13,4852,375,-0.2884614729658819,104,6
2008-04-14,2008,4,14,4853,498,-0.0047874219116398825,105,0
2008-04-15,2008,4,15,4854,521,0.040362542817074146,106,1
2008-04-16,2008,4,16,4855,520,0.038441312639180374,107,2
2008-04-17,2008,4,17,4856,514,0.02683576651887243,108,3
2008-04-18,2008,4,18,4857,555,0.10358061481014179,109,4
2008-04-19,2008,4,19,4858,446,-0.11506854691622871,110,5
2008-04-20,2008,4,20,4859,432,-0.14696191069218248,111,6
2008-04-21,2008,4,21,4860,536,0.06874666213450913,112,0
2008-04-22,2008,4,22,4861,540,0.07618164062202722,113,1
2008-04-23,2008,4,23,4862,506,0.01114917035117286,114,2
2008-04-24,2008,4,24,4863,526,0.04991371380141699,115,3
2008-04-25,2008,4,25,4864,543,0.08172182099764269,116,4
2008-04-26,2008,4,26,4865,398,-0.22893549365185503,117,5
2008-04-27,2008,4,27,4866,443,-0.12181772889115713,118,6
2008-04-28,2008,4,28,4867,545,0.08539829572695133,119,0
2008-04-29,2008,4,29,4868,566,0.12320657926689012,120,1
2008-04-30,2008,4,30,4869,465,-0.07335009334893643,121,2
2008-05-01,2008,5,1,4870,461,-0.08198945593964423,122,3
2008-05-02,2008,5,2,4871,512,0.02293712610321511,123,4
2008-05-03,2008,5,3,4872,461,-0.08198945593964423,124,5
2008-05-04,2008,5,4,4873,403,-0.21645093698960974,125,6
2008-05-05,2008,5,5,4874,444,-0.11956293650406802,126,0
2008-05-06,2008,5,6,4875,569,0.1284929351900382,127,1
2008-05-07,2008,5,7,4876,578,0.14418636973608467,128,2
2008-05-08,2008,5,8,4877,600,0.1815421562798536,129,3
2008-05-09,2008,5,9,4878,541,0.07803177991018878,130,4
2008-05-10,2008,5,10,4879,459,-0.0863372888757476,131,5
2008-05-11,2008,5,11,4880,459,-0.0863372888757476,132,6
2008-05-12,2008,5,12,4881,427,-0.15860348570766825,133,0
2008-05-13,2008,5,13,4882,493,-0.014878324893602708,134,1
2008-05-14,2008,5,14,4883,543,0.08172182099764269,135,2
2008-05-15,2008,5,15,4884,528,0.053708784769968605,136,3
2008-05-16,2008,5,16,4885,529,0.05560093292200662,137,4
2008-05-17,2008,5,17,4886,489,-0.023025009461420796,138,5
2008-05-18,2008,5,18,4887,434,-0.14234296483588793,139,6
2008-05-19,2008,5,19,4888,485,-0.031238607998809516,140,0
2008-05-20,2008,5,20,4889,520,0.038441312639180374,141,1
2008-05-21,2008,5,21,4890,553,0.09997050258604206,142,2
2008-05-22,2008,5,22,4891,534,0.06500834002390198,143,3
2008-05-23,2008,5,23,4892,560,0.1125492847929021,144,4
2008-05-24,2008,5,24,4893,448,-0.1105942665213076,145,5
2008-05-25,2008,5,25,4894,425,-0.163298330011876,146,6
2008-05-26,2008,5,26,4895,546,0.08723147680861221,147,0
2008-05-27,2008,5,27,4896,548,0.0908877880117227,148,1
2008-05-28,2008,5,28,4897,544,0.08356174791964978,149,2
2008-05-29,2008,5,29,4898,512,0.02293712610321511,150,3
2008-05-30,2008,5,30,4899,543,0.08172182099764269,151,4
2008-05-31,2008,5,31,4900,449,-0.10836461119403848,152,5
2008-06-01,2008,6,1,4901,438,-0.13316858855984665,153,6
2008-06-02,2008,6,2,4902,496,-0.008811572211365326,154,0
2008-06-03,2008,6,3,4903,549,0.09271094257323789,155,1
2008-06-04,2008,6,4,4904,579,0.14591497863670255,156,2
2008-06-05,2008,6,5,4905,525,0.04801076365533098,157,3
2008-06-06,2008,6,6,4906,554,0.10177718781099099,158,4
2008-06-07,2008,6,7,4907,429,-0.15393058000827584,159,5
2008-06-08,2008,6,8,4908,453,-0.09949537345325875,160,6
2008-06-09,2008,6,9,4909,528,0.053708784769968605,161,0
2008-06-10,2008,6,10,4910,544,0.08356174791964978,162,1
2008-06-11,2008,6,11,4911,541,0.07803177991018878,163,2
2008-06-12,2008,6,12,4912,552,0.09816054734080248,164,3
2008-06-13,2008,6,13,4913,544,0.08356174791964978,165,4
2008-06-14,2008,6,14,4914,413,-0.1919399059752601,166,5
2008-06-15,2008,6,15,4915,418,-0.1799060664115365,167,6
2008-06-16,2008,6,16,4916,507,0.01312350465489037,168,0
2008-06-17,2008,6,17,4917,548,0.0908877880117227,169,1
2008-06-18,2008,6,18,4918,596,0.174853168129057,170,2
2008-06-19,2008,6,19,4919,544,0.08356174791964978,171,3
2008-06-20,2008,6,20,4920,552,0.09816054734080248,172,4
2008-06-21,2008,6,21,4921,430,-0.15160229024868468,173,5
2008-06-22,2008,6,22,4922,471,-0.060529404919874984,174,6
2008-06-23,2008,6,23,4923,530,0.05748950760987465,175,0
2008-06-24,2008,6,24,4924,549,0.09271094257323789,176,1
2008-06-25,2008,6,25,4925,583,0.1527996874141997,177,2
2008-06-26,2008,6,26,4926,564,0.11966675256176608,178,3
2008-06-27,2008,6,27,4927,556,0.10538079531428955,179,4
2008-06-28,2008,6,28,4928,465,-0.07335009334893643,180,5
2008-06-29,2008,6,29,4929,435,-0.1400414678476087,181,6
2008-06-30,2008,6,30,4930,525,0.04801076365533098,182,0
2008-07-01,2008,7,1,4931,576,0.14072016175959845,183,1
2008-07-02,2008,7,2,4932,578,0.14418636973608467,184,2
2008-07-03,2008,7,3,4933,534,0.06500834002390198,185,3
2008-07-04,2008,7,4,4934,546,0.08723147680861221,186,4
2008-07-05,2008,7,5,4935,423,-0.16801531989001484,187,5
2008-07-06,2008,7,6,4936,491,-0.01894337114177224,188,6
2008-07-07,2008,7,7,4937,541,0.07803177991018878,189,0
2008-07-08,2008,7,8,4938,614,0.2046074292108497,190,1
2008-07-09,2008,7,9,4939,515,0.028779401727443366,191,2
2008-07-10,2008,7,10,4940,551,0.09634731021662175,192,3
2008-07-11,2008,7,11,4941,640,0.24608067741742481,193,4
2008-07-12,2008,7,12,4942,477,-0.04787100804795151,194,5
2008-07-13,2008,7,13,4943,420,-0.17513278765887882,195,6
2008-07-14,2008,7,14,4944,552,0.09816054734080248,196,0
2008-07-15,2008,7,15,4945,613,0.20297743699991855,197,1
2008-07-16,2008,7,16,4946,538,0.07247106122549156,198,2
2008-07-17,2008,7,17,4947,568,0.12673391978485854,199,3
2008-07-18,2008,7,18,4948,577,0.14245476757180686,200,4
2008-07-19,2008,7,19,4949,463,-0.07766044485005867,201,5
2008-07-20,2008,7,20,4950,455,-0.09509007998534234,202,6
2008-07-21,2008,7,21,4951,592,0.1681191359477129,203,0
2008-07-22,2008,7,22,4952,619,0.21271777374830328,204,1
2008-07-23,2008,7,23,4953,552,0.09816054734080248,205,2
2008-07-24,2008,7,24,4954,555,0.10358061481014179,206,3
2008-07-25,2008,7,25,4955,644,0.2523112271680609,207,4
2008-07-26,2008,7,26,4956,538,0.07247106122549156,208,5
2008-07-27,2008,7,27,4957,500,-0.0007794005141010613,209,6
2008-07-28,2008,7,28,4958,545,0.08539829572695133,210,0
2008-07-29,2008,7,29,4959,591,0.16642851846980553,211,1
2008-07-30,2008,7,30,4960,548,0.0908877880117227,212,2
2008-07-31,2008,7,31,4961,547,0.08906130348568847,213,3
2008-08-01,2008,8,1,4962,653,0.26618963034013826,214,4
2008-08-02,2008,8,2,4963,439,-0.13088808586112144,215,5
2008-08-03,2008,8,3,4964,464,-0.07550294671003747,216,6
2008-08-04,2008,8,4,4965,527,0.051813049605069564,217,0
2008-08-05,2008,8,5,4966,601,0.18320743559891473,218,1
2008-08-06,2008,8,6,4967,586,0.15793229064071984,219,2
2008-08-07,2008,8,7,4968,568,0.12673391978485854,220,3
2008-08-08,2008,8,8,4969,642,0.24920080475366846,221,4
2008-08-09,2008,8,9,4970,447,-0.11282890432272394,222,5
2008-08-10,2008,8,10,4971,420,-0.17513278765887882,223,6
2008-08-11,2008,8,11,4972,555,0.10358061481014179,224,0
2008-08-12,2008,8,12,4973,590,0.16473503796347236,225,1
2008-08-13,2008,8,13,4974,532,0.06125599040535152,226,2
2008-08-14,2008,8,14,4975,563,0.11789212920339767,227,3
2008-08-15,2008,8,15,4976,568,0.12673391978485854,228,4
2008-08-16,2008,8,16,4977,470,-0.06265480423218847,229,5
2008-08-17,2008,8,17,4978,426,-0.1609481526669224,230,6
2008-08-18,2008,8,18,4979,538,0.07247106122549156,231,0
2008-08-19,2008,8,19,4980,556,0.10538079531428955,232,1
2008-08-20,2008,8,20,4981,561,0.11433340658640359,233,2
2008-08-21,2008,8,21,4982,553,0.09997050258604206,234,3
2008-08-22,2008,8,22,4983,600,0.1815421562798536,235,4
2008-08-23,2008,8,23,4984,475,-0.05207269490165152,236,5
2008-08-24,2008,8,24,4985,457,-0.09070410804208806,237,6
2008-08-25,2008,8,25,4986,531,0.05937452230564608,238,0
2008-08-26,2008,8,26,4987,562,0.11611435095739826,239,1
2008-08-27,2008,8,27,4988,492,-0.016908782443984704,240,2
2008-08-28,2008,8,28,4989,556,0.10538079531428955,241,3
2008-08-29,2008,8,29,4990,520,0.038441312639180374,242,4
2008-08-30,2008,8,30,4991,453,-0.09949537345325875,243,5
2008-08-31,2008,8,31,4992,445,-0.11731321677005256,244,6
2008-09-01,2008,9,1,4993,541,0.07803177991018878,245,0
2008-09-02,2008,9,2,4994,577,0.14245476757180686,246,1
2008-09-03,2008,9,3,4995,576,0.14072016175959845,247,2
2008-09-04,2008,9,4,4996,590,0.16473503796347236,248,3
2008-09-05,2008,9,5,4997,568,0.12673391978485854,249,4
2008-09-06,2008,9,6,4998,486,-0.02917887503579906,250,5
2008-09-07,2008,9,7,4999,450,-0.10613991617192732,251,6
2008-09-08,2008,9,8,5000,569,0.1284929351900382,252,0
2008-09-09,2008,9,9,5001,592,0.1681191359477129,253,1
2008-09-10,2008,9,10,5002,590,0.16473503796347236,254,2
2008-09-11,2008,9,11,5003,558,0.10897146344501811,255,3
2008-09-12,2008,9,12,5004,642,0.24920080475366846,256,4
2008-09-13,2008,9,13,5005,439,-0.13088808586112144,257,5
2008-09-14,2008,9,14,5006,448,-0.1105942665213076,258,6
2008-09-15,2008,9,15,5007,592,0.1681191359477129,259,0
2008-09-16,2008,9,16,5008,605,0.18984095909454862,260,1
2008-09-17,2008,9,17,5009,589,0.163038684715294,261,2
2008-09-18,2008,9,18,5010,560,0.1125492847929021,262,3
2008-09-19,2008,9,19,5011,574,0.1372418973832736,263,4
2008-09-20,2008,9,20,5012,453,-0.09949537345325875,264,5
2008-09-21,2008,9,21,5013,468,-0.066919203018646,265,6
2008-09-22,2008,9,22,5014,539,0.07432807197270441,266,0
2008-09-23,2008,9,23,5015,580,0.14764060460417222,267,1
2008-09-24,2008,9,24,5016,573,0.13549821777844687,268,2
2008-09-25,2008,9,25,5017,606,0.1914924871330217,269,3
2008-09-26,2008,9,26,5018,554,0.10177718781099099,270,4
2008-09-27,2008,9,27,5019,459,-0.0863372888757476,271,5
2008-09-28,2008,9,28,5020,470,-0.06265480423218847,272,6
2008-09-29,2008,9,29,5021,555,0.10358061481014179,273,0
2008-09-30,2008,9,30,5022,590,0.16473503796347236,274,1
2008-10-01,2008,10,1,5023,555,0.10358061481014179,275,2
2008-10-02,2008,10,2,5024,555,0.10358061481014179,276,3
2008-10-03,2008,10,3,5025,582,0.15108294879514503,277,4
2008-10-04,2008,10,4,5026,447,-0.11282890432272394,278,5
2008-10-05,2008,10,5,5027,442,-0.12407761685859466,279,6
2008-10-06,2008,10,6,5028,545,0.08539829572695133,280,0
2008-10-07,2008,10,7,5029,587,0.15963732089180377,281,1
2008-10-08,2008,10,8,5030,580,0.14764060460417222,282,2
2008-10-09,2008,10,9,5031,536,0.06874666213450913,283,3
2008-10-10,2008,10,10,5032,538,0.07247106122549156,284,4
2008-10-11,2008,10,11,5033,419,-0.1775165790141551,285,5
2008-10-12,2008,10,12,5034,420,-0.17513278765887882,286,6
2008-10-13,2008,10,13,5035,512,0.02293712610321511,287,0
2008-10-14,2008,10,14,5036,555,0.10358061481014179,288,1
2008-10-15,2008,10,15,5037,567,0.12497180479145936,289,2
2008-10-16,2008,10,16,5038,530,0.05748950760987465,290,3
2008-10-17,2008,10,17,5039,537,0.07061059557257193,291,4
2008-10-18,2008,10,18,5040,425,-0.163298330011876,292,5
2008-10-19,2008,10,19,5041,394,-0.23903658963835892,293,6
2008-10-20,2008,10,20,5042,513,0.02488834623447675,294,0
2008-10-21,2008,10,21,5043,494,-0.012851981748370309,295,1
2008-10-22,2008,10,22,5044,553,0.09997050258604206,296,2
2008-10-23,2008,10,23,5045,540,0.07618164062202722,297,3
2008-10-24,2008,10,24,5046,504,0.007188769135075929,298,4
2008-10-25,2008,10,25,5047,429,-0.15393058000827584,299,5
2008-10-26,2008,10,26,5048,417,-0.18230127713749136,300,6
2008-10-27,2008,10,27,5049,481,-0.03952022883053154,301,0
2008-10-28,2008,10,28,5050,520,0.038441312639180374,302,1
2008-10-29,2008,10,29,5051,510,0.019023226782078777,303,2
2008-10-30,2008,10,30,5052,473,-0.056292110444359764,304,3
2008-10-31,2008,10,31,5053,525,0.04801076365533098,305,4
2008-11-01,2008,11,1,5054,445,-0.11731321677005256,306,5
2008-11-02,2008,11,2,5055,410,-0.1992303392379392,307,6
2008-11-03,2008,11,3,5056,461,-0.08198945593964423,308,0
2008-11-04,2008,11,4,5057,516,0.03071926654527006,309,1
2008-11-05,2008,11,5,5058,533,0.06313392522955179,310,2
2008-11-06,2008,11,6,5059,539,0.07432807197270441,311,3
2008-11-07,2008,11,7,5060,536,0.06874666213450913,312,4
2008-11-08,2008,11,8,5061,443,-0.12181772889115713,313,5
2008-11-09,2008,11,9,5062,409,-0.20167234289349095,314,6
2008-11-10,2008,11,10,5063,533,0.06313392522955179,315,0
2008-11-11,2008,11,11,5064,545,0.08539829572695133,316,1
2008-11-12,2008,11,12,5065,526,0.04991371380141699,317,2
2008-11-13,2008,11,13,5066,528,0.053708784769968605,318,3
2008-11-14,2008,11,14,5067,515,0.028779401727443366,319,4
2008-11-15,2008,11,15,5068,416,-0.18470223867502955,320,5
2008-11-16,2008,11,16,5069,395,-0.23650173403517086,321,6
2008-11-17,2008,11,17,5070,493,-0.014878324893602708,322,0
2008-11-18,2008,11,18,5071,502,0.0032126207554365057,323,1
2008-11-19,2008,11,19,5072,536,0.06874666213450913,324,2
2008-11-20,2008,11,20,5073,505,0.009170930339067029,325,3
2008-11-21,2008,11,21,5074,515,0.028779401727443366,326,4
2008-11-22,2008,11,22,5075,411,-0.1967942844400581,327,5
2008-11-23,2008,11,23,5076,396,-0.2339732876818122,328,6
2008-11-24,2008,11,24,5077,514,0.02683576651887243,329,0
2008-11-25,2008,11,25,5078,527,0.051813049605069564,330,1
2008-11-26,2008,11,26,5079,526,0.04991371380141699,331,2
2008-11-27,2008,11,27,5080,483,-0.03537084528372003,332,3
2008-11-28,2008,11,28,5081,546,0.08723147680861221,333,4
2008-11-29,2008,11,29,5082,438,-0.13316858855984665,334,5
2008-11-30,2008,11,30,5083,414,-0.18952152511097844,335,6
2008-12-01,2008,12,1,5084,524,0.04610418538474929,336,0
2008-12-02,2008,12,2,5085,492,-0.016908782443984704,337,1
2008-12-03,2008,12,3,5086,499,-0.00278140318477414,338,2
2008-12-04,2008,12,4,5087,482,-0.03744338488569241,339,3
2008-12-05,2008,12,5,5088,474,-0.05418017724121624,340,4
2008-12-06,2008,12,6,5089,373,-0.29380907929247724,341,5
2008-12-07,2008,12,7,5090,388,-0.2543821593130193,342,6
2008-12-08,2008,12,8,5091,483,-0.03537084528372003,343,0
2008-12-09,2008,12,9,5092,531,0.05937452230564608,344,1
2008-12-10,2008,12,10,5093,523,0.04419396512863013,345,2
2008-12-11,2008,12,11,5094,529,0.05560093292200662,346,3
2008-12-12,2008,12,12,5095,556,0.10538079531428955,347,4
2008-12-13,2008,12,13,5096,415,-0.18710897870559454,348,5
2008-12-14,2008,12,14,5097,400,-0.22392295182831073,349,6
2008-12-15,2008,12,15,5098,498,-0.0047874219116398825,350,0
2008-12-16,2008,12,16,5099,546,0.08723147680861221,351,1
2008-12-17,2008,12,17,5100,513,0.02488834623447675,352,2
2008-12-18,2008,12,18,5101,529,0.05560093292200662,353,3
2008-12-19,2008,12,19,5102,562,0.11611435095739826,354,4
2008-12-20,2008,12,20,5103,434,-0.14234296483588793,355,5
2008-12-21,2008,12,21,5104,389,-0.25180815531784645,356,6
2008-12-22,2008,12,22,5105,491,-0.01894337114177224,357,0
2008-12-23,2008,12,23,5106,557,0.1071777409909913,358,1
2008-12-24,2008,12,24,5107,513,0.02488834623447675,359,2
2008-12-25,2008,12,25,5108,352,-0.35175632333819573,360,3
2008-12-26,2008,12,26,5109,376,-0.28579835554639826,361,4
2008-12-27,2008,12,27,5110,400,-0.22392295182831073,362,5
2008-12-28,2008,12,28,5111,430,-0.15160229024868468,363,6
2008-12-29,2008,12,29,5112,548,0.0908877880117227,364,0
2008-12-30,2008,12,30,5113,566,0.12320657926689012,365,1
2008-12-31,2008,12,31,5114,477,-0.04787100804795151,366,2
2009-01-01,2009,1,1,5115,357,-0.3376517171566537,1,3
2009-01-02,2009,1,2,5116,433,-0.14464977093380296,2,4
2009-01-03,2009,1,3,5117,417,-0.18230127713749136,3,5
2009-01-04,2009,1,4,5118,449,-0.10836461119403848,4,6
2009-01-05,2009,1,5,5119,569,0.1284929351900382,5,0
2009-01-06,2009,1,6,5120,538,0.07247106122549156,6,1
2009-01-07,2009,1,7,5121,552,0.09816054734080248,7,2
2009-01-08,2009,1,8,5122,538,0.07247106122549156,8,3
2009-01-09,2009,1,9,5123,495,-0.01082973636760251,9,4
2009-01-10,2009,1,10,5124,391,-0.24667993895092696,10,5
2009-01-11,2009,1,11,5125,409,-0.20167234289349095,11,6
2009-01-12,2009,1,12,5126,516,0.03071926654527006,12,0
2009-01-13,2009,1,13,5127,563,0.11789212920339767,13,1
2009-01-14,2009,1,14,5128,572,0.1337514924435051,14,2
2009-01-15,2009,1,15,5129,581,0.14936325791561852,15,3
2009-01-16,2009,1,16,5130,514,0.02683576651887243,16,4
2009-01-17,2009,1,17,5131,393,-0.2415778870670315,17,5
2009-01-18,2009,1,18,5132,413,-0.1919399059752601,18,6
2009-01-19,2009,1,19,5133,506,0.01114917035117286,19,0
2009-01-20,2009,1,20,5134,582,0.15108294879514503,20,1
2009-01-21,2009,1,21,5135,559,0.11076197421880644,21,2
2009-01-22,2009,1,22,5136,543,0.08172182099764269,22,3
2009-01-23,2009,1,23,5137,531,0.05937452230564608,23,4
2009-01-24,2009,1,24,5138,443,-0.12181772889115713,24,5
2009-01-25,2009,1,25,5139,421,-0.1727546652539114,25,6
2009-01-26,2009,1,26,5140,563,0.11789212920339767,26,0
2009-01-27,2009,1,27,5141,531,0.05937452230564608,27,1
2009-01-28,2009,1,28,5142,548,0.0908877880117227,28,2
2009-01-29,2009,1,29,5143,493,-0.014878324893602708,29,3
2009-01-30,2009,1,30,5144,552,0.09816054734080248,30,4
2009-01-31,2009,1,31,5145,419,-0.1775165790141551,31,5
2009-02-01,2009,2,1,5146,395,-0.23650173403517086,32,6
2009-02-02,2009,2,2,5147,509,0.017060517614229952,33,0
2009-02-03,2009,2,3,5148,584,0.15451348389193428,34,1
2009-02-04,2009,2,4,5149,531,0.05937452230564608,35,2
2009-02-05,2009,2,5,5150,522,0.04228008894634606,36,3
2009-02-06,2009,2,6,5151,607,0.1931412921232054,37,4
2009-02-07,2009,2,7,5152,416,-0.18470223867502955,38,5
2009-02-08,2009,2,8,5153,404,-0.21397262097514264,39,6
2009-02-09,2009,2,9,5154,492,-0.016908782443984704,40,0
2009-02-10,2009,2,10,5155,530,0.05748950760987465,41,1
2009-02-11,2009,2,11,5156,547,0.08906130348568847,42,2
2009-02-12,2009,2,12,5157,500,-0.0007794005141010613,43,3
2009-02-13,2009,2,13,5158,506,0.01114917035117286,44,4
2009-02-14,2009,2,14,5159,446,-0.11506854691622871,45,5
2009-02-15,2009,2,15,5160,381,-0.2725881238095918,46,6
2009-02-16,2009,2,16,5161,490,-0.020982107831620526,47,0
2009-02-17,2009,2,17,5162,537,0.07061059557257193,48,1
2009-02-18,2009,2,18,5163,527,0.051813049605069564,49,2
2009-02-19,2009,2,19,5164,500,-0.0007794005141010613,50,3
2009-02-20,2009,2,20,5165,536,0.06874666213450913,51,4
2009-02-21,2009,2,21,5166,416,-0.18470223867502955,52,5
2009-02-22,2009,2,22,5167,396,-0.2339732876818122,53,6
2009-02-23,2009,2,23,5168,502,0.0032126207554365057,54,0
2009-02-24,2009,2,24,5169,474,-0.05418017724121624,55,1
2009-02-25,2009,2,25,5170,522,0.04228008894634606,56,2
2009-02-26,2009,2,26,5171,491,-0.01894337114177224,57,3
2009-02-27,2009,2,27,5172,537,0.07061059557257193,58,4
2009-02-28,2009,2,28,5173,406,-0.20903433933456006,59,5
2009-03-01,2009,3,1,5174,424,-0.16565404370433506,60,6
2009-03-02,2009,3,2,5175,493,-0.014878324893602708,61,0
2009-03-03,2009,3,3,5176,509,0.017060517614229952,62,1
2009-03-04,2009,3,4,5177,520,0.038441312639180374,63,2
2009-03-05,2009,3,5,5178,546,0.08723147680861221,64,3
2009-03-06,2009,3,6,5179,533,0.06313392522955179,65,4
2009-03-07,2009,3,7,5180,412,-0.19436414958676645,66,5
2009-03-08,2009,3,8,5181,410,-0.1992303392379392,67,6
2009-03-09,2009,3,9,5182,505,0.009170930339067029,68,0
2009-03-10,2009,3,10,5183,553,0.09997050258604206,69,1
2009-03-11,2009,3,11,5184,525,0.04801076365533098,70,2
2009-03-12,2009,3,12,5185,529,0.05560093292200662,71,3
2009-03-13,2009,3,13,5186,555,0.10358061481014179,72,4
2009-03-14,2009,3,14,5187,429,-0.15393058000827584,73,5
2009-03-15,2009,3,15,5188,416,-0.18470223867502955,74,6
2009-03-16,2009,3,16,5189,517,0.03265537557213635,75,0
2009-03-17,2009,3,17,5190,585,0.1562243482955638,76,1
2009-03-18,2009,3,18,5191,505,0.009170930339067029,77,2
2009-03-19,2009,3,19,5192,509,0.017060517614229952,78,3
2009-03-20,2009,3,20,5193,518,0.03458774332319039,79,4
2009-03-21,2009,3,21,5194,465,-0.07335009334893643,80,5
2009-03-22,2009,3,22,5195,414,-0.18952152511097844,81,6
2009-03-23,2009,3,23,5196,474,-0.05418017724121624,82,0
2009-03-24,2009,3,24,5197,563,0.11789212920339767,83,1
2009-03-25,2009,3,25,5198,505,0.009170930339067029,84,2
2009-03-26,2009,3,26,5199,527,0.051813049605069564,85,3
2009-03-27,2009,3,27,5200,561,0.11433340658640359,86,4
2009-03-28,2009,3,28,5201,454,-0.09729030089494478,87,5
2009-03-29,2009,3,29,5202,399,-0.22642608204642928,88,6
2009-03-30,2009,3,30,5203,520,0.038441312639180374,89,0
2009-03-31,2009,3,31,5204,534,0.06500834002390198,90,1
2009-04-01,2009,4,1,5205,508,0.01509394864218921,91,2
2009-04-02,2009,4,2,5206,528,0.053708784769968605,92,3
2009-04-03,2009,4,3,5207,546,0.08723147680861221,93,4
2009-04-04,2009,4,4,5208,445,-0.11731321677005256,94,5
2009-04-05,2009,4,5,5209,376,-0.28579835554639826,95,6
2009-04-06,2009,4,6,5210,526,0.04991371380141699,96,0
2009-04-07,2009,4,7,5211,542,0.07987850250335336,97,1
2009-04-08,2009,4,8,5212,536,0.06874666213450913,98,2
2009-04-09,2009,4,9,5213,571,0.1320017107197175,99,3
2009-04-10,2009,4,10,5214,552,0.09816054734080248,100,4
2009-04-11,2009,4,11,5215,464,-0.07550294671003747,101,5
2009-04-12,2009,4,12,5216,390,-0.24924075981260063,102,6
2009-04-13,2009,4,13,5217,423,-0.16801531989001484,103,0
2009-04-14,2009,4,14,5218,527,0.051813049605069564,104,1
2009-04-15,2009,4,15,5219,547,0.08906130348568847,105,2
2009-04-16,2009,4,16,5220,576,0.14072016175959845,106,3
2009-04-17,2009,4,17,5221,560,0.1125492847929021,107,4
2009-04-18,2009,4,18,5222,447,-0.11282890432272394,108,5
2009-04-19,2009,4,19,5223,414,-0.18952152511097844,109,6
2009-04-20,2009,4,20,5224,532,0.06125599040535152,110,0
2009-04-21,2009,4,21,5225,528,0.053708784769968605,111,1
2009-04-22,2009,4,22,5226,520,0.038441312639180374,112,2
2009-04-23,2009,4,23,5227,515,0.028779401727443366,113,3
2009-04-24,2009,4,24,5228,571,0.1320017107197175,114,4
2009-04-25,2009,4,25,5229,454,-0.09729030089494478,115,5
2009-04-26,2009,4,26,5230,397,-0.2314512182491023,116,6
2009-04-27,2009,4,27,5231,530,0.05748950760987465,117,0
2009-04-28,2009,4,28,5232,545,0.08539829572695133,118,1
2009-04-29,2009,4,29,5233,565,0.12143823221014823,119,2
2009-04-30,2009,4,30,5234,463,-0.07766044485005867,120,3
2009-05-01,2009,5,1,5235,523,0.04419396512863013,121,4
2009-05-02,2009,5,2,5236,485,-0.031238607998809516,122,5
2009-05-03,2009,5,3,5237,450,-0.10613991617192732,123,6
2009-05-04,2009,5,4,5238,456,-0.09289468942190668,124,0
2009-05-05,2009,5,5,5239,504,0.007188769135075929,125,1
2009-05-06,2009,5,6,5240,475,-0.05207269490165152,126,2
2009-05-07,2009,5,7,5241,559,0.11076197421880644,127,3
2009-05-08,2009,5,8,5242,581,0.14936325791561852,128,4
2009-05-09,2009,5,9,5243,451,-0.10392015943361442,129,5
2009-05-10,2009,5,10,5244,389,-0.25180815531784645,130,6
2009-05-11,2009,5,11,5245,517,0.03265537557213635,131,0
2009-05-12,2009,5,12,5246,524,0.04610418538474929,132,1
2009-05-13,2009,5,13,5247,537,0.07061059557257193,133,2
2009-05-14,2009,5,14,5248,548,0.0908877880117227,134,3
2009-05-15,2009,5,15,5249,502,0.0032126207554365057,135,4
2009-05-16,2009,5,16,5250,416,-0.18470223867502955,136,5
2009-05-17,2009,5,17,5251,394,-0.23903658963835892,137,6
2009-05-18,2009,5,18,5252,504,0.007188769135075929,138,0
2009-05-19,2009,5,19,5253,527,0.051813049605069564,139,1
2009-05-20,2009,5,20,5254,560,0.1125492847929021,140,2
2009-05-21,2009,5,21,5255,449,-0.10836461119403848,141,3
2009-05-22,2009,5,22,5256,500,-0.0007794005141010613,142,4
2009-05-23,2009,5,23,5257,427,-0.15860348570766825,143,5
2009-05-24,2009,5,24,5258,407,-0.20657431349369773,144,6
2009-05-25,2009,5,25,5259,525,0.04801076365533098,145,0
2009-05-26,2009,5,26,5260,547,0.08906130348568847,146,1
2009-05-27,2009,5,27,5261,507,0.01312350465489037,147,2
2009-05-28,2009,5,28,5262,546,0.08723147680861221,148,3
2009-05-29,2009,5,29,5263,561,0.11433340658640359,149,4
2009-05-30,2009,5,30,5264,485,-0.031238607998809516,150,5
2009-05-31,2009,5,31,5265,398,-0.22893549365185503,151,6
2009-06-01,2009,6,1,5266,406,-0.20903433933456006,152,0
2009-06-02,2009,6,2,5267,513,0.02488834623447675,153,1
2009-06-03,2009,6,3,5268,517,0.03265537557213635,154,2
2009-06-04,2009,6,4,5269,548,0.0908877880117227,155,3
2009-06-05,2009,6,5,5270,524,0.04610418538474929,156,4
2009-06-06,2009,6,6,5271,451,-0.10392015943361442,157,5
2009-06-07,2009,6,7,5272,413,-0.1919399059752601,158,6
2009-06-08,2009,6,8,5273,548,0.0908877880117227,159,0
2009-06-09,2009,6,9,5274,529,0.05560093292200662,160,1
2009-06-10,2009,6,10,5275,599,0.17987409917915648,161,2
2009-06-11,2009,6,11,5276,546,0.08723147680861221,162,3
2009-06-12,2009,6,12,5277,539,0.07432807197270441,163,4
2009-06-13,2009,6,13,5278,451,-0.10392015943361442,164,5
2009-06-14,2009,6,14,5279,464,-0.07550294671003747,165,6
2009-06-15,2009,6,15,5280,520,0.038441312639180374,166,0
2009-06-16,2009,6,16,5281,549,0.09271094257323789,167,1
2009-06-17,2009,6,17,5282,568,0.12673391978485854,168,2
2009-06-18,2009,6,18,5283,558,0.10897146344501811,169,3
2009-06-19,2009,6,19,5284,555,0.10358061481014179,170,4
2009-06-20,2009,6,20,5285,469,-0.06478473049001338,171,5
2009-06-21,2009,6,21,5286,425,-0.163298330011876,172,6
2009-06-22,2009,6,22,5287,550,0.09453077929022377,173,0
2009-06-23,2009,6,23,5288,554,0.10177718781099099,174,1
2009-06-24,2009,6,24,5289,585,0.1562243482955638,175,2
2009-06-25,2009,6,25,5290,586,0.15793229064071984,176,3
2009-06-26,2009,6,26,5291,592,0.1681191359477129,177,4
2009-06-27,2009,6,27,5292,470,-0.06265480423218847,178,5
2009-06-28,2009,6,28,5293,405,-0.21150043182975356,179,6
2009-06-29,2009,6,29,5294,554,0.10177718781099099,180,0
2009-06-30,2009,6,30,5295,534,0.06500834002390198,181,1
2009-07-01,2009,7,1,5296,528,0.053708784769968605,182,2
2009-07-02,2009,7,2,5297,558,0.10897146344501811,183,3
2009-07-03,2009,7,3,5298,614,0.2046074292108497,184,4
2009-07-04,2009,7,4,5299,442,-0.12407761685859466,185,5
2009-07-05,2009,7,5,5300,442,-0.12407761685859466,186,6
2009-07-06,2009,7,6,5301,535,0.0668792479597138,187,0
2009-07-07,2009,7,7,5302,559,0.11076197421880644,188,1
2009-07-08,2009,7,8,5303,543,0.08172182099764269,189,2
2009-07-09,2009,7,9,5304,565,0.12143823221014823,190,3
2009-07-10,2009,7,10,5305,580,0.14764060460417222,191,4
2009-07-11,2009,7,11,5306,468,-0.066919203018646,192,5
2009-07-12,2009,7,12,5307,430,-0.15160229024868468,193,6
2009-07-13,2009,7,13,5308,530,0.05748950760987465,194,0
2009-07-14,2009,7,14,5309,611,0.19970946023530248,195,1
2009-07-15,2009,7,15,5310,589,0.163038684715294,196,2
2009-07-16,2009,7,16,5311,575,0.13898254186105774,197,3
2009-07-17,2009,7,17,5312,580,0.14764060460417222,198,4
2009-07-18,2009,7,18,5313,490,-0.020982107831620526,199,5
2009-07-19,2009,7,19,5314,438,-0.13316858855984665,200,6
2009-07-20,2009,7,20,5315,569,0.1284929351900382,201,0
2009-07-21,2009,7,21,5316,560,0.1125492847929021,202,1
2009-07-22,2009,7,22,5317,615,0.20623476887022504,203,2
2009-07-23,2009,7,23,5318,589,0.163038684715294,204,3
2009-07-24,2009,7,24,5319,574,0.1372418973832736,205,4
2009-07-25,2009,7,25,5320,432,-0.14696191069218248,206,5
2009-07-26,2009,7,26,5321,409,-0.20167234289349095,207,6
2009-07-27,2009,7,27,5322,545,0.08539829572695133,208,0
2009-07-28,2009,7,28,5323,555,0.10358061481014179,209,1
2009-07-29,2009,7,29,5324,575,0.13898254186105774,210,2
2009-07-30,2009,7,30,5325,590,0.16473503796347236,211,3
2009-07-31,2009,7,31,5326,579,0.14591497863670255,212,4
2009-08-01,2009,8,1,5327,447,-0.11282890432272394,213,5
2009-08-02,2009,8,2,5328,443,-0.12181772889115713,214,6
2009-08-03,2009,8,3,5329,585,0.1562243482955638,215,0
2009-08-04,2009,8,4,5330,573,0.13549821777844687,216,1
2009-08-05,2009,8,5,5331,564,0.11966675256176608,217,2
2009-08-06,2009,8,6,5332,575,0.13898254186105774,218,3
2009-08-07,2009,8,7,5333,542,0.07987850250335336,219,4
2009-08-08,2009,8,8,5334,464,-0.07550294671003747,220,5
2009-08-09,2009,8,9,5335,421,-0.1727546652539114,221,6
2009-08-10,2009,8,10,5336,527,0.051813049605069564,222,0
2009-08-11,2009,8,11,5337,571,0.1320017107197175,223,1
2009-08-12,2009,8,12,5338,573,0.13549821777844687,224,2
2009-08-13,2009,8,13,5339,602,0.18486994637252827,225,3
2009-08-14,2009,8,14,5340,563,0.11789212920339767,226,4
2009-08-15,2009,8,15,5341,469,-0.06478473049001338,227,5
2009-08-16,2009,8,16,5342,427,-0.15860348570766825,228,6
2009-08-17,2009,8,17,5343,538,0.07247106122549156,229,0
2009-08-18,2009,8,18,5344,595,0.17317390660933707,230,1
2009-08-19,2009,8,19,5345,574,0.1372418973832736,231,2
2009-08-20,2009,8,20,5346,604,0.1881866989985222,232,3
2009-08-21,2009,8,21,5347,575,0.13898254186105774,233,4
2009-08-22,2009,8,22,5348,450,-0.10613991617192732,234,5
2009-08-23,2009,8,23,5349,426,-0.1609481526669224,235,6
2009-08-24,2009,8,24,5350,557,0.1071777409909913,236,0
2009-08-25,2009,8,25,5351,581,0.14936325791561852,237,1
2009-08-26,2009,8,26,5352,515,0.028779401727443366,238,2
2009-08-27,2009,8,27,5353,530,0.05748950760987465,239,3
2009-08-28,2009,8,28,5354,543,0.08172182099764269,240,4
2009-08-29,2009,8,29,5355,426,-0.1609481526669224,241,5
2009-08-30,2009,8,30,5356,434,-0.14234296483588793,242,6
2009-08-31,2009,8,31,5357,544,0.08356174791964978,243,0
2009-09-01,2009,9,1,5358,615,0.20623476887022504,244,1
2009-09-02,2009,9,2,5359,550,0.09453077929022377,245,2
2009-09-03,2009,9,3,5360,543,0.08172182099764269,246,3
2009-09-04,2009,9,4,5361,529,0.05560093292200662,247,4
2009-09-05,2009,9,5,5362,474,-0.05418017724121624,248,5
2009-09-06,2009,9,6,5363,444,-0.11956293650406802,249,6
2009-09-07,2009,9,7,5364,531,0.05937452230564608,250,0
2009-09-08,2009,9,8,5365,560,0.1125492847929021,251,1
2009-09-09,2009,9,9,5366,604,0.1881866989985222,252,2
2009-09-10,2009,9,10,5367,570,0.13024886189230303,253,3
2009-09-11,2009,9,11,5368,563,0.11789212920339767,254,4
2009-09-12,2009,9,12,5369,461,-0.08198945593964423,255,5
2009-09-13,2009,9,13,5370,448,-0.1105942665213076,256,6
2009-09-14,2009,9,14,5371,583,0.1527996874141997,257,0
2009-09-15,2009,9,15,5372,591,0.16642851846980553,258,1
2009-09-16,2009,9,16,5373,591,0.16642851846980553,259,2
2009-09-17,2009,9,17,5374,554,0.10177718781099099,260,3
2009-09-18,2009,9,18,5375,571,0.1320017107197175,261,4
2009-09-19,2009,9,19,5376,480,-0.04160139503435611,262,5
2009-09-20,2009,9,20,5377,452,-0.10170531910406158,263,6
2009-09-21,2009,9,21,5378,561,0.11433340658640359,264,0
2009-09-22,2009,9,22,5379,601,0.18320743559891473,265,1
2009-09-23,2009,9,23,5380,601,0.18320743559891473,266,2
2009-09-24,2009,9,24,5381,585,0.1562243482955638,267,3
2009-09-25,2009,9,25,5382,559,0.11076197421880644,268,4
2009-09-26,2009,9,26,5383,453,-0.09949537345325875,269,5
2009-09-27,2009,9,27,5384,450,-0.10613991617192732,270,6
2009-09-28,2009,9,28,5385,542,0.07987850250335336,271,0
2009-09-29,2009,9,29,5386,614,0.2046074292108497,272,1
2009-09-30,2009,9,30,5387,566,0.12320657926689012,273,2
2009-10-01,2009,10,1,5388,583,0.1527996874141997,274,3
2009-10-02,2009,10,2,5389,568,0.12673391978485854,275,4
2009-10-03,2009,10,3,5390,420,-0.17513278765887882,276,5
2009-10-04,2009,10,4,5391,438,-0.13316858855984665,277,6
2009-10-05,2009,10,5,5392,543,0.08172182099764269,278,0
2009-10-06,2009,10,6,5393,535,0.0668792479597138,279,1
2009-10-07,2009,10,7,5394,581,0.14936325791561852,280,2
2009-10-08,2009,10,8,5395,515,0.028779401727443366,281,3
2009-10-09,2009,10,9,5396,547,0.08906130348568847,282,4
2009-10-10,2009,10,10,5397,433,-0.14464977093380296,283,5
2009-10-11,2009,10,11,5398,416,-0.18470223867502955,284,6
2009-10-12,2009,10,12,5399,465,-0.07335009334893643,285,0
2009-10-13,2009,10,13,5400,524,0.04610418538474929,286,1
2009-10-14,2009,10,14,5401,528,0.053708784769968605,287,2
2009-10-15,2009,10,15,5402,553,0.09997050258604206,288,3
2009-10-16,2009,10,16,5403,519,0.03651638422959586,289,4
2009-10-17,2009,10,17,5404,397,-0.2314512182491023,290,5
2009-10-18,2009,10,18,5405,384,-0.2647449463485659,291,6
2009-10-19,2009,10,19,5406,486,-0.02917887503579906,292,0
2009-10-20,2009,10,20,5407,497,-0.006797472839664082,293,1
2009-10-21,2009,10,21,5408,534,0.06500834002390198,294,2
2009-10-22,2009,10,22,5409,514,0.02683576651887243,295,3
2009-10-23,2009,10,23,5410,525,0.04801076365533098,296,4
2009-10-24,2009,10,24,5411,469,-0.06478473049001338,297,5
2009-10-25,2009,10,25,5412,428,-0.156264303354496,298,6
2009-10-26,2009,10,26,5413,462,-0.0798226078545539,299,0
2009-10-27,2009,10,27,5414,506,0.01114917035117286,300,1
2009-10-28,2009,10,28,5415,535,0.0668792479597138,301,2
2009-10-29,2009,10,29,5416,533,0.06313392522955179,302,3
2009-10-30,2009,10,30,5417,545,0.08539829572695133,303,4
2009-10-31,2009,10,31,5418,441,-0.12634262348944678,304,5
2009-11-01,2009,11,1,5419,426,-0.1609481526669224,305,6
2009-11-02,2009,11,2,5420,520,0.038441312639180374,306,0
2009-11-03,2009,11,3,5421,541,0.07803177991018878,307,1
2009-11-04,2009,11,4,5422,563,0.11789212920339767,308,2
2009-11-05,2009,11,5,5423,525,0.04801076365533098,309,3
2009-11-06,2009,11,6,5424,541,0.07803177991018878,310,4
2009-11-07,2009,11,7,5425,431,-0.149279408832545,311,5
2009-11-08,2009,11,8,5426,424,-0.16565404370433506,312,6
2009-11-09,2009,11,9,5427,524,0.04610418538474929,313,0
2009-11-10,2009,11,10,5428,574,0.1372418973832736,314,1
2009-11-11,2009,11,11,5429,555,0.10358061481014179,315,2
2009-11-12,2009,11,12,5430,542,0.07987850250335336,316,3
2009-11-13,2009,11,13,5431,538,0.07247106122549156,317,4
2009-11-14,2009,11,14,5432,428,-0.156264303354496,318,5
2009-11-15,2009,11,15,5433,418,-0.1799060664115365,319,6
2009-11-16,2009,11,16,5434,493,-0.014878324893602708,320,0
2009-11-17,2009,11,17,5435,522,0.04228008894634606,321,1
2009-11-18,2009,11,18,5436,534,0.06500834002390198,322,2
2009-11-19,2009,11,19,5437,537,0.07061059557257193,323,3
2009-11-20,2009,11,20,5438,582,0.15108294879514503,324,4
2009-11-21,2009,11,21,5439,404,-0.21397262097514264,325,5
2009-11-22,2009,11,22,5440,410,-0.1992303392379392,326,6
2009-11-23,2009,11,23,5441,486,-0.02917887503579906,327,0
2009-11-24,2009,11,24,5442,513,0.02488834623447675,328,1
2009-11-25,2009,11,25,5443,522,0.04228008894634606,329,2
2009-11-26,2009,11,26,5444,564,0.11966675256176608,330,3
2009-11-27,2009,11,27,5445,536,0.06874666213450913,331,4
2009-11-28,2009,11,28,5446,445,-0.11731321677005256,332,5
2009-11-29,2009,11,29,5447,399,-0.22642608204642928,333,6
2009-11-30,2009,11,30,5448,455,-0.09509007998534234,334,0
2009-12-01,2009,12,1,5449,544,0.08356174791964978,335,1
2009-12-02,2009,12,2,5450,560,0.1125492847929021,336,2
2009-12-03,2009,12,3,5451,503,0.005202671163446407,337,3
2009-12-04,2009,12,4,5452,486,-0.02917887503579906,338,4
2009-12-05,2009,12,5,5453,379,-0.2778512938538664,339,5
2009-12-06,2009,12,6,5454,383,-0.2673525097556468,340,6
2009-12-07,2009,12,7,5455,519,0.03651638422959586,341,0
2009-12-08,2009,12,8,5456,544,0.08356174791964978,342,1
2009-12-09,2009,12,9,5457,523,0.04419396512863013,343,2
2009-12-10,2009,12,10,5458,474,-0.05418017724121624,344,3
2009-12-11,2009,12,11,5459,501,0.0012186021485719963,345,4
2009-12-12,2009,12,12,5460,409,-0.20167234289349095,346,5
2009-12-13,2009,12,13,5461,374,-0.2911317015217608,347,6
2009-12-14,2009,12,14,5462,447,-0.11282890432272394,348,0
2009-12-15,2009,12,15,5463,542,0.07987850250335336,349,1
2009-12-16,2009,12,16,5464,545,0.08539829572695133,350,2
2009-12-17,2009,12,17,5465,513,0.02488834623447675,351,3
2009-12-18,2009,12,18,5466,500,-0.0007794005141010613,352,4
2009-12-19,2009,12,19,5467,441,-0.12634262348944678,353,5
2009-12-20,2009,12,20,5468,399,-0.22642608204642928,354,6
2009-12-21,2009,12,21,5469,495,-0.01082973636760251,355,0
2009-12-22,2009,12,22,5470,535,0.0668792479597138,356,1
2009-12-23,2009,12,23,5471,572,0.1337514924435051,357,2
2009-12-24,2009,12,24,5472,559,0.11076197421880644,358,3
2009-12-25,2009,12,25,5473,399,-0.22642608204642928,359,4
2009-12-26,2009,12,26,5474,378,-0.2804933033167051,360,5
2009-12-27,2009,12,27,5475,395,-0.23650173403517086,361,6
2009-12-28,2009,12,28,5476,525,0.04801076365533098,362,0
2009-12-29,2009,12,29,5477,529,0.05560093292200662,363,1
2009-12-30,2009,12,30,5478,556,0.10538079531428955,364,2
2009-12-31,2009,12,31,5479,479,-0.043686901525377485,365,3
2010-01-01,2010,1,1,5480,366,-0.3127541655349265,1,4
2010-01-02,2010,1,2,5481,394,-0.23903658963835892,2,5
2010-01-03,2010,1,3,5482,397,-0.2314512182491023,3,6
2010-01-04,2010,1,4,5483,506,0.01114917035117286,4,0
2010-01-05,2010,1,5,5484,526,0.04991371380141699,5,1
2010-01-06,2010,1,6,5485,556,0.10538079531428955,6,2
2010-01-07,2010,1,7,5486,473,-0.056292110444359764,7,3
2010-01-08,2010,1,8,5487,560,0.1125492847929021,8,4
2010-01-09,2010,1,9,5488,430,-0.15160229024868468,9,5
2010-01-10,2010,1,10,5489,424,-0.16565404370433506,10,6
2010-01-11,2010,1,11,5490,548,0.0908877880117227,11,0
2010-01-12,2010,1,12,5491,550,0.09453077929022377,12,1
2010-01-13,2010,1,13,5492,496,-0.008811572211365326,13,2
2010-01-14,2010,1,14,5493,488,-0.025072093083145647,14,3
2010-01-15,2010,1,15,5494,467,-0.06905824126739543,15,4
2010-01-16,2010,1,16,5495,413,-0.1919399059752601,16,5
2010-01-17,2010,1,17,5496,376,-0.28579835554639826,17,6
2010-01-18,2010,1,18,5497,510,0.019023226782078777,18,0
2010-01-19,2010,1,19,5498,529,0.05560093292200662,19,1
2010-01-20,2010,1,20,5499,497,-0.006797472839664082,20,2
2010-01-21,2010,1,21,5500,531,0.05937452230564608,21,3
2010-01-22,2010,1,22,5501,536,0.06874666213450913,22,4
2010-01-23,2010,1,23,5502,461,-0.08198945593964423,23,5
2010-01-24,2010,1,24,5503,440,-0.12861277202398594,24,6
2010-01-25,2010,1,25,5504,497,-0.006797472839664082,25,0
2010-01-26,2010,1,26,5505,522,0.04228008894634606,26,1
2010-01-27,2010,1,27,5506,499,-0.00278140318477414,27,2
2010-01-28,2010,1,28,5507,529,0.05560093292200662,28,3
2010-01-29,2010,1,29,5508,564,0.11966675256176608,29,4
2010-01-30,2010,1,30,5509,435,-0.1400414678476087,30,5
2010-01-31,2010,1,31,5510,391,-0.24667993895092696,31,6
2010-02-01,2010,2,1,5511,532,0.06125599040535152,32,0
2010-02-02,2010,2,2,5512,527,0.051813049605069564,33,1
2010-02-03,2010,2,3,5513,578,0.14418636973608467,34,2
2010-02-04,2010,2,4,5514,570,0.13024886189230303,35,3
2010-02-05,2010,2,5,5515,506,0.01114917035117286,36,4
2010-02-06,2010,2,6,5516,410,-0.1992303392379392,37,5
2010-02-07,2010,2,7,5517,410,-0.1992303392379392,38,6
2010-02-08,2010,2,8,5518,502,0.0032126207554365057,39,0
2010-02-09,2010,2,9,5519,537,0.07061059557257193,40,1
2010-02-10,2010,2,10,5520,527,0.051813049605069564,41,2
2010-02-11,2010,2,11,5521,516,0.03071926654527006,42,3
2010-02-12,2010,2,12,5522,578,0.14418636973608467,43,4
2010-02-13,2010,2,13,5523,409,-0.20167234289349095,44,5
2010-02-14,2010,2,14,5524,436,-0.13774525558725847,45,6
2010-02-15,2010,2,15,5525,467,-0.06905824126739543,46,0
2010-02-16,2010,2,16,5526,534,0.06500834002390198,47,1
2010-02-17,2010,2,17,5527,548,0.0908877880117227,48,2
2010-02-18,2010,2,18,5528,560,0.1125492847929021,49,3
2010-02-19,2010,2,19,5529,545,0.08539829572695133,50,4
2010-02-20,2010,2,20,5530,440,-0.12861277202398594,51,5
2010-02-21,2010,2,21,5531,369,-0.3045908548957656,52,6
2010-02-22,2010,2,22,5532,489,-0.023025009461420796,53,0
2010-02-23,2010,2,23,5533,516,0.03071926654527006,54,1
2010-02-24,2010,2,24,5534,548,0.0908877880117227,55,2
2010-02-25,2010,2,25,5535,534,0.06500834002390198,56,3
2010-02-26,2010,2,26,5536,506,0.01114917035117286,57,4
2010-02-27,2010,2,27,5537,421,-0.1727546652539114,58,5
2010-02-28,2010,2,28,5538,378,-0.2804933033167051,59,6
2010-03-01,2010,3,1,5539,498,-0.0047874219116398825,60,0
2010-03-02,2010,3,2,5540,468,-0.066919203018646,61,1
2010-03-03,2010,3,3,5541,496,-0.008811572211365326,62,2
2010-03-04,2010,3,4,5542,517,0.03265537557213635,63,3
2010-03-05,2010,3,5,5543,511,0.020982091267411646,64,4
2010-03-06,2010,3,6,5544,429,-0.15393058000827584,65,5
2010-03-07,2010,3,7,5545,388,-0.2543821593130193,66,6
2010-03-08,2010,3,8,5546,523,0.04419396512863013,67,0
2010-03-09,2010,3,9,5547,493,-0.014878324893602708,68,1
2010-03-10,2010,3,10,5548,532,0.06125599040535152,69,2
2010-03-11,2010,3,11,5549,548,0.0908877880117227,70,3
2010-03-12,2010,3,12,5550,485,-0.031238607998809516,71,4
2010-03-13,2010,3,13,5551,374,-0.2911317015217608,72,5
2010-03-14,2010,3,14,5552,397,-0.2314512182491023,73,6
2010-03-15,2010,3,15,5553,492,-0.016908782443984704,74,0
2010-03-16,2010,3,16,5554,492,-0.016908782443984704,75,1
2010-03-17,2010,3,17,5555,530,0.05748950760987465,76,2
2010-03-18,2010,3,18,5556,516,0.03071926654527006,77,3
2010-03-19,2010,3,19,5557,504,0.007188769135075929,78,4
2010-03-20,2010,3,20,5558,413,-0.1919399059752601,79,5
2010-03-21,2010,3,21,5559,398,-0.22893549365185503,80,6
2010-03-22,2010,3,22,5560,490,-0.020982107831620526,81,0
2010-03-23,2010,3,23,5561,539,0.07432807197270441,82,1
2010-03-24,2010,3,24,5562,519,0.03651638422959586,83,2
2010-03-25,2010,3,25,5563,520,0.038441312639180374,84,3
2010-03-26,2010,3,26,5564,567,0.12497180479145936,85,4
2010-03-27,2010,3,27,5565,423,-0.16801531989001484,86,5
2010-03-28,2010,3,28,5566,375,-0.2884614729658819,87,6
2010-03-29,2010,3,29,5567,504,0.007188769135075929,88,0
2010-03-30,2010,3,30,5568,500,-0.0007794005141010613,89,1
2010-03-31,2010,3,31,5569,537,0.07061059557257193,90,2
2010-04-01,2010,4,1,5570,490,-0.020982107831620526,91,3
2010-04-02,2010,4,2,5571,557,0.1071777409909913,92,4
2010-04-03,2010,4,3,5572,386,-0.2595501294714619,93,5
2010-04-04,2010,4,4,5573,400,-0.22392295182831073,94,6
2010-04-05,2010,4,5,5574,382,-0.26996689032971755,95,0
2010-04-06,2010,4,6,5575,498,-0.0047874219116398825,96,1
2010-04-07,2010,4,7,5576,578,0.14418636973608467,97,2
2010-04-08,2010,4,8,5577,531,0.05937452230564608,98,3
2010-04-09,2010,4,9,5578,546,0.08723147680861221,99,4
2010-04-10,2010,4,10,5579,459,-0.0863372888757476,100,5
2010-04-11,2010,4,11,5580,381,-0.2725881238095918,101,6
2010-04-12,2010,4,12,5581,522,0.04228008894634606,102,0
2010-04-13,2010,4,13,5582,507,0.01312350465489037,103,1
2010-04-14,2010,4,14,5583,527,0.051813049605069564,104,2
2010-04-15,2010,4,15,5584,514,0.02683576651887243,105,3
2010-04-16,2010,4,16,5585,534,0.06500834002390198,106,4
2010-04-17,2010,4,17,5586,442,-0.12407761685859466,107,5
2010-04-18,2010,4,18,5587,406,-0.20903433933456006,108,6
2010-04-19,2010,4,19,5588,521,0.040362542817074146,109,0
2010-04-20,2010,4,20,5589,511,0.020982091267411646,110,1
2010-04-21,2010,4,21,5590,554,0.10177718781099099,111,2
2010-04-22,2010,4,22,5591,514,0.02683576651887243,112,3
2010-04-23,2010,4,23,5592,550,0.09453077929022377,113,4
2010-04-24,2010,4,24,5593,416,-0.18470223867502955,114,5
2010-04-25,2010,4,25,5594,402,-0.21893541031727165,115,6
2010-04-26,2010,4,26,5595,505,0.009170930339067029,116,0
2010-04-27,2010,4,27,5596,559,0.11076197421880644,117,1
2010-04-28,2010,4,28,5597,528,0.053708784769968605,118,2
2010-04-29,2010,4,29,5598,527,0.051813049605069564,119,3
2010-04-30,2010,4,30,5599,492,-0.016908782443984704,120,4
2010-05-01,2010,5,1,5600,406,-0.20903433933456006,121,5
2010-05-02,2010,5,2,5601,378,-0.2804933033167051,122,6
2010-05-03,2010,5,3,5602,522,0.04228008894634606,123,0
2010-05-04,2010,5,4,5603,555,0.10358061481014179,124,1
2010-05-05,2010,5,5,5604,495,-0.01082973636760251,125,2
2010-05-06,2010,5,6,5605,517,0.03265537557213635,126,3
2010-05-07,2010,5,7,5606,555,0.10358061481014179,127,4
2010-05-08,2010,5,8,5607,425,-0.163298330011876,128,5
2010-05-09,2010,5,9,5608,426,-0.1609481526669224,129,6
2010-05-10,2010,5,10,5609,490,-0.020982107831620526,130,0
2010-05-11,2010,5,11,5610,546,0.08723147680861221,131,1
2010-05-12,2010,5,12,5611,572,0.1337514924435051,132,2
2010-05-13,2010,5,13,5612,473,-0.056292110444359764,133,3
2010-05-14,2010,5,14,5613,527,0.051813049605069564,134,4
2010-05-15,2010,5,15,5614,410,-0.1992303392379392,135,5
2010-05-16,2010,5,16,5615,430,-0.15160229024868468,136,6
2010-05-17,2010,5,17,5616,495,-0.01082973636760251,137,0
2010-05-18,2010,5,18,5617,520,0.038441312639180374,138,1
2010-05-19,2010,5,19,5618,534,0.06500834002390198,139,2
2010-05-20,2010,5,20,5619,539,0.07432807197270441,140,3
2010-05-21,2010,5,21,5620,505,0.009170930339067029,141,4
2010-05-22,2010,5,22,5621,431,-0.149279408832545,142,5
2010-05-23,2010,5,23,5622,407,-0.20657431349369773,143,6
2010-05-24,2010,5,24,5623,391,-0.24667993895092696,144,0
2010-05-25,2010,5,25,5624,509,0.017060517614229952,145,1
2010-05-26,2010,5,26,5625,589,0.163038684715294,146,2
2010-05-27,2010,5,27,5626,535,0.0668792479597138,147,3
2010-05-28,2010,5,28,5627,501,0.0012186021485719963,148,4
2010-05-29,2010,5,29,5628,414,-0.18952152511097844,149,5
2010-05-30,2010,5,30,5629,411,-0.1967942844400581,150,6
2010-05-31,2010,5,31,5630,511,0.020982091267411646,151,0
2010-06-01,2010,6,1,5631,549,0.09271094257323789,152,1
2010-06-02,2010,6,2,5632,528,0.053708784769968605,153,2
2010-06-03,2010,6,3,5633,517,0.03265537557213635,154,3
2010-06-04,2010,6,4,5634,535,0.0668792479597138,155,4
2010-06-05,2010,6,5,5635,433,-0.14464977093380296,156,5
2010-06-06,2010,6,6,5636,415,-0.18710897870559454,157,6
2010-06-07,2010,6,7,5637,450,-0.10613991617192732,158,0
2010-06-08,2010,6,8,5638,556,0.10538079531428955,159,1
2010-06-09,2010,6,9,5639,577,0.14245476757180686,160,2
2010-06-10,2010,6,10,5640,562,0.11611435095739826,161,3
2010-06-11,2010,6,11,5641,508,0.01509394864218921,162,4
2010-06-12,2010,6,12,5642,438,-0.13316858855984665,163,5
2010-06-13,2010,6,13,5643,462,-0.0798226078545539,164,6
2010-06-14,2010,6,14,5644,497,-0.006797472839664082,165,0
2010-06-15,2010,6,15,5645,524,0.04610418538474929,166,1
2010-06-16,2010,6,16,5646,546,0.08723147680861221,167,2
2010-06-17,2010,6,17,5647,537,0.07061059557257193,168,3
2010-06-18,2010,6,18,5648,564,0.11966675256176608,169,4
2010-06-19,2010,6,19,5649,419,-0.1775165790141551,170,5
2010-06-20,2010,6,20,5650,410,-0.1992303392379392,171,6
2010-06-21,2010,6,21,5651,548,0.0908877880117227,172,0
2010-06-22,2010,6,22,5652,563,0.11789212920339767,173,1
2010-06-23,2010,6,23,5653,575,0.13898254186105774,174,2
2010-06-24,2010,6,24,5654,564,0.11966675256176608,175,3
2010-06-25,2010,6,25,5655,537,0.07061059557257193,176,4
2010-06-26,2010,6,26,5656,453,-0.09949537345325875,177,5
2010-06-27,2010,6,27,5657,453,-0.09949537345325875,178,6
2010-06-28,2010,6,28,5658,542,0.07987850250335336,179,0
2010-06-29,2010,6,29,5659,570,0.13024886189230303,180,1
2010-06-30,2010,6,30,5660,543,0.08172182099764269,181,2
2010-07-01,2010,7,1,5661,599,0.17987409917915648,182,3
2010-07-02,2010,7,2,5662,580,0.14764060460417222,183,4
2010-07-03,2010,7,3,5663,475,-0.05207269490165152,184,5
2010-07-04,2010,7,4,5664,473,-0.056292110444359764,185,6
2010-07-05,2010,7,5,5665,542,0.07987850250335336,186,0
2010-07-06,2010,7,6,5666,550,0.09453077929022377,187,1
2010-07-07,2010,7,7,5667,524,0.04610418538474929,188,2
2010-07-08,2010,7,8,5668,599,0.17987409917915648,189,3
2010-07-09,2010,7,9,5669,573,0.13549821777844687,190,4
2010-07-10,2010,7,10,5670,472,-0.05840851335073735,191,5
2010-07-11,2010,7,11,5671,404,-0.21397262097514264,192,6
2010-07-12,2010,7,12,5672,532,0.06125599040535152,193,0
2010-07-13,2010,7,13,5673,551,0.09634731021662175,194,1
2010-07-14,2010,7,14,5674,523,0.04419396512863013,195,2
2010-07-15,2010,7,15,5675,542,0.07987850250335336,196,3
2010-07-16,2010,7,16,5676,528,0.053708784769968605,197,4
2010-07-17,2010,7,17,5677,445,-0.11731321677005256,198,5
2010-07-18,2010,7,18,5678,404,-0.21397262097514264,199,6
2010-07-19,2010,7,19,5679,489,-0.023025009461420796,200,0
2010-07-20,2010,7,20,5680,551,0.09634731021662175,201,1
2010-07-21,2010,7,21,5681,529,0.05560093292200662,202,2
2010-07-22,2010,7,22,5682,567,0.12497180479145936,203,3
2010-07-23,2010,7,23,5683,553,0.09997050258604206,204,4
2010-07-24,2010,7,24,5684,458,-0.0885183148221078,205,5
2010-07-25,2010,7,25,5685,420,-0.17513278765887882,206,6
2010-07-26,2010,7,26,5686,532,0.06125599040535152,207,0
2010-07-27,2010,7,27,5687,584,0.15451348389193428,208,1
2010-07-28,2010,7,28,5688,560,0.1125492847929021,209,2
2010-07-29,2010,7,29,5689,535,0.0668792479597138,210,3
2010-07-30,2010,7,30,5690,578,0.14418636973608467,211,4
2010-07-31,2010,7,31,5691,466,-0.07120186481064687,212,5
2010-08-01,2010,8,1,5692,428,-0.156264303354496,213,6
2010-08-02,2010,8,2,5693,562,0.11611435095739826,214,0
2010-08-03,2010,8,3,5694,561,0.11433340658640359,215,1
2010-08-04,2010,8,4,5695,581,0.14936325791561852,216,2
2010-08-05,2010,8,5,5696,574,0.1372418973832736,217,3
2010-08-06,2010,8,6,5697,561,0.11433340658640359,218,4
2010-08-07,2010,8,7,5698,498,-0.0047874219116398825,219,5
2010-08-08,2010,8,8,5699,437,-0.13545430384070264,220,6
2010-08-09,2010,8,9,5700,508,0.01509394864218921,221,0
2010-08-10,2010,8,10,5701,554,0.10177718781099099,222,1
2010-08-11,2010,8,11,5702,563,0.11789212920339767,223,2
2010-08-12,2010,8,12,5703,546,0.08723147680861221,224,3
2010-08-13,2010,8,13,5704,542,0.07987850250335336,225,4
2010-08-14,2010,8,14,5705,431,-0.149279408832545,226,5
2010-08-15,2010,8,15,5706,419,-0.1775165790141551,227,6
2010-08-16,2010,8,16,5707,530,0.05748950760987465,228,0
2010-08-17,2010,8,17,5708,544,0.08356174791964978,229,1
2010-08-18,2010,8,18,5709,579,0.14591497863670255,230,2
2010-08-19,2010,8,19,5710,517,0.03265537557213635,231,3
2010-08-20,2010,8,20,5711,587,0.15963732089180377,232,4
2010-08-21,2010,8,21,5712,468,-0.066919203018646,233,5
2010-08-22,2010,8,22,5713,422,-0.170382184900281,234,6
2010-08-23,2010,8,23,5714,507,0.01312350465489037,235,0
2010-08-24,2010,8,24,5715,586,0.15793229064071984,236,1
2010-08-25,2010,8,25,5716,535,0.0668792479597138,237,2
2010-08-26,2010,8,26,5717,534,0.06500834002390198,238,3
2010-08-27,2010,8,27,5718,565,0.12143823221014823,239,4
2010-08-28,2010,8,28,5719,462,-0.0798226078545539,240,5
2010-08-29,2010,8,29,5720,439,-0.13088808586112144,241,6
2010-08-30,2010,8,30,5721,521,0.040362542817074146,242,0
2010-08-31,2010,8,31,5722,528,0.053708784769968605,243,1
2010-09-01,2010,9,1,5723,545,0.08539829572695133,244,2
2010-09-02,2010,9,2,5724,523,0.04419396512863013,245,3
2010-09-03,2010,9,3,5725,517,0.03265537557213635,246,4
2010-09-04,2010,9,4,5726,435,-0.1400414678476087,247,5
2010-09-05,2010,9,5,5727,417,-0.18230127713749136,248,6
2010-09-06,2010,9,6,5728,504,0.007188769135075929,249,0
2010-09-07,2010,9,7,5729,547,0.08906130348568847,250,1
2010-09-08,2010,9,8,5730,550,0.09453077929022377,251,2
2010-09-09,2010,9,9,5731,596,0.174853168129057,252,3
2010-09-10,2010,9,10,5732,586,0.15793229064071984,253,4
2010-09-11,2010,9,11,5733,492,-0.016908782443984704,254,5
2010-09-12,2010,9,12,5734,405,-0.21150043182975356,255,6
2010-09-13,2010,9,13,5735,519,0.03651638422959586,256,0
2010-09-14,2010,9,14,5736,537,0.07061059557257193,257,1
2010-09-15,2010,9,15,5737,579,0.14591497863670255,258,2
2010-09-16,2010,9,16,5738,570,0.13024886189230303,259,3
2010-09-17,2010,9,17,5739,595,0.17317390660933707,260,4
2010-09-18,2010,9,18,5740,453,-0.09949537345325875,261,5
2010-09-19,2010,9,19,5741,457,-0.09070410804208806,262,6
2010-09-20,2010,9,20,5742,592,0.1681191359477129,263,0
2010-09-21,2010,9,21,5743,612,0.20134478357603333,264,1
2010-09-22,2010,9,22,5744,625,0.22236415080010868,265,2
2010-09-23,2010,9,23,5745,591,0.16642851846980553,266,3
2010-09-24,2010,9,24,5746,572,0.1337514924435051,267,4
2010-09-25,2010,9,25,5747,518,0.03458774332319039,268,5
2010-09-26,2010,9,26,5748,436,-0.13774525558725847,269,6
2010-09-27,2010,9,27,5749,588,0.16133944896233413,270,0
2010-09-28,2010,9,28,5750,616,0.20785946459722704,271,1
2010-09-29,2010,9,29,5751,602,0.18486994637252827,272,2
2010-09-30,2010,9,30,5752,615,0.20623476887022504,273,3
2010-10-01,2010,10,1,5753,583,0.1527996874141997,274,4
2010-10-02,2010,10,2,5754,465,-0.07335009334893643,275,5
2010-10-03,2010,10,3,5755,445,-0.11731321677005256,276,6
2010-10-04,2010,10,4,5756,561,0.11433340658640359,277,0
2010-10-05,2010,10,5,5757,569,0.1284929351900382,278,1
2010-10-06,2010,10,6,5758,583,0.1527996874141997,279,2
2010-10-07,2010,10,7,5759,555,0.10358061481014179,280,3
2010-10-08,2010,10,8,5760,549,0.09271094257323789,281,4
2010-10-09,2010,10,9,5761,471,-0.060529404919874984,282,5
2010-10-10,2010,10,10,5762,444,-0.11956293650406802,283,6
2010-10-11,2010,10,11,5763,565,0.12143823221014823,284,0
2010-10-12,2010,10,12,5764,582,0.15108294879514503,285,1
2010-10-13,2010,10,13,5765,542,0.07987850250335336,286,2
2010-10-14,2010,10,14,5766,538,0.07247106122549156,287,3
2010-10-15,2010,10,15,5767,577,0.14245476757180686,288,4
2010-10-16,2010,10,16,5768,446,-0.11506854691622871,289,5
2010-10-17,2010,10,17,5769,421,-0.1727546652539114,290,6
2010-10-18,2010,10,18,5770,531,0.05937452230564608,291,0
2010-10-19,2010,10,19,5771,572,0.1337514924435051,292,1
2010-10-20,2010,10,20,5772,575,0.13898254186105774,293,2
2010-10-21,2010,10,21,5773,549,0.09271094257323789,294,3
2010-10-22,2010,10,22,5774,584,0.15451348389193428,295,4
2010-10-23,2010,10,23,5775,453,-0.09949537345325875,296,5
2010-10-24,2010,10,24,5776,396,-0.2339732876818122,297,6
2010-10-25,2010,10,25,5777,552,0.09816054734080248,298,0
2010-10-26,2010,10,26,5778,488,-0.025072093083145647,299,1
2010-10-27,2010,10,27,5779,510,0.019023226782078777,300,2
2010-10-28,2010,10,28,5780,558,0.10897146344501811,301,3
2010-10-29,2010,10,29,5781,543,0.08172182099764269,302,4
2010-10-30,2010,10,30,5782,415,-0.18710897870559454,303,5
2010-10-31,2010,10,31,5783,416,-0.18470223867502955,304,6
2010-11-01,2010,11,1,5784,511,0.020982091267411646,305,0
2010-11-02,2010,11,2,5785,593,0.16980690006143276,306,1
2010-11-03,2010,11,3,5786,551,0.09634731021662175,307,2
2010-11-04,2010,11,4,5787,549,0.09271094257323789,308,3
2010-11-05,2010,11,5,5788,548,0.0908877880117227,309,4
2010-11-06,2010,11,6,5789,460,-0.08416100945315207,310,5
2010-11-07,2010,11,7,5790,417,-0.18230127713749136,311,6
2010-11-08,2010,11,8,5791,528,0.053708784769968605,312,0
2010-11-09,2010,11,9,5792,604,0.1881866989985222,313,1
2010-11-10,2010,11,10,5793,604,0.1881866989985222,314,2
2010-11-11,2010,11,11,5794,562,0.11611435095739826,315,3
2010-11-12,2010,11,12,5795,551,0.09634731021662175,316,4
2010-11-13,2010,11,13,5796,490,-0.020982107831620526,317,5
2010-11-14,2010,11,14,5797,415,-0.18710897870559454,318,6
2010-11-15,2010,11,15,5798,519,0.03651638422959586,319,0
2010-11-16,2010,11,16,5799,563,0.11789212920339767,320,1
2010-11-17,2010,11,17,5800,530,0.05748950760987465,321,2
2010-11-18,2010,11,18,5801,528,0.053708784769968605,322,3
2010-11-19,2010,11,19,5802,519,0.03651638422959586,323,4
2010-11-20,2010,11,20,5803,457,-0.09070410804208806,324,5
2010-11-21,2010,11,21,5804,370,-0.30188449329802264,325,6
2010-11-22,2010,11,22,5805,500,-0.0007794005141010613,326,0
2010-11-23,2010,11,23,5806,509,0.017060517614229952,327,1
2010-11-24,2010,11,24,5807,525,0.04801076365533098,328,2
2010-11-25,2010,11,25,5808,560,0.1125492847929021,329,3
2010-11-26,2010,11,26,5809,563,0.11789212920339767,330,4
2010-11-27,2010,11,27,5810,450,-0.10613991617192732,331,5
2010-11-28,2010,11,28,5811,386,-0.2595501294714619,332,6
2010-11-29,2010,11,29,5812,539,0.07432807197270441,333,0
2010-11-30,2010,11,30,5813,499,-0.00278140318477414,334,1
2010-12-01,2010,12,1,5814,496,-0.008811572211365326,335,2
2010-12-02,2010,12,2,5815,503,0.005202671163446407,336,3
2010-12-03,2010,12,3,5816,532,0.06125599040535152,337,4
2010-12-04,2010,12,4,5817,434,-0.14234296483588793,338,5
2010-12-05,2010,12,5,5818,411,-0.1967942844400581,339,6
2010-12-06,2010,12,6,5819,530,0.05748950760987465,340,0
2010-12-07,2010,12,7,5820,526,0.04991371380141699,341,1
2010-12-08,2010,12,8,5821,506,0.01114917035117286,342,2
2010-12-09,2010,12,9,5822,552,0.09816054734080248,343,3
2010-12-10,2010,12,10,5823,528,0.053708784769968605,344,4
2010-12-11,2010,12,11,5824,427,-0.15860348570766825,345,5
2010-12-12,2010,12,12,5825,383,-0.2673525097556468,346,6
2010-12-13,2010,12,13,5826,532,0.06125599040535152,347,0
2010-12-14,2010,12,14,5827,563,0.11789212920339767,348,1
2010-12-15,2010,12,15,5828,508,0.01509394864218921,349,2
2010-12-16,2010,12,16,5829,528,0.053708784769968605,350,3
2010-12-17,2010,12,17,5830,534,0.06500834002390198,351,4
2010-12-18,2010,12,18,5831,452,-0.10170531910406158,352,5
2010-12-19,2010,12,19,5832,412,-0.19436414958676645,353,6
2010-12-20,2010,12,20,5833,504,0.007188769135075929,354,0
2010-12-21,2010,12,21,5834,535,0.0668792479597138,355,1
2010-12-22,2010,12,22,5835,560,0.1125492847929021,356,2
2010-12-23,2010,12,23,5836,519,0.03651638422959586,357,3
2010-12-24,2010,12,24,5837,517,0.03265537557213635,358,4
2010-12-25,2010,12,25,5838,388,-0.2543821593130193,359,5
2010-12-26,2010,12,26,5839,351,-0.354601275470427,360,6
2010-12-27,2010,12,27,5840,517,0.03265537557213635,361,0
2010-12-28,2010,12,28,5841,569,0.1284929351900382,362,1
2010-12-29,2010,12,29,5842,558,0.10897146344501811,363,2
2010-12-30,2010,12,30,5843,525,0.04801076365533098,364,3
2010-12-31,2010,12,31,5844,480,-0.04160139503435611,365,4
2011-01-01,2011,1,1,5845,345,-0.3718430819049331,1,5
2011-01-02,2011,1,2,5846,374,-0.2911317015217608,2,6
2011-01-03,2011,1,3,5847,524,0.04610418538474929,3,0
2011-01-04,2011,1,4,5848,540,0.07618164062202722,4,1
2011-01-05,2011,1,5,5849,571,0.1320017107197175,5,2
2011-01-06,2011,1,6,5850,530,0.05748950760987465,6,3
2011-01-07,2011,1,7,5851,529,0.05560093292200662,7,4
2011-01-08,2011,1,8,5852,419,-0.1775165790141551,8,5
2011-01-09,2011,1,9,5853,386,-0.2595501294714619,9,6
2011-01-10,2011,1,10,5854,492,-0.016908782443984704,10,0
2011-01-11,2011,1,11,5855,519,0.03651638422959586,11,1
2011-01-12,2011,1,12,5856,528,0.053708784769968605,12,2
2011-01-13,2011,1,13,5857,517,0.03265537557213635,13,3
2011-01-14,2011,1,14,5858,504,0.007188769135075929,14,4
2011-01-15,2011,1,15,5859,381,-0.2725881238095918,15,5
2011-01-16,2011,1,16,5860,397,-0.2314512182491023,16,6
2011-01-17,2011,1,17,5861,504,0.007188769135075929,17,0
2011-01-18,2011,1,18,5862,553,0.09997050258604206,18,1
2011-01-19,2011,1,19,5863,513,0.02488834623447675,19,2
2011-01-20,2011,1,20,5864,538,0.07247106122549156,20,3
2011-01-21,2011,1,21,5865,549,0.09271094257323789,21,4
2011-01-22,2011,1,22,5866,463,-0.07766044485005867,22,5
2011-01-23,2011,1,23,5867,406,-0.20903433933456006,23,6
2011-01-24,2011,1,24,5868,491,-0.01894337114177224,24,0
2011-01-25,2011,1,25,5869,524,0.04610418538474929,25,1
2011-01-26,2011,1,26,5870,547,0.08906130348568847,26,2
2011-01-27,2011,1,27,5871,550,0.09453077929022377,27,3
2011-01-28,2011,1,28,5872,521,0.040362542817074146,28,4
2011-01-29,2011,1,29,5873,448,-0.1105942665213076,29,5
2011-01-30,2011,1,30,5874,407,-0.20657431349369773,30,6
2011-01-31,2011,1,31,5875,536,0.06874666213450913,31,0
2011-02-01,2011,2,1,5876,553,0.09997050258604206,32,1
2011-02-02,2011,2,2,5877,548,0.0908877880117227,33,2
2011-02-03,2011,2,3,5878,556,0.10538079531428955,34,3
2011-02-04,2011,2,4,5879,542,0.07987850250335336,35,4
2011-02-05,2011,2,5,5880,504,0.007188769135075929,36,5
2011-02-06,2011,2,6,5881,442,-0.12407761685859466,37,6
2011-02-07,2011,2,7,5882,491,-0.01894337114177224,38,0
2011-02-08,2011,2,8,5883,575,0.13898254186105774,39,1
2011-02-09,2011,2,9,5884,516,0.03071926654527006,40,2
2011-02-10,2011,2,10,5885,506,0.01114917035117286,41,3
2011-02-11,2011,2,11,5886,550,0.09453077929022377,42,4
2011-02-12,2011,2,12,5887,405,-0.21150043182975356,43,5
2011-02-13,2011,2,13,5888,397,-0.2314512182491023,44,6
2011-02-14,2011,2,14,5889,523,0.04419396512863013,45,0
2011-02-15,2011,2,15,5890,528,0.053708784769968605,46,1
2011-02-16,2011,2,16,5891,522,0.04228008894634606,47,2
2011-02-17,2011,2,17,5892,565,0.12143823221014823,48,3
2011-02-18,2011,2,18,5893,535,0.0668792479597138,49,4
2011-02-19,2011,2,19,5894,448,-0.1105942665213076,50,5
2011-02-20,2011,2,20,5895,418,-0.1799060664115365,51,6
2011-02-21,2011,2,21,5896,483,-0.03537084528372003,52,0
2011-02-22,2011,2,22,5897,517,0.03265537557213635,53,1
2011-02-23,2011,2,23,5898,552,0.09816054734080248,54,2
2011-02-24,2011,2,24,5899,555,0.10358061481014179,55,3
2011-02-25,2011,2,25,5900,552,0.09816054734080248,56,4
2011-02-26,2011,2,26,5901,417,-0.18230127713749136,57,5
2011-02-27,2011,2,27,5902,397,-0.2314512182491023,58,6
2011-02-28,2011,2,28,5903,515,0.028779401727443366,59,0
2011-03-01,2011,3,1,5904,488,-0.025072093083145647,60,1
2011-03-02,2011,3,2,5905,504,0.007188769135075929,61,2
2011-03-03,2011,3,3,5906,518,0.03458774332319039,62,3
2011-03-04,2011,3,4,5907,511,0.020982091267411646,63,4
2011-03-05,2011,3,5,5908,383,-0.2673525097556468,64,5
2011-03-06,2011,3,6,5909,369,-0.3045908548957656,65,6
2011-03-07,2011,3,7,5910,479,-0.043686901525377485,66,0
2011-03-08,2011,3,8,5911,519,0.03651638422959586,67,1
2011-03-09,2011,3,9,5912,528,0.053708784769968605,68,2
2011-03-10,2011,3,10,5913,547,0.08906130348568847,69,3
2011-03-11,2011,3,11,5914,546,0.08723147680861221,70,4
2011-03-12,2011,3,12,5915,396,-0.2339732876818122,71,5
2011-03-13,2011,3,13,5916,383,-0.2673525097556468,72,6
2011-03-14,2011,3,14,5917,487,-0.027123375853703034,73,0
2011-03-15,2011,3,15,5918,509,0.017060517614229952,74,1
2011-03-16,2011,3,16,5919,508,0.01509394864218921,75,2
2011-03-17,2011,3,17,5920,475,-0.05207269490165152,76,3
2011-03-18,2011,3,18,5921,502,0.0032126207554365057,77,4
2011-03-19,2011,3,19,5922,426,-0.1609481526669224,78,5
2011-03-20,2011,3,20,5923,374,-0.2911317015217608,79,6
2011-03-21,2011,3,21,5924,446,-0.11506854691622871,80,0
2011-03-22,2011,3,22,5925,510,0.019023226782078777,81,1
2011-03-23,2011,3,23,5926,494,-0.012851981748370309,82,2
2011-03-24,2011,3,24,5927,529,0.05560093292200662,83,3
2011-03-25,2011,3,25,5928,510,0.019023226782078777,84,4
2011-03-26,2011,3,26,5929,378,-0.2804933033167051,85,5
2011-03-27,2011,3,27,5930,364,-0.3182336312995521,86,6
2011-03-28,2011,3,28,5931,500,-0.0007794005141010613,87,0
2011-03-29,2011,3,29,5932,552,0.09816054734080248,88,1
2011-03-30,2011,3,30,5933,517,0.03265537557213635,89,2
2011-03-31,2011,3,31,5934,516,0.03071926654527006,90,3
2011-04-01,2011,4,1,5935,506,0.01114917035117286,91,4
2011-04-02,2011,4,2,5936,410,-0.1992303392379392,92,5
2011-04-03,2011,4,3,5937,375,-0.2884614729658819,93,6
2011-04-04,2011,4,4,5938,530,0.05748950760987465,94,0
2011-04-05,2011,4,5,5939,538,0.07247106122549156,95,1
2011-04-06,2011,4,6,5940,466,-0.07120186481064687,96,2
2011-04-07,2011,4,7,5941,490,-0.020982107831620526,97,3
2011-04-08,2011,4,8,5942,540,0.07618164062202722,98,4
2011-04-09,2011,4,9,5943,400,-0.22392295182831073,99,5
2011-04-10,2011,4,10,5944,372,-0.2964936446631462,100,6
2011-04-11,2011,4,11,5945,501,0.0012186021485719963,101,0
2011-04-12,2011,4,12,5946,521,0.040362542817074146,102,1
2011-04-13,2011,4,13,5947,520,0.038441312639180374,103,2
2011-04-14,2011,4,14,5948,516,0.03071926654527006,104,3
2011-04-15,2011,4,15,5949,551,0.09634731021662175,105,4
2011-04-16,2011,4,16,5950,399,-0.22642608204642928,106,5
2011-04-17,2011,4,17,5951,373,-0.29380907929247724,107,6
2011-04-18,2011,4,18,5952,495,-0.01082973636760251,108,0
2011-04-19,2011,4,19,5953,561,0.11433340658640359,109,1
2011-04-20,2011,4,20,5954,479,-0.043686901525377485,110,2
2011-04-21,2011,4,21,5955,543,0.08172182099764269,111,3
2011-04-22,2011,4,22,5956,519,0.03651638422959586,112,4
2011-04-23,2011,4,23,5957,391,-0.24667993895092696,113,5
2011-04-24,2011,4,24,5958,385,-0.26214416464850854,114,6
2011-04-25,2011,4,25,5959,406,-0.20903433933456006,115,0
2011-04-26,2011,4,26,5960,495,-0.01082973636760251,116,1
2011-04-27,2011,4,27,5961,530,0.05748950760987465,117,2
2011-04-28,2011,4,28,5962,493,-0.014878324893602708,118,3
2011-04-29,2011,4,29,5963,543,0.08172182099764269,119,4
2011-04-30,2011,4,30,5964,429,-0.15393058000827584,120,5
2011-05-01,2011,5,1,5965,416,-0.18470223867502955,121,6
2011-05-02,2011,5,2,5966,483,-0.03537084528372003,122,0
2011-05-03,2011,5,3,5967,511,0.020982091267411646,123,1
2011-05-04,2011,5,4,5968,553,0.09997050258604206,124,2
2011-05-05,2011,5,5,5969,440,-0.12861277202398594,125,3
2011-05-06,2011,5,6,5970,558,0.10897146344501811,126,4
2011-05-07,2011,5,7,5971,451,-0.10392015943361442,127,5
2011-05-08,2011,5,8,5972,401,-0.22142607162972353,128,6
2011-05-09,2011,5,9,5973,464,-0.07550294671003747,129,0
2011-05-10,2011,5,10,5974,517,0.03265537557213635,130,1
2011-05-11,2011,5,11,5975,528,0.053708784769968605,131,2
2011-05-12,2011,5,12,5976,506,0.01114917035117286,132,3
2011-05-13,2011,5,13,5977,487,-0.027123375853703034,133,4
2011-05-14,2011,5,14,5978,446,-0.11506854691622871,134,5
2011-05-15,2011,5,15,5979,406,-0.20903433933456006,135,6
2011-05-16,2011,5,16,5980,497,-0.006797472839664082,136,0
2011-05-17,2011,5,17,5981,513,0.02488834623447675,137,1
2011-05-18,2011,5,18,5982,581,0.14936325791561852,138,2
2011-05-19,2011,5,19,5983,466,-0.07120186481064687,139,3
2011-05-20,2011,5,20,5984,510,0.019023226782078777,140,4
2011-05-21,2011,5,21,5985,450,-0.10613991617192732,141,5
2011-05-22,2011,5,22,5986,412,-0.19436414958676645,142,6
2011-05-23,2011,5,23,5987,501,0.0012186021485719963,143,0
2011-05-24,2011,5,24,5988,519,0.03651638422959586,144,1
2011-05-25,2011,5,25,5989,549,0.09271094257323789,145,2
2011-05-26,2011,5,26,5990,526,0.04991371380141699,146,3
2011-05-27,2011,5,27,5991,524,0.04610418538474929,147,4
2011-05-28,2011,5,28,5992,407,-0.20657431349369773,148,5
2011-05-29,2011,5,29,5993,394,-0.23903658963835892,149,6
2011-05-30,2011,5,30,5994,539,0.07432807197270441,150,0
2011-05-31,2011,5,31,5995,553,0.09997050258604206,151,1
2011-06-01,2011,6,1,5996,576,0.14072016175959845,152,2
2011-06-02,2011,6,2,5997,475,-0.05207269490165152,153,3
2011-06-03,2011,6,3,5998,497,-0.006797472839664082,154,4
2011-06-04,2011,6,4,5999,421,-0.1727546652539114,155,5
2011-06-05,2011,6,5,6000,445,-0.11731321677005256,156,6
2011-06-06,2011,6,6,6001,508,0.01509394864218921,157,0
2011-06-07,2011,6,7,6002,583,0.1527996874141997,158,1
2011-06-08,2011,6,8,6003,538,0.07247106122549156,159,2
2011-06-09,2011,6,9,6004,551,0.09634731021662175,160,3
2011-06-10,2011,6,10,6005,557,0.1071777409909913,161,4
2011-06-11,2011,6,11,6006,431,-0.149279408832545,162,5
2011-06-12,2011,6,12,6007,401,-0.22142607162972353,163,6
2011-06-13,2011,6,13,6008,445,-0.11731321677005256,164,0
2011-06-14,2011,6,14,6009,523,0.04419396512863013,165,1
2011-06-15,2011,6,15,6010,564,0.11966675256176608,166,2
2011-06-16,2011,6,16,6011,558,0.10897146344501811,167,3
2011-06-17,2011,6,17,6012,554,0.10177718781099099,168,4
2011-06-18,2011,6,18,6013,469,-0.06478473049001338,169,5
2011-06-19,2011,6,19,6014,444,-0.11956293650406802,170,6
2011-06-20,2011,6,20,6015,505,0.009170930339067029,171,0
2011-06-21,2011,6,21,6016,557,0.1071777409909913,172,1
2011-06-22,2011,6,22,6017,547,0.08906130348568847,173,2
2011-06-23,2011,6,23,6018,555,0.10358061481014179,174,3
2011-06-24,2011,6,24,6019,608,0.19478738302987425,175,4
2011-06-25,2011,6,25,6020,481,-0.03952022883053154,176,5
2011-06-26,2011,6,26,6021,410,-0.1992303392379392,177,6
2011-06-27,2011,6,27,6022,548,0.0908877880117227,178,0
2011-06-28,2011,6,28,6023,562,0.11611435095739826,179,1
2011-06-29,2011,6,29,6024,521,0.040362542817074146,180,2
2011-06-30,2011,6,30,6025,528,0.053708784769968605,181,3
2011-07-01,2011,7,1,6026,562,0.11611435095739826,182,4
2011-07-02,2011,7,2,6027,432,-0.14696191069218248,183,5
2011-07-03,2011,7,3,6028,424,-0.16565404370433506,184,6
2011-07-04,2011,7,4,6029,528,0.053708784769968605,185,0
2011-07-05,2011,7,5,6030,556,0.10538079531428955,186,1
2011-07-06,2011,7,6,6031,518,0.03458774332319039,187,2
2011-07-07,2011,7,7,6032,562,0.11611435095739826,188,3
2011-07-08,2011,7,8,6033,558,0.10897146344501811,189,4
2011-07-09,2011,7,9,6034,430,-0.15160229024868468,190,5
2011-07-10,2011,7,10,6035,428,-0.156264303354496,191,6
2011-07-11,2011,7,11,6036,556,0.10538079531428955,192,0
2011-07-12,2011,7,12,6037,547,0.08906130348568847,193,1
2011-07-13,2011,7,13,6038,545,0.08539829572695133,194,2
2011-07-14,2011,7,14,6039,581,0.14936325791561852,195,3
2011-07-15,2011,7,15,6040,573,0.13549821777844687,196,4
2011-07-16,2011,7,16,6041,435,-0.1400414678476087,197,5
2011-07-17,2011,7,17,6042,425,-0.163298330011876,198,6
2011-07-18,2011,7,18,6043,515,0.028779401727443366,199,0
2011-07-19,2011,7,19,6044,548,0.0908877880117227,200,1
2011-07-20,2011,7,20,6045,541,0.07803177991018878,201,2
2011-07-21,2011,7,21,6046,540,0.07618164062202722,202,3
2011-07-22,2011,7,22,6047,553,0.09997050258604206,203,4
2011-07-23,2011,7,23,6048,385,-0.26214416464850854,204,5
2011-07-24,2011,7,24,6049,398,-0.22893549365185503,205,6
2011-07-25,2011,7,25,6050,527,0.051813049605069564,206,0
2011-07-26,2011,7,26,6051,553,0.09997050258604206,207,1
2011-07-27,2011,7,27,6052,572,0.1337514924435051,208,2
2011-07-28,2011,7,28,6053,533,0.06313392522955179,209,3
2011-07-29,2011,7,29,6054,586,0.15793229064071984,210,4
2011-07-30,2011,7,30,6055,454,-0.09729030089494478,211,5
2011-07-31,2011,7,31,6056,404,-0.21397262097514264,212,6
2011-08-01,2011,8,1,6057,531,0.05937452230564608,213,0
2011-08-02,2011,8,2,6058,545,0.08539829572695133,214,1
2011-08-03,2011,8,3,6059,568,0.12673391978485854,215,2
2011-08-04,2011,8,4,6060,537,0.07061059557257193,216,3
2011-08-05,2011,8,5,6061,599,0.17987409917915648,217,4
2011-08-06,2011,8,6,6062,445,-0.11731321677005256,218,5
2011-08-07,2011,8,7,6063,444,-0.11956293650406802,219,6
2011-08-08,2011,8,8,6064,537,0.07061059557257193,220,0
2011-08-09,2011,8,9,6065,569,0.1284929351900382,221,1
2011-08-10,2011,8,10,6066,540,0.07618164062202722,222,2
2011-08-11,2011,8,11,6067,533,0.06313392522955179,223,3
2011-08-12,2011,8,12,6068,555,0.10358061481014179,224,4
2011-08-13,2011,8,13,6069,461,-0.08198945593964423,225,5
2011-08-14,2011,8,14,6070,444,-0.11956293650406802,226,6
2011-08-15,2011,8,15,6071,570,0.13024886189230303,227,0
2011-08-16,2011,8,16,6072,537,0.07061059557257193,228,1
2011-08-17,2011,8,17,6073,568,0.12673391978485854,229,2
2011-08-18,2011,8,18,6074,527,0.051813049605069564,230,3
2011-08-19,2011,8,19,6075,503,0.005202671163446407,231,4
2011-08-20,2011,8,20,6076,433,-0.14464977093380296,232,5
2011-08-21,2011,8,21,6077,384,-0.2647449463485659,233,6
2011-08-22,2011,8,22,6078,526,0.04991371380141699,234,0
2011-08-23,2011,8,23,6079,538,0.07247106122549156,235,1
2011-08-24,2011,8,24,6080,559,0.11076197421880644,236,2
2011-08-25,2011,8,25,6081,563,0.11789212920339767,237,3
2011-08-26,2011,8,26,6082,554,0.10177718781099099,238,4
2011-08-27,2011,8,27,6083,444,-0.11956293650406802,239,5
2011-08-28,2011,8,28,6084,415,-0.18710897870559454,240,6
2011-08-29,2011,8,29,6085,540,0.07618164062202722,241,0
2011-08-30,2011,8,30,6086,539,0.07432807197270441,242,1
2011-08-31,2011,8,31,6087,582,0.15108294879514503,243,2
2011-09-01,2011,9,1,6088,554,0.10177718781099099,244,3
2011-09-02,2011,9,2,6089,553,0.09997050258604206,245,4
2011-09-03,2011,9,3,6090,446,-0.11506854691622871,246,5
2011-09-04,2011,9,4,6091,440,-0.12861277202398594,247,6
2011-09-05,2011,9,5,6092,518,0.03458774332319039,248,0
2011-09-06,2011,9,6,6093,555,0.10358061481014179,249,1
2011-09-07,2011,9,7,6094,577,0.14245476757180686,250,2
2011-09-08,2011,9,8,6095,545,0.08539829572695133,251,3
2011-09-09,2011,9,9,6096,522,0.04228008894634606,252,4
2011-09-10,2011,9,10,6097,471,-0.060529404919874984,253,5
2011-09-11,2011,9,11,6098,410,-0.1992303392379392,254,6
2011-09-12,2011,9,12,6099,565,0.12143823221014823,255,0
2011-09-13,2011,9,13,6100,522,0.04228008894634606,256,1
2011-09-14,2011,9,14,6101,587,0.15963732089180377,257,2
2011-09-15,2011,9,15,6102,562,0.11611435095739826,258,3
2011-09-16,2011,9,16,6103,572,0.1337514924435051,259,4
2011-09-17,2011,9,17,6104,457,-0.09070410804208806,260,5
2011-09-18,2011,9,18,6105,400,-0.22392295182831073,261,6
2011-09-19,2011,9,19,6106,516,0.03071926654527006,262,0
2011-09-20,2011,9,20,6107,596,0.174853168129057,263,1
2011-09-21,2011,9,21,6108,520,0.038441312639180374,264,2
2011-09-22,2011,9,22,6109,541,0.07803177991018878,265,3
2011-09-23,2011,9,23,6110,548,0.0908877880117227,266,4
2011-09-24,2011,9,24,6111,476,-0.04996964470487272,267,5
2011-09-25,2011,9,25,6112,398,-0.22893549365185503,268,6
2011-09-26,2011,9,26,6113,511,0.020982091267411646,269,0
2011-09-27,2011,9,27,6114,542,0.07987850250335336,270,1
2011-09-28,2011,9,28,6115,576,0.14072016175959845,271,2
2011-09-29,2011,9,29,6116,563,0.11789212920339767,272,3
2011-09-30,2011,9,30,6117,618,0.211100958521398,273,4
2011-10-01,2011,10,1,6118,456,-0.09289468942190668,274,5
2011-10-02,2011,10,2,6119,388,-0.2543821593130193,275,6
2011-10-03,2011,10,3,6120,501,0.0012186021485719963,276,0
2011-10-04,2011,10,4,6121,529,0.05560093292200662,277,1
2011-10-05,2011,10,5,6122,536,0.06874666213450913,278,2
2011-10-06,2011,10,6,6123,579,0.14591497863670255,279,3
2011-10-07,2011,10,7,6124,554,0.10177718781099099,280,4
2011-10-08,2011,10,8,6125,407,-0.20657431349369773,281,5
2011-10-09,2011,10,9,6126,396,-0.2339732876818122,282,6
2011-10-10,2011,10,10,6127,509,0.017060517614229952,283,0
2011-10-11,2011,10,11,6128,574,0.1372418973832736,284,1
2011-10-12,2011,10,12,6129,554,0.10177718781099099,285,2
2011-10-13,2011,10,13,6130,507,0.01312350465489037,286,3
2011-10-14,2011,10,14,6131,530,0.05748950760987465,287,4
2011-10-15,2011,10,15,6132,397,-0.2314512182491023,288,5
2011-10-16,2011,10,16,6133,396,-0.2339732876818122,289,6
2011-10-17,2011,10,17,6134,558,0.10897146344501811,290,0
2011-10-18,2011,10,18,6135,519,0.03651638422959586,291,1
2011-10-19,2011,10,19,6136,509,0.017060517614229952,292,2
2011-10-20,2011,10,20,6137,476,-0.04996964470487272,293,3
2011-10-21,2011,10,21,6138,552,0.09816054734080248,294,4
2011-10-22,2011,10,22,6139,421,-0.1727546652539114,295,5
2011-10-23,2011,10,23,6140,363,-0.320984664671442,296,6
2011-10-24,2011,10,24,6141,489,-0.023025009461420796,297,0
2011-10-25,2011,10,25,6142,507,0.01312350465489037,298,1
2011-10-26,2011,10,26,6143,553,0.09997050258604206,299,2
2011-10-27,2011,10,27,6144,484,-0.03330259221966101,300,3
2011-10-28,2011,10,28,6145,552,0.09816054734080248,301,4
2011-10-29,2011,10,29,6146,417,-0.18230127713749136,302,5
2011-10-30,2011,10,30,6147,385,-0.26214416464850854,303,6
2011-10-31,2011,10,31,6148,489,-0.023025009461420796,304,0
2011-11-01,2011,11,1,6149,540,0.07618164062202722,305,1
2011-11-02,2011,11,2,6150,497,-0.006797472839664082,306,2
2011-11-03,2011,11,3,6151,478,-0.04577676644483675,307,3
2011-11-04,2011,11,4,6152,521,0.040362542817074146,308,4
2011-11-05,2011,11,5,6153,402,-0.21893541031727165,309,5
2011-11-06,2011,11,6,6154,404,-0.21397262097514264,310,6
2011-11-07,2011,11,7,6155,482,-0.03744338488569241,311,0
2011-11-08,2011,11,8,6156,506,0.01114917035117286,312,1
2011-11-09,2011,11,9,6157,472,-0.05840851335073735,313,2
2011-11-10,2011,11,10,6158,508,0.01509394864218921,314,3
2011-11-11,2011,11,11,6159,549,0.09271094257323789,315,4
2011-11-12,2011,11,12,6160,408,-0.204120324532131,316,5
2011-11-13,2011,11,13,6161,352,-0.35175632333819573,317,6
2011-11-14,2011,11,14,6162,475,-0.05207269490165152,318,0
2011-11-15,2011,11,15,6163,503,0.005202671163446407,319,1
2011-11-16,2011,11,16,6164,535,0.0668792479597138,320,2
2011-11-17,2011,11,17,6165,473,-0.056292110444359764,321,3
2011-11-18,2011,11,18,6166,536,0.06874666213450913,322,4
2011-11-19,2011,11,19,6167,402,-0.21893541031727165,323,5
2011-11-20,2011,11,20,6168,409,-0.20167234289349095,324,6
2011-11-21,2011,11,21,6169,463,-0.07766044485005867,325,0
2011-11-22,2011,11,22,6170,476,-0.04996964470487272,326,1
2011-11-23,2011,11,23,6171,515,0.028779401727443366,327,2
2011-11-24,2011,11,24,6172,486,-0.02917887503579906,328,3
2011-11-25,2011,11,25,6173,495,-0.01082973636760251,329,4
2011-11-26,2011,11,26,6174,442,-0.12407761685859466,330,5
2011-11-27,2011,11,27,6175,359,-0.3320651104480139,331,6
2011-11-28,2011,11,28,6176,464,-0.07550294671003747,332,0
2011-11-29,2011,11,29,6177,513,0.02488834623447675,333,1
2011-11-30,2011,11,30,6178,525,0.04801076365533098,334,2
2011-12-01,2011,12,1,6179,539,0.07432807197270441,335,3
2011-12-02,2011,12,2,6180,524,0.04610418538474929,336,4
2011-12-03,2011,12,3,6181,368,-0.30730456076736185,337,5
2011-12-04,2011,12,4,6182,374,-0.2911317015217608,338,6
2011-12-05,2011,12,5,6183,409,-0.20167234289349095,339,0
2011-12-06,2011,12,6,6184,476,-0.04996964470487272,340,1
2011-12-07,2011,12,7,6185,546,0.08723147680861221,341,2
2011-12-08,2011,12,8,6186,506,0.01114917035117286,342,3
2011-12-09,2011,12,9,6187,517,0.03265537557213635,343,4
2011-12-10,2011,12,10,6188,436,-0.13774525558725847,344,5
2011-12-11,2011,12,11,6189,370,-0.30188449329802264,345,6
2011-12-12,2011,12,12,6190,500,-0.0007794005141010613,346,0
2011-12-13,2011,12,13,6191,516,0.03071926654527006,347,1
2011-12-14,2011,12,14,6192,519,0.03651638422959586,348,2
2011-12-15,2011,12,15,6193,513,0.02488834623447675,349,3
2011-12-16,2011,12,16,6194,508,0.01509394864218921,350,4
2011-12-17,2011,12,17,6195,412,-0.19436414958676645,351,5
2011-12-18,2011,12,18,6196,359,-0.3320651104480139,352,6
2011-12-19,2011,12,19,6197,456,-0.09289468942190668,353,0
2011-12-20,2011,12,20,6198,508,0.01509394864218921,354,1
2011-12-21,2011,12,21,6199,555,0.10358061481014179,355,2
2011-12-22,2011,12,22,6200,517,0.03265537557213635,356,3
2011-12-23,2011,12,23,6201,514,0.02683576651887243,357,4
2011-12-24,2011,12,24,6202,405,-0.21150043182975356,358,5
2011-12-25,2011,12,25,6203,325,-0.43156231660655525,359,6
2011-12-26,2011,12,26,6204,303,-0.5016546934269236,360,0
2011-12-27,2011,12,27,6205,460,-0.08416100945315207,361,1
2011-12-28,2011,12,28,6206,486,-0.02917887503579906,362,2
2011-12-29,2011,12,29,6207,532,0.06125599040535152,363,3
2011-12-30,2011,12,30,6208,513,0.02488834623447675,364,4
2011-12-31,2011,12,31,6209,393,-0.2415778870670315,365,5
2012-01-01,2012,1,1,6210,325,-0.43156231660655525,1,6
2012-01-02,2012,1,2,6211,446,-0.11506854691622871,2,0
2012-01-03,2012,1,3,6212,497,-0.006797472839664082,3,1
2012-01-04,2012,1,4,6213,511,0.020982091267411646,4,2
2012-01-05,2012,1,5,6214,519,0.03651638422959586,5,3
2012-01-06,2012,1,6,6215,548,0.0908877880117227,6,4
2012-01-07,2012,1,7,6216,376,-0.28579835554639826,7,5
2012-01-08,2012,1,8,6217,377,-0.283142311488282,8,6
2012-01-09,2012,1,9,6218,485,-0.031238607998809516,9,0
2012-01-10,2012,1,10,6219,482,-0.03744338488569241,10,1
2012-01-11,2012,1,11,6220,512,0.02293712610321511,11,2
2012-01-12,2012,1,12,6221,506,0.01114917035117286,12,3
2012-01-13,2012,1,13,6222,509,0.017060517614229952,13,4
2012-01-14,2012,1,14,6223,390,-0.24924075981260063,14,5
2012-01-15,2012,1,15,6224,396,-0.2339732876818122,15,6
2012-01-16,2012,1,16,6225,496,-0.008811572211365326,16,0
2012-01-17,2012,1,17,6226,535,0.0668792479597138,17,1
2012-01-18,2012,1,18,6227,480,-0.04160139503435611,18,2
2012-01-19,2012,1,19,6228,516,0.03071926654527006,19,3
2012-01-20,2012,1,20,6229,495,-0.01082973636760251,20,4
2012-01-21,2012,1,21,6230,416,-0.18470223867502955,21,5
2012-01-22,2012,1,22,6231,435,-0.1400414678476087,22,6
2012-01-23,2012,1,23,6232,495,-0.01082973636760251,23,0
2012-01-24,2012,1,24,6233,538,0.07247106122549156,24,1
2012-01-25,2012,1,25,6234,531,0.05937452230564608,25,2
2012-01-26,2012,1,26,6235,524,0.04610418538474929,26,3
2012-01-27,2012,1,27,6236,500,-0.0007794005141010613,27,4
2012-01-28,2012,1,28,6237,407,-0.20657431349369773,28,5
2012-01-29,2012,1,29,6238,389,-0.25180815531784645,29,6
2012-01-30,2012,1,30,6239,451,-0.10392015943361442,30,0
2012-01-31,2012,1,31,6240,465,-0.07335009334893643,31,1
2012-02-01,2012,2,1,6241,494,-0.012851981748370309,32,2
2012-02-02,2012,2,2,6242,529,0.05560093292200662,33,3
2012-02-03,2012,2,3,6243,517,0.03265537557213635,34,4
2012-02-04,2012,2,4,6244,378,-0.2804933033167051,35,5
2012-02-05,2012,2,5,6245,361,-0.32650954060341186,36,6
2012-02-06,2012,2,6,6246,499,-0.00278140318477414,37,0
2012-02-07,2012,2,7,6247,516,0.03071926654527006,38,1
2012-02-08,2012,2,8,6248,493,-0.014878324893602708,39,2
2012-02-09,2012,2,9,6249,498,-0.0047874219116398825,40,3
2012-02-10,2012,2,10,6250,534,0.06500834002390198,41,4
2012-02-11,2012,2,11,6251,439,-0.13088808586112144,42,5
2012-02-12,2012,2,12,6252,408,-0.204120324532131,43,6
2012-02-13,2012,2,13,6253,458,-0.0885183148221078,44,0
2012-02-14,2012,2,14,6254,491,-0.01894337114177224,45,1
2012-02-15,2012,2,15,6255,528,0.053708784769968605,46,2
2012-02-16,2012,2,16,6256,518,0.03458774332319039,47,3
2012-02-17,2012,2,17,6257,516,0.03071926654527006,48,4
2012-02-18,2012,2,18,6258,422,-0.170382184900281,49,5
2012-02-19,2012,2,19,6259,354,-0.34609058580251834,50,6
2012-02-20,2012,2,20,6260,482,-0.03744338488569241,51,0
2012-02-21,2012,2,21,6261,542,0.07987850250335336,52,1
2012-02-22,2012,2,22,6262,515,0.028779401727443366,53,2
2012-02-23,2012,2,23,6263,511,0.020982091267411646,54,3
2012-02-24,2012,2,24,6264,506,0.01114917035117286,55,4
2012-02-25,2012,2,25,6265,423,-0.16801531989001484,56,5
2012-02-26,2012,2,26,6266,375,-0.2884614729658819,57,6
2012-02-27,2012,2,27,6267,501,0.0012186021485719963,58,0
2012-02-28,2012,2,28,6268,512,0.02293712610321511,59,1
2012-02-29,2012,2,29,6269,475,-0.05207269490165152,60,2
2012-03-01,2012,3,1,6270,501,0.0012186021485719963,61,3
2012-03-02,2012,3,2,6271,538,0.07247106122549156,62,4
2012-03-03,2012,3,3,6272,412,-0.19436414958676645,63,5
2012-03-04,2012,3,4,6273,377,-0.283142311488282,64,6
2012-03-05,2012,3,5,6274,528,0.053708784769968605,65,0
2012-03-06,2012,3,6,6275,557,0.1071777409909913,66,1
2012-03-07,2012,3,7,6276,519,0.03651638422959586,67,2
2012-03-08,2012,3,8,6277,536,0.06874666213450913,68,3
2012-03-09,2012,3,9,6278,499,-0.00278140318477414,69,4
2012-03-10,2012,3,10,6279,391,-0.24667993895092696,70,5
2012-03-11,2012,3,11,6280,356,-0.34045676808426234,71,6
2012-03-12,2012,3,12,6281,498,-0.0047874219116398825,72,0
2012-03-13,2012,3,13,6282,481,-0.03952022883053154,73,1
2012-03-14,2012,3,14,6283,512,0.02293712610321511,74,2
2012-03-15,2012,3,15,6284,489,-0.023025009461420796,75,3
2012-03-16,2012,3,16,6285,512,0.02293712610321511,76,4
2012-03-17,2012,3,17,6286,410,-0.1992303392379392,77,5
2012-03-18,2012,3,18,6287,343,-0.3776570517703529,78,6
2012-03-19,2012,3,19,6288,443,-0.12181772889115713,79,0
2012-03-20,2012,3,20,6289,518,0.03458774332319039,80,1
2012-03-21,2012,3,21,6290,538,0.07247106122549156,81,2
2012-03-22,2012,3,22,6291,493,-0.014878324893602708,82,3
2012-03-23,2012,3,23,6292,555,0.10358061481014179,83,4
2012-03-24,2012,3,24,6293,395,-0.23650173403517086,84,5
2012-03-25,2012,3,25,6294,336,-0.39827633897308845,85,6
2012-03-26,2012,3,26,6295,488,-0.025072093083145647,86,0
2012-03-27,2012,3,27,6296,499,-0.00278140318477414,87,1
2012-03-28,2012,3,28,6297,527,0.051813049605069564,88,2
2012-03-29,2012,3,29,6298,466,-0.07120186481064687,89,3
2012-03-30,2012,3,30,6299,504,0.007188769135075929,90,4
2012-03-31,2012,3,31,6300,448,-0.1105942665213076,91,5
2012-04-01,2012,4,1,6301,398,-0.22893549365185503,92,6
2012-04-02,2012,4,2,6302,520,0.038441312639180374,93,0
2012-04-03,2012,4,3,6303,502,0.0032126207554365057,94,1
2012-04-04,2012,4,4,6304,548,0.0908877880117227,95,2
2012-04-05,2012,4,5,6305,517,0.03265537557213635,96,3
2012-04-06,2012,4,6,6306,552,0.09816054734080248,97,4
2012-04-07,2012,4,7,6307,414,-0.18952152511097844,98,5
2012-04-08,2012,4,8,6308,390,-0.24924075981260063,99,6
2012-04-09,2012,4,9,6309,376,-0.28579835554639826,100,0
2012-04-10,2012,4,10,6310,467,-0.06905824126739543,101,1
2012-04-11,2012,4,11,6311,563,0.11789212920339767,102,2
2012-04-12,2012,4,12,6312,548,0.0908877880117227,103,3
2012-04-13,2012,4,13,6313,472,-0.05840851335073735,104,4
2012-04-14,2012,4,14,6314,403,-0.21645093698960974,105,5
2012-04-15,2012,4,15,6315,373,-0.29380907929247724,106,6
2012-04-16,2012,4,16,6316,458,-0.0885183148221078,107,0
2012-04-17,2012,4,17,6317,528,0.053708784769968605,108,1
2012-04-18,2012,4,18,6318,524,0.04610418538474929,109,2
2012-04-19,2012,4,19,6319,551,0.09634731021662175,110,3
2012-04-20,2012,4,20,6320,536,0.06874666213450913,111,4
2012-04-21,2012,4,21,6321,392,-0.2441256591458302,112,5
2012-04-22,2012,4,22,6322,413,-0.1919399059752601,113,6
2012-04-23,2012,4,23,6323,493,-0.014878324893602708,114,0
2012-04-24,2012,4,24,6324,572,0.1337514924435051,115,1
2012-04-25,2012,4,25,6325,520,0.038441312639180374,116,2
2012-04-26,2012,4,26,6326,511,0.020982091267411646,117,3
2012-04-27,2012,4,27,6327,551,0.09634731021662175,118,4
2012-04-28,2012,4,28,6328,393,-0.2415778870670315,119,5
2012-04-29,2012,4,29,6329,397,-0.2314512182491023,120,6
2012-04-30,2012,4,30,6330,356,-0.34045676808426234,121,0
2012-05-01,2012,5,1,6331,498,-0.0047874219116398825,122,1
2012-05-02,2012,5,2,6332,544,0.08356174791964978,123,2
2012-05-03,2012,5,3,6333,546,0.08723147680861221,124,3
2012-05-04,2012,5,4,6334,507,0.01312350465489037,125,4
2012-05-05,2012,5,5,6335,449,-0.10836461119403848,126,5
2012-05-06,2012,5,6,6336,372,-0.2964936446631462,127,6
2012-05-07,2012,5,7,6337,544,0.08356174791964978,128,0
2012-05-08,2012,5,8,6338,513,0.02488834623447675,129,1
2012-05-09,2012,5,9,6339,549,0.09271094257323789,130,2
2012-05-10,2012,5,10,6340,513,0.02488834623447675,131,3
2012-05-11,2012,5,11,6341,505,0.009170930339067029,132,4
2012-05-12,2012,5,12,6342,399,-0.22642608204642928,133,5
2012-05-13,2012,5,13,6343,360,-0.3292834674861371,134,6
2012-05-14,2012,5,14,6344,512,0.02293712610321511,135,0
2012-05-15,2012,5,15,6345,508,0.01509394864218921,136,1
2012-05-16,2012,5,16,6346,513,0.02488834623447675,137,2
2012-05-17,2012,5,17,6347,450,-0.10613991617192732,138,3
2012-05-18,2012,5,18,6348,491,-0.01894337114177224,139,4
2012-05-19,2012,5,19,6349,429,-0.15393058000827584,140,5
2012-05-20,2012,5,20,6350,389,-0.25180815531784645,141,6
2012-05-21,2012,5,21,6351,504,0.007188769135075929,142,0
2012-05-22,2012,5,22,6352,533,0.06313392522955179,143,1
2012-05-23,2012,5,23,6353,576,0.14072016175959845,144,2
2012-05-24,2012,5,24,6354,561,0.11433340658640359,145,3
2012-05-25,2012,5,25,6355,512,0.02293712610321511,146,4
2012-05-26,2012,5,26,6356,423,-0.16801531989001484,147,5
2012-05-27,2012,5,27,6357,386,-0.2595501294714619,148,6
2012-05-28,2012,5,28,6358,402,-0.21893541031727165,149,0
2012-05-29,2012,5,29,6359,490,-0.020982107831620526,150,1
2012-05-30,2012,5,30,6360,569,0.1284929351900382,151,2
2012-05-31,2012,5,31,6361,527,0.051813049605069564,152,3
2012-06-01,2012,6,1,6362,527,0.051813049605069564,153,4
2012-06-02,2012,6,2,6363,409,-0.20167234289349095,154,5
2012-06-03,2012,6,3,6364,409,-0.20167234289349095,155,6
2012-06-04,2012,6,4,6365,491,-0.01894337114177224,156,0
2012-06-05,2012,6,5,6366,514,0.02683576651887243,157,1
2012-06-06,2012,6,6,6367,557,0.1071777409909913,158,2
2012-06-07,2012,6,7,6368,507,0.01312350465489037,159,3
2012-06-08,2012,6,8,6369,529,0.05560093292200662,160,4
2012-06-09,2012,6,9,6370,434,-0.14234296483588793,161,5
2012-06-10,2012,6,10,6371,364,-0.3182336312995521,162,6
2012-06-11,2012,6,11,6372,489,-0.023025009461420796,163,0
2012-06-12,2012,6,12,6373,542,0.07987850250335336,164,1
2012-06-13,2012,6,13,6374,539,0.07432807197270441,165,2
2012-06-14,2012,6,14,6375,492,-0.016908782443984704,166,3
2012-06-15,2012,6,15,6376,502,0.0032126207554365057,167,4
2012-06-16,2012,6,16,6377,429,-0.15393058000827584,168,5
2012-06-17,2012,6,17,6378,380,-0.2752162462158613,169,6
2012-06-18,2012,6,18,6379,513,0.02488834623447675,170,0
2012-06-19,2012,6,19,6380,491,-0.01894337114177224,171,1
2012-06-20,2012,6,20,6381,509,0.017060517614229952,172,2
2012-06-21,2012,6,21,6382,560,0.1125492847929021,173,3
2012-06-22,2012,6,22,6383,525,0.04801076365533098,174,4
2012-06-23,2012,6,23,6384,418,-0.1799060664115365,175,5
2012-06-24,2012,6,24,6385,398,-0.22893549365185503,176,6
2012-06-25,2012,6,25,6386,475,-0.05207269490165152,177,0
2012-06-26,2012,6,26,6387,547,0.08906130348568847,178,1
2012-06-27,2012,6,27,6388,554,0.10177718781099099,179,2
2012-06-28,2012,6,28,6389,550,0.09453077929022377,180,3
2012-06-29,2012,6,29,6390,528,0.053708784769968605,181,4
2012-06-30,2012,6,30,6391,384,-0.2647449463485659,182,5
2012-07-01,2012,7,1,6392,435,-0.1400414678476087,183,6
2012-07-02,2012,7,2,6393,466,-0.07120186481064687,184,0
2012-07-03,2012,7,3,6394,519,0.03651638422959586,185,1
2012-07-04,2012,7,4,6395,538,0.07247106122549156,186,2
2012-07-05,2012,7,5,6396,549,0.09271094257323789,187,3
2012-07-06,2012,7,6,6397,504,0.007188769135075929,188,4
2012-07-07,2012,7,7,6398,424,-0.16565404370433506,189,5
2012-07-08,2012,7,8,6399,423,-0.16801531989001484,190,6
2012-07-09,2012,7,9,6400,473,-0.056292110444359764,191,0
2012-07-10,2012,7,10,6401,567,0.12497180479145936,192,1
2012-07-11,2012,7,11,6402,510,0.019023226782078777,193,2
2012-07-12,2012,7,12,6403,515,0.028779401727443366,194,3
2012-07-13,2012,7,13,6404,538,0.07247106122549156,195,4
2012-07-14,2012,7,14,6405,408,-0.204120324532131,196,5
2012-07-15,2012,7,15,6406,407,-0.20657431349369773,197,6
2012-07-16,2012,7,16,6407,474,-0.05418017724121624,198,0
2012-07-17,2012,7,17,6408,517,0.03265537557213635,199,1
2012-07-18,2012,7,18,6409,512,0.02293712610321511,200,2
2012-07-19,2012,7,19,6410,502,0.0032126207554365057,201,3
2012-07-20,2012,7,20,6411,555,0.10358061481014179,202,4
2012-07-21,2012,7,21,6412,401,-0.22142607162972353,203,5
2012-07-22,2012,7,22,6413,410,-0.1992303392379392,204,6
2012-07-23,2012,7,23,6414,485,-0.031238607998809516,205,0
2012-07-24,2012,7,24,6415,557,0.1071777409909913,206,1
2012-07-25,2012,7,25,6416,572,0.1337514924435051,207,2
2012-07-26,2012,7,26,6417,506,0.01114917035117286,208,3
2012-07-27,2012,7,27,6418,554,0.10177718781099099,209,4
2012-07-28,2012,7,28,6419,456,-0.09289468942190668,210,5
2012-07-29,2012,7,29,6420,401,-0.22142607162972353,211,6
2012-07-30,2012,7,30,6421,501,0.0012186021485719963,212,0
2012-07-31,2012,7,31,6422,530,0.05748950760987465,213,1
2012-08-01,2012,8,1,6423,584,0.15451348389193428,214,2
2012-08-02,2012,8,2,6424,520,0.038441312639180374,215,3
2012-08-03,2012,8,3,6425,542,0.07987850250335336,216,4
2012-08-04,2012,8,4,6426,434,-0.14234296483588793,217,5
2012-08-05,2012,8,5,6427,395,-0.23650173403517086,218,6
2012-08-06,2012,8,6,6428,500,-0.0007794005141010613,219,0
2012-08-07,2012,8,7,6429,534,0.06500834002390198,220,1
2012-08-08,2012,8,8,6430,568,0.12673391978485854,221,2
2012-08-09,2012,8,9,6431,524,0.04610418538474929,222,3
2012-08-10,2012,8,10,6432,545,0.08539829572695133,223,4
2012-08-11,2012,8,11,6433,428,-0.156264303354496,224,5
2012-08-12,2012,8,12,6434,406,-0.20903433933456006,225,6
2012-08-13,2012,8,13,6435,496,-0.008811572211365326,226,0
2012-08-14,2012,8,14,6436,545,0.08539829572695133,227,1
2012-08-15,2012,8,15,6437,553,0.09997050258604206,228,2
2012-08-16,2012,8,16,6438,530,0.05748950760987465,229,3
2012-08-17,2012,8,17,6439,531,0.05937452230564608,230,4
2012-08-18,2012,8,18,6440,457,-0.09070410804208806,231,5
2012-08-19,2012,8,19,6441,421,-0.1727546652539114,232,6
2012-08-20,2012,8,20,6442,553,0.09997050258604206,233,0
2012-08-21,2012,8,21,6443,536,0.06874666213450913,234,1
2012-08-22,2012,8,22,6444,550,0.09453077929022377,235,2
2012-08-23,2012,8,23,6445,523,0.04419396512863013,236,3
2012-08-24,2012,8,24,6446,521,0.040362542817074146,237,4
2012-08-25,2012,8,25,6447,470,-0.06265480423218847,238,5
2012-08-26,2012,8,26,6448,407,-0.20657431349369773,239,6
2012-08-27,2012,8,27,6449,461,-0.08198945593964423,240,0
2012-08-28,2012,8,28,6450,514,0.02683576651887243,241,1
2012-08-29,2012,8,29,6451,545,0.08539829572695133,242,2
2012-08-30,2012,8,30,6452,553,0.09997050258604206,243,3
2012-08-31,2012,8,31,6453,539,0.07432807197270441,244,4
2012-09-01,2012,9,1,6454,392,-0.2441256591458302,245,5
2012-09-02,2012,9,2,6455,413,-0.1919399059752601,246,6
2012-09-03,2012,9,3,6456,509,0.017060517614229952,247,0
2012-09-04,2012,9,4,6457,556,0.10538079531428955,248,1
2012-09-05,2012,9,5,6458,521,0.040362542817074146,249,2
2012-09-06,2012,9,6,6459,521,0.040362542817074146,250,3
2012-09-07,2012,9,7,6460,536,0.06874666213450913,251,4
2012-09-08,2012,9,8,6461,438,-0.13316858855984665,252,5
2012-09-09,2012,9,9,6462,387,-0.25696280590651094,253,6
2012-09-10,2012,9,10,6463,554,0.10177718781099099,254,0
2012-09-11,2012,9,11,6464,534,0.06500834002390198,255,1
2012-09-12,2012,9,12,6465,555,0.10358061481014179,256,2
2012-09-13,2012,9,13,6466,566,0.12320657926689012,257,3
2012-09-14,2012,9,14,6467,595,0.17317390660933707,258,4
2012-09-15,2012,9,15,6468,414,-0.18952152511097844,259,5
2012-09-16,2012,9,16,6469,438,-0.13316858855984665,260,6
2012-09-17,2012,9,17,6470,520,0.038441312639180374,261,0
2012-09-18,2012,9,18,6471,589,0.163038684715294,262,1
2012-09-19,2012,9,19,6472,566,0.12320657926689012,263,2
2012-09-20,2012,9,20,6473,559,0.11076197421880644,264,3
2012-09-21,2012,9,21,6474,567,0.12497180479145936,265,4
2012-09-22,2012,9,22,6475,436,-0.13774525558725847,266,5
2012-09-23,2012,9,23,6476,435,-0.1400414678476087,267,6
2012-09-24,2012,9,24,6477,550,0.09453077929022377,268,0
2012-09-25,2012,9,25,6478,542,0.07987850250335336,269,1
2012-09-26,2012,9,26,6479,528,0.053708784769968605,270,2
2012-09-27,2012,9,27,6480,536,0.06874666213450913,271,3
2012-09-28,2012,9,28,6481,522,0.04228008894634606,272,4
2012-09-29,2012,9,29,6482,433,-0.14464977093380296,273,5
2012-09-30,2012,9,30,6483,405,-0.21150043182975356,274,6
2012-10-01,2012,10,1,6484,495,-0.01082973636760251,275,0
2012-10-02,2012,10,2,6485,527,0.051813049605069564,276,1
2012-10-03,2012,10,3,6486,514,0.02683576651887243,277,2
2012-10-04,2012,10,4,6487,476,-0.04996964470487272,278,3
2012-10-05,2012,10,5,6488,538,0.07247106122549156,279,4
2012-10-06,2012,10,6,6489,431,-0.149279408832545,280,5
2012-10-07,2012,10,7,6490,405,-0.21150043182975356,281,6
2012-10-08,2012,10,8,6491,495,-0.01082973636760251,282,0
2012-10-09,2012,10,9,6492,509,0.017060517614229952,283,1
2012-10-10,2012,10,10,6493,543,0.08172182099764269,284,2
2012-10-11,2012,10,11,6494,524,0.04610418538474929,285,3
2012-10-12,2012,10,12,6495,535,0.0668792479597138,286,4
2012-10-13,2012,10,13,6496,399,-0.22642608204642928,287,5
2012-10-14,2012,10,14,6497,412,-0.19436414958676645,288,6
2012-10-15,2012,10,15,6498,483,-0.03537084528372003,289,0
2012-10-16,2012,10,16,6499,535,0.0668792479597138,290,1
2012-10-17,2012,10,17,6500,497,-0.006797472839664082,291,2
2012-10-18,2012,10,18,6501,536,0.06874666213450913,292,3
2012-10-19,2012,10,19,6502,527,0.051813049605069564,293,4
2012-10-20,2012,10,20,6503,415,-0.18710897870559454,294,5
2012-10-21,2012,10,21,6504,355,-0.34326970946087704,295,6
2012-10-22,2012,10,22,6505,528,0.053708784769968605,296,0
2012-10-23,2012,10,23,6506,503,0.005202671163446407,297,1
2012-10-24,2012,10,24,6507,534,0.06500834002390198,298,2
2012-10-25,2012,10,25,6508,491,-0.01894337114177224,299,3
2012-10-26,2012,10,26,6509,503,0.005202671163446407,300,4
2012-10-27,2012,10,27,6510,415,-0.18710897870559454,301,5
2012-10-28,2012,10,28,6511,413,-0.1919399059752601,302,6
2012-10-29,2012,10,29,6512,495,-0.01082973636760251,303,0
2012-10-30,2012,10,30,6513,545,0.08539829572695133,304,1
2012-10-31,2012,10,31,6514,521,0.040362542817074146,305,2
2012-11-01,2012,11,1,6515,568,0.12673391978485854,306,3
2012-11-02,2012,11,2,6516,522,0.04228008894634606,307,4
2012-11-03,2012,11,3,6517,399,-0.22642608204642928,308,5
2012-11-04,2012,11,4,6518,369,-0.3045908548957656,309,6
2012-11-05,2012,11,5,6519,466,-0.07120186481064687,310,0
2012-11-06,2012,11,6,6520,526,0.04991371380141699,311,1
2012-11-07,2012,11,7,6521,532,0.06125599040535152,312,2
2012-11-08,2012,11,8,6522,529,0.05560093292200662,313,3
2012-11-09,2012,11,9,6523,530,0.05748950760987465,314,4
2012-11-10,2012,11,10,6524,398,-0.22893549365185503,315,5
2012-11-11,2012,11,11,6525,390,-0.24924075981260063,316,6
2012-11-12,2012,11,12,6526,483,-0.03537084528372003,317,0
2012-11-13,2012,11,13,6527,507,0.01312350465489037,318,1
2012-11-14,2012,11,14,6528,496,-0.008811572211365326,319,2
2012-11-15,2012,11,15,6529,498,-0.0047874219116398825,320,3
2012-11-16,2012,11,16,6530,527,0.051813049605069564,321,4
2012-11-17,2012,11,17,6531,406,-0.20903433933456006,322,5
2012-11-18,2012,11,18,6532,362,-0.32374328711052175,323,6
2012-11-19,2012,11,19,6533,458,-0.0885183148221078,324,0
2012-11-20,2012,11,20,6534,514,0.02683576651887243,325,1
2012-11-21,2012,11,21,6535,472,-0.05840851335073735,326,2
2012-11-22,2012,11,22,6536,489,-0.023025009461420796,327,3
2012-11-23,2012,11,23,6537,496,-0.008811572211365326,328,4
2012-11-24,2012,11,24,6538,393,-0.2415778870670315,329,5
2012-11-25,2012,11,25,6539,350,-0.3574543444528335,330,6
2012-11-26,2012,11,26,6540,486,-0.02917887503579906,331,0
2012-11-27,2012,11,27,6541,503,0.005202671163446407,332,1
2012-11-28,2012,11,28,6542,500,-0.0007794005141010613,333,2
2012-11-29,2012,11,29,6543,511,0.020982091267411646,334,3
2012-11-30,2012,11,30,6544,515,0.028779401727443366,335,4
2012-12-01,2012,12,1,6545,415,-0.18710897870559454,336,5
2012-12-02,2012,12,2,6546,347,-0.36606271898943366,337,6
2012-12-03,2012,12,3,6547,469,-0.06478473049001338,338,0
2012-12-04,2012,12,4,6548,448,-0.1105942665213076,339,1
2012-12-05,2012,12,5,6549,402,-0.21893541031727165,340,2
2012-12-06,2012,12,6,6550,492,-0.016908782443984704,341,3
2012-12-07,2012,12,7,6551,551,0.09634731021662175,342,4
2012-12-08,2012,12,8,6552,351,-0.354601275470427,343,5
2012-12-09,2012,12,9,6553,376,-0.28579835554639826,344,6
2012-12-10,2012,12,10,6554,440,-0.12861277202398594,345,0
2012-12-11,2012,12,11,6555,451,-0.10392015943361442,346,1
2012-12-12,2012,12,12,6556,569,0.1284929351900382,347,2
2012-12-13,2012,12,13,6557,518,0.03458774332319039,348,3
2012-12-14,2012,12,14,6558,463,-0.07766044485005867,349,4
2012-12-15,2012,12,15,6559,378,-0.2804933033167051,350,5
2012-12-16,2012,12,16,6560,362,-0.32374328711052175,351,6
2012-12-17,2012,12,17,6561,416,-0.18470223867502955,352,0
2012-12-18,2012,12,18,6562,488,-0.025072093083145647,353,1
2012-12-19,2012,12,19,6563,480,-0.04160139503435611,354,2
2012-12-20,2012,12,20,6564,520,0.038441312639180374,355,3
2012-12-21,2012,12,21,6565,546,0.08723147680861221,356,4
2012-12-22,2012,12,22,6566,375,-0.2884614729658819,357,5
2012-12-23,2012,12,23,6567,351,-0.354601275470427,358,6
2012-12-24,2012,12,24,6568,477,-0.04787100804795151,359,0
2012-12-25,2012,12,25,6569,328,-0.42237389055214897,360,1
2012-12-26,2012,12,26,6570,333,-0.40724500895584886,361,2
2012-12-27,2012,12,27,6571,464,-0.07550294671003747,362,3
2012-12-28,2012,12,28,6572,597,0.1765296144563094,363,4
2012-12-29,2012,12,29,6573,435,-0.1400414678476087,364,5
2012-12-30,2012,12,30,6574,393,-0.2415778870670315,365,6
2012-12-31,2012,12,31,6575,394,-0.23903658963835892,366,0
2013-01-01,2013,1,1,6576,377,-0.283142311488282,1,1
2013-01-02,2013,1,2,6577,495,-0.01082973636760251,2,2
2013-01-03,2013,1,3,6578,547,0.08906130348568847,3,3
2013-01-04,2013,1,4,6579,585,0.1562243482955638,4,4
2013-01-05,2013,1,5,6580,399,-0.22642608204642928,5,5
2013-01-06,2013,1,6,6581,382,-0.26996689032971755,6,6
2013-01-07,2013,1,7,6582,466,-0.07120186481064687,7,0
2013-01-08,2013,1,8,6583,504,0.007188769135075929,8,1
2013-01-09,2013,1,9,6584,493,-0.014878324893602708,9,2
2013-01-10,2013,1,10,6585,536,0.06874666213450913,10,3
2013-01-11,2013,1,11,6586,534,0.06500834002390198,11,4
2013-01-12,2013,1,12,6587,409,-0.20167234289349095,12,5
2013-01-13,2013,1,13,6588,362,-0.32374328711052175,13,6
2013-01-14,2013,1,14,6589,494,-0.012851981748370309,14,0
2013-01-15,2013,1,15,6590,455,-0.09509007998534234,15,1
2013-01-16,2013,1,16,6591,488,-0.025072093083145647,16,2
2013-01-17,2013,1,17,6592,488,-0.025072093083145647,17,3
2013-01-18,2013,1,18,6593,506,0.01114917035117286,18,4
2013-01-19,2013,1,19,6594,399,-0.22642608204642928,19,5
2013-01-20,2013,1,20,6595,371,-0.29918543632885763,20,6
2013-01-21,2013,1,21,6596,462,-0.0798226078545539,21,0
2013-01-22,2013,1,22,6597,500,-0.0007794005141010613,22,1
2013-01-23,2013,1,23,6598,505,0.009170930339067029,23,2
2013-01-24,2013,1,24,6599,471,-0.060529404919874984,24,3
2013-01-25,2013,1,25,6600,523,0.04419396512863013,25,4
2013-01-26,2013,1,26,6601,401,-0.22142607162972353,26,5
2013-01-27,2013,1,27,6602,348,-0.3631850191618185,27,6
2013-01-28,2013,1,28,6603,454,-0.09729030089494478,28,0
2013-01-29,2013,1,29,6604,545,0.08539829572695133,29,1
2013-01-30,2013,1,30,6605,507,0.01312350465489037,30,2
2013-01-31,2013,1,31,6606,520,0.038441312639180374,31,3
2013-02-01,2013,2,1,6607,542,0.07987850250335336,32,4
2013-02-02,2013,2,2,6608,401,-0.22142607162972353,33,5
2013-02-03,2013,2,3,6609,379,-0.2778512938538664,34,6
2013-02-04,2013,2,4,6610,451,-0.10392015943361442,35,0
2013-02-05,2013,2,5,6611,516,0.03071926654527006,36,1
2013-02-06,2013,2,6,6612,519,0.03651638422959586,37,2
2013-02-07,2013,2,7,6613,461,-0.08198945593964423,38,3
2013-02-08,2013,2,8,6614,499,-0.00278140318477414,39,4
2013-02-09,2013,2,9,6615,371,-0.29918543632885763,40,5
2013-02-10,2013,2,10,6616,351,-0.354601275470427,41,6
2013-02-11,2013,2,11,6617,458,-0.0885183148221078,42,0
2013-02-12,2013,2,12,6618,470,-0.06265480423218847,43,1
2013-02-13,2013,2,13,6619,464,-0.07550294671003747,44,2
2013-02-14,2013,2,14,6620,502,0.0032126207554365057,45,3
2013-02-15,2013,2,15,6621,476,-0.04996964470487272,46,4
2013-02-16,2013,2,16,6622,390,-0.24924075981260063,47,5
2013-02-17,2013,2,17,6623,367,-0.3100256508817225,48,6
2013-02-18,2013,2,18,6624,432,-0.14696191069218248,49,0
2013-02-19,2013,2,19,6625,524,0.04610418538474929,50,1
2013-02-20,2013,2,20,6626,542,0.07987850250335336,51,2
2013-02-21,2013,2,21,6627,464,-0.07550294671003747,52,3
2013-02-22,2013,2,22,6628,481,-0.03952022883053154,53,4
2013-02-23,2013,2,23,6629,402,-0.21893541031727165,54,5
2013-02-24,2013,2,24,6630,329,-0.41932974817092084,55,6
2013-02-25,2013,2,25,6631,465,-0.07335009334893643,56,0
2013-02-26,2013,2,26,6632,474,-0.05418017724121624,57,1
2013-02-27,2013,2,27,6633,498,-0.0047874219116398825,58,2
2013-02-28,2013,2,28,6634,511,0.020982091267411646,59,3
2013-03-01,2013,3,1,6635,519,0.03651638422959586,60,4
2013-03-02,2013,3,2,6636,390,-0.24924075981260063,61,5
2013-03-03,2013,3,3,6637,352,-0.35175632333819573,62,6
2013-03-04,2013,3,4,6638,442,-0.12407761685859466,63,0
2013-03-05,2013,3,5,6639,493,-0.014878324893602708,64,1
2013-03-06,2013,3,6,6640,530,0.05748950760987465,65,2
2013-03-07,2013,3,7,6641,484,-0.03330259221966101,66,3
2013-03-08,2013,3,8,6642,516,0.03071926654527006,67,4
2013-03-09,2013,3,9,6643,388,-0.2543821593130193,68,5
2013-03-10,2013,3,10,6644,375,-0.2884614729658819,69,6
2013-03-11,2013,3,11,6645,451,-0.10392015943361442,70,0
2013-03-12,2013,3,12,6646,489,-0.023025009461420796,71,1
2013-03-13,2013,3,13,6647,491,-0.01894337114177224,72,2
2013-03-14,2013,3,14,6648,522,0.04228008894634606,73,3
2013-03-15,2013,3,15,6649,484,-0.03330259221966101,74,4
2013-03-16,2013,3,16,6650,377,-0.283142311488282,75,5
2013-03-17,2013,3,17,6651,378,-0.2804933033167051,76,6
2013-03-18,2013,3,18,6652,505,0.009170930339067029,77,0
2013-03-19,2013,3,19,6653,503,0.005202671163446407,78,1
2013-03-20,2013,3,20,6654,457,-0.09070410804208806,79,2
2013-03-21,2013,3,21,6655,483,-0.03537084528372003,80,3
2013-03-22,2013,3,22,6656,505,0.009170930339067029,81,4
2013-03-23,2013,3,23,6657,386,-0.2595501294714619,82,5
2013-03-24,2013,3,24,6658,350,-0.3574543444528335,83,6
2013-03-25,2013,3,25,6659,466,-0.07120186481064687,84,0
2013-03-26,2013,3,26,6660,511,0.020982091267411646,85,1
2013-03-27,2013,3,27,6661,480,-0.04160139503435611,86,2
2013-03-28,2013,3,28,6662,509,0.017060517614229952,87,3
2013-03-29,2013,3,29,6663,491,-0.01894337114177224,88,4
2013-03-30,2013,3,30,6664,411,-0.1967942844400581,89,5
2013-03-31,2013,3,31,6665,329,-0.41932974817092084,90,6
2013-04-01,2013,4,1,6666,374,-0.2911317015217608,91,0
2013-04-02,2013,4,2,6667,459,-0.0863372888757476,92,1
2013-04-03,2013,4,3,6668,509,0.017060517614229952,93,2
2013-04-04,2013,4,4,6669,577,0.14245476757180686,94,3
2013-04-05,2013,4,5,6670,540,0.07618164062202722,95,4
2013-04-06,2013,4,6,6671,408,-0.204120324532131,96,5
2013-04-07,2013,4,7,6672,343,-0.3776570517703529,97,6
2013-04-08,2013,4,8,6673,464,-0.07550294671003747,98,0
2013-04-09,2013,4,9,6674,475,-0.05207269490165152,99,1
2013-04-10,2013,4,10,6675,504,0.007188769135075929,100,2
2013-04-11,2013,4,11,6676,496,-0.008811572211365326,101,3
2013-04-12,2013,4,12,6677,480,-0.04160139503435611,102,4
2013-04-13,2013,4,13,6678,406,-0.20903433933456006,103,5
2013-04-14,2013,4,14,6679,344,-0.3747458415628945,104,6
2013-04-15,2013,4,15,6680,487,-0.027123375853703034,105,0
2013-04-16,2013,4,16,6681,474,-0.05418017724121624,106,1
2013-04-17,2013,4,17,6682,457,-0.09070410804208806,107,2
2013-04-18,2013,4,18,6683,502,0.0032126207554365057,108,3
2013-04-19,2013,4,19,6684,476,-0.04996964470487272,109,4
2013-04-20,2013,4,20,6685,407,-0.20657431349369773,110,5
2013-04-21,2013,4,21,6686,377,-0.283142311488282,111,6
2013-04-22,2013,4,22,6687,489,-0.023025009461420796,112,0
2013-04-23,2013,4,23,6688,476,-0.04996964470487272,113,1
2013-04-24,2013,4,24,6689,499,-0.00278140318477414,114,2
2013-04-25,2013,4,25,6690,496,-0.008811572211365326,115,3
2013-04-26,2013,4,26,6691,512,0.02293712610321511,116,4
2013-04-27,2013,4,27,6692,406,-0.20903433933456006,117,5
2013-04-28,2013,4,28,6693,388,-0.2543821593130193,118,6
2013-04-29,2013,4,29,6694,496,-0.008811572211365326,119,0
2013-04-30,2013,4,30,6695,372,-0.2964936446631462,120,1
2013-05-01,2013,5,1,6696,470,-0.06265480423218847,121,2
2013-05-02,2013,5,2,6697,493,-0.014878324893602708,122,3
2013-05-03,2013,5,3,6698,519,0.03651638422959586,123,4
2013-05-04,2013,5,4,6699,405,-0.21150043182975356,124,5
2013-05-05,2013,5,5,6700,396,-0.2339732876818122,125,6
2013-05-06,2013,5,6,6701,502,0.0032126207554365057,126,0
2013-05-07,2013,5,7,6702,518,0.03458774332319039,127,1
2013-05-08,2013,5,8,6703,521,0.040362542817074146,128,2
2013-05-09,2013,5,9,6704,382,-0.26996689032971755,129,3
2013-05-10,2013,5,10,6705,479,-0.043686901525377485,130,4
2013-05-11,2013,5,11,6706,407,-0.20657431349369773,131,5
2013-05-12,2013,5,12,6707,361,-0.32650954060341186,132,6
2013-05-13,2013,5,13,6708,454,-0.09729030089494478,133,0
2013-05-14,2013,5,14,6709,489,-0.023025009461420796,134,1
2013-05-15,2013,5,15,6710,426,-0.1609481526669224,135,2
2013-05-16,2013,5,16,6711,543,0.08172182099764269,136,3
2013-05-17,2013,5,17,6712,521,0.040362542817074146,137,4
2013-05-18,2013,5,18,6713,385,-0.26214416464850854,138,5
2013-05-19,2013,5,19,6714,399,-0.22642608204642928,139,6
2013-05-20,2013,5,20,6715,354,-0.34609058580251834,140,0
2013-05-21,2013,5,21,6716,465,-0.07335009334893643,141,1
2013-05-22,2013,5,22,6717,504,0.007188769135075929,142,2
2013-05-23,2013,5,23,6718,493,-0.014878324893602708,143,3
2013-05-24,2013,5,24,6719,492,-0.016908782443984704,144,4
2013-05-25,2013,5,25,6720,379,-0.2778512938538664,145,5
2013-05-26,2013,5,26,6721,416,-0.18470223867502955,146,6
2013-05-27,2013,5,27,6722,471,-0.060529404919874984,147,0
2013-05-28,2013,5,28,6723,502,0.0032126207554365057,148,1
2013-05-29,2013,5,29,6724,503,0.005202671163446407,149,2
2013-05-30,2013,5,30,6725,463,-0.07766044485005867,150,3
2013-05-31,2013,5,31,6726,465,-0.07335009334893643,151,4
2013-06-01,2013,6,1,6727,412,-0.19436414958676645,152,5
2013-06-02,2013,6,2,6728,358,-0.3348545125355925,153,6
2013-06-03,2013,6,3,6729,446,-0.11506854691622871,154,0
2013-06-04,2013,6,4,6730,507,0.01312350465489037,155,1
2013-06-05,2013,6,5,6731,521,0.040362542817074146,156,2
2013-06-06,2013,6,6,6732,513,0.02488834623447675,157,3
2013-06-07,2013,6,7,6733,522,0.04228008894634606,158,4
2013-06-08,2013,6,8,6734,422,-0.170382184900281,159,5
2013-06-09,2013,6,9,6735,358,-0.3348545125355925,160,6
2013-06-10,2013,6,10,6736,517,0.03265537557213635,161,0
2013-06-11,2013,6,11,6737,467,-0.06905824126739543,162,1
2013-06-12,2013,6,12,6738,512,0.02293712610321511,163,2
2013-06-13,2013,6,13,6739,503,0.005202671163446407,164,3
2013-06-14,2013,6,14,6740,512,0.02293712610321511,165,4
2013-06-15,2013,6,15,6741,421,-0.1727546652539114,166,5
2013-06-16,2013,6,16,6742,374,-0.2911317015217608,167,6
2013-06-17,2013,6,17,6743,492,-0.016908782443984704,168,0
2013-06-18,2013,6,18,6744,489,-0.023025009461420796,169,1
2013-06-19,2013,6,19,6745,530,0.05748950760987465,170,2
2013-06-20,2013,6,20,6746,502,0.0032126207554365057,171,3
2013-06-21,2013,6,21,6747,513,0.02488834623447675,172,4
2013-06-22,2013,6,22,6748,420,-0.17513278765887882,173,5
2013-06-23,2013,6,23,6749,400,-0.22392295182831073,174,6
2013-06-24,2013,6,24,6750,518,0.03458774332319039,175,0
2013-06-25,2013,6,25,6751,504,0.007188769135075929,176,1
2013-06-26,2013,6,26,6752,505,0.009170930339067029,177,2
2013-06-27,2013,6,27,6753,495,-0.01082973636760251,178,3
2013-06-28,2013,6,28,6754,500,-0.0007794005141010613,179,4
2013-06-29,2013,6,29,6755,446,-0.11506854691622871,180,5
2013-06-30,2013,6,30,6756,418,-0.1799060664115365,181,6
2013-07-01,2013,7,1,6757,496,-0.008811572211365326,182,0
2013-07-02,2013,7,2,6758,529,0.05560093292200662,183,1
2013-07-03,2013,7,3,6759,558,0.10897146344501811,184,2
2013-07-04,2013,7,4,6760,510,0.019023226782078777,185,3
2013-07-05,2013,7,5,6761,559,0.11076197421880644,186,4
2013-07-06,2013,7,6,6762,403,-0.21645093698960974,187,5
2013-07-07,2013,7,7,6763,419,-0.1775165790141551,188,6
2013-07-08,2013,7,8,6764,524,0.04610418538474929,189,0
2013-07-09,2013,7,9,6765,574,0.1372418973832736,190,1
2013-07-10,2013,7,10,6766,570,0.13024886189230303,191,2
2013-07-11,2013,7,11,6767,510,0.019023226782078777,192,3
2013-07-12,2013,7,12,6768,555,0.10358061481014179,193,4
2013-07-13,2013,7,13,6769,478,-0.04577676644483675,194,5
2013-07-14,2013,7,14,6770,448,-0.1105942665213076,195,6
2013-07-15,2013,7,15,6771,479,-0.043686901525377485,196,0
2013-07-16,2013,7,16,6772,555,0.10358061481014179,197,1
2013-07-17,2013,7,17,6773,556,0.10538079531428955,198,2
2013-07-18,2013,7,18,6774,523,0.04419396512863013,199,3
2013-07-19,2013,7,19,6775,533,0.06313392522955179,200,4
2013-07-20,2013,7,20,6776,456,-0.09289468942190668,201,5
2013-07-21,2013,7,21,6777,425,-0.163298330011876,202,6
2013-07-22,2013,7,22,6778,527,0.051813049605069564,203,0
2013-07-23,2013,7,23,6779,558,0.10897146344501811,204,1
2013-07-24,2013,7,24,6780,568,0.12673391978485854,205,2
2013-07-25,2013,7,25,6781,563,0.11789212920339767,206,3
2013-07-26,2013,7,26,6782,552,0.09816054734080248,207,4
2013-07-27,2013,7,27,6783,414,-0.18952152511097844,208,5
2013-07-28,2013,7,28,6784,417,-0.18230127713749136,209,6
2013-07-29,2013,7,29,6785,499,-0.00278140318477414,210,0
2013-07-30,2013,7,30,6786,515,0.028779401727443366,211,1
2013-07-31,2013,7,31,6787,534,0.06500834002390198,212,2
2013-08-01,2013,8,1,6788,543,0.08172182099764269,213,3
2013-08-02,2013,8,2,6789,564,0.11966675256176608,214,4
2013-08-03,2013,8,3,6790,403,-0.21645093698960974,215,5
2013-08-04,2013,8,4,6791,387,-0.25696280590651094,216,6
2013-08-05,2013,8,5,6792,501,0.0012186021485719963,217,0
2013-08-06,2013,8,6,6793,580,0.14764060460417222,218,1
2013-08-07,2013,8,7,6794,511,0.020982091267411646,219,2
2013-08-08,2013,8,8,6795,495,-0.01082973636760251,220,3
2013-08-09,2013,8,9,6796,570,0.13024886189230303,221,4
2013-08-10,2013,8,10,6797,421,-0.1727546652539114,222,5
2013-08-11,2013,8,11,6798,370,-0.30188449329802264,223,6
2013-08-12,2013,8,12,6799,558,0.10897146344501811,224,0
2013-08-13,2013,8,13,6800,538,0.07247106122549156,225,1
2013-08-14,2013,8,14,6801,520,0.038441312639180374,226,2
2013-08-15,2013,8,15,6802,539,0.07432807197270441,227,3
2013-08-16,2013,8,16,6803,571,0.1320017107197175,228,4
2013-08-17,2013,8,17,6804,440,-0.12861277202398594,229,5
2013-08-18,2013,8,18,6805,404,-0.21397262097514264,230,6
2013-08-19,2013,8,19,6806,526,0.04991371380141699,231,0
2013-08-20,2013,8,20,6807,569,0.1284929351900382,232,1
2013-08-21,2013,8,21,6808,489,-0.023025009461420796,233,2
2013-08-22,2013,8,22,6809,541,0.07803177991018878,234,3
2013-08-23,2013,8,23,6810,547,0.08906130348568847,235,4
2013-08-24,2013,8,24,6811,427,-0.15860348570766825,236,5
2013-08-25,2013,8,25,6812,365,-0.31549014535380127,237,6
2013-08-26,2013,8,26,6813,466,-0.07120186481064687,238,0
2013-08-27,2013,8,27,6814,473,-0.056292110444359764,239,1
2013-08-28,2013,8,28,6815,548,0.0908877880117227,240,2
2013-08-29,2013,8,29,6816,504,0.007188769135075929,241,3
2013-08-30,2013,8,30,6817,577,0.14245476757180686,242,4
2013-08-31,2013,8,31,6818,400,-0.22392295182831073,243,5
2013-09-01,2013,9,1,6819,403,-0.21645093698960974,244,6
2013-09-02,2013,9,2,6820,478,-0.04577676644483675,245,0
2013-09-03,2013,9,3,6821,550,0.09453077929022377,246,1
2013-09-04,2013,9,4,6822,520,0.038441312639180374,247,2
2013-09-05,2013,9,5,6823,492,-0.016908782443984704,248,3
2013-09-06,2013,9,6,6824,554,0.10177718781099099,249,4
2013-09-07,2013,9,7,6825,445,-0.11731321677005256,250,5
2013-09-08,2013,9,8,6826,404,-0.21397262097514264,251,6
2013-09-09,2013,9,9,6827,544,0.08356174791964978,252,0
2013-09-10,2013,9,10,6828,556,0.10538079531428955,253,1
2013-09-11,2013,9,11,6829,523,0.04419396512863013,254,2
2013-09-12,2013,9,12,6830,569,0.1284929351900382,255,3
2013-09-13,2013,9,13,6831,524,0.04610418538474929,256,4
2013-09-14,2013,9,14,6832,432,-0.14696191069218248,257,5
2013-09-15,2013,9,15,6833,379,-0.2778512938538664,258,6
2013-09-16,2013,9,16,6834,505,0.009170930339067029,259,0
2013-09-17,2013,9,17,6835,561,0.11433340658640359,260,1
2013-09-18,2013,9,18,6836,569,0.1284929351900382,261,2
2013-09-19,2013,9,19,6837,579,0.14591497863670255,262,3
2013-09-20,2013,9,20,6838,558,0.10897146344501811,263,4
2013-09-21,2013,9,21,6839,444,-0.11956293650406802,264,5
2013-09-22,2013,9,22,6840,419,-0.1775165790141551,265,6
2013-09-23,2013,9,23,6841,513,0.02488834623447675,266,0
2013-09-24,2013,9,24,6842,529,0.05560093292200662,267,1
2013-09-25,2013,9,25,6843,548,0.0908877880117227,268,2
2013-09-26,2013,9,26,6844,532,0.06125599040535152,269,3
2013-09-27,2013,9,27,6845,531,0.05937452230564608,270,4
2013-09-28,2013,9,28,6846,401,-0.22142607162972353,271,5
2013-09-29,2013,9,29,6847,394,-0.23903658963835892,272,6
2013-09-30,2013,9,30,6848,524,0.04610418538474929,273,0
2013-10-01,2013,10,1,6849,573,0.13549821777844687,274,1
2013-10-02,2013,10,2,6850,485,-0.031238607998809516,275,2
2013-10-03,2013,10,3,6851,540,0.07618164062202722,276,3
2013-10-04,2013,10,4,6852,520,0.038441312639180374,277,4
2013-10-05,2013,10,5,6853,418,-0.1799060664115365,278,5
2013-10-06,2013,10,6,6854,393,-0.2415778870670315,279,6
2013-10-07,2013,10,7,6855,453,-0.09949537345325875,280,0
2013-10-08,2013,10,8,6856,538,0.07247106122549156,281,1
2013-10-09,2013,10,9,6857,498,-0.0047874219116398825,282,2
2013-10-10,2013,10,10,6858,496,-0.008811572211365326,283,3
2013-10-11,2013,10,11,6859,510,0.019023226782078777,284,4
2013-10-12,2013,10,12,6860,380,-0.2752162462158613,285,5
2013-10-13,2013,10,13,6861,385,-0.26214416464850854,286,6
2013-10-14,2013,10,14,6862,482,-0.03744338488569241,287,0
2013-10-15,2013,10,15,6863,477,-0.04787100804795151,288,1
2013-10-16,2013,10,16,6864,503,0.005202671163446407,289,2
2013-10-17,2013,10,17,6865,498,-0.0047874219116398825,290,3
2013-10-18,2013,10,18,6866,488,-0.025072093083145647,291,4
2013-10-19,2013,10,19,6867,389,-0.25180815531784645,292,5
2013-10-20,2013,10,20,6868,354,-0.34609058580251834,293,6
2013-10-21,2013,10,21,6869,471,-0.060529404919874984,294,0
2013-10-22,2013,10,22,6870,471,-0.060529404919874984,295,1
2013-10-23,2013,10,23,6871,481,-0.03952022883053154,296,2
2013-10-24,2013,10,24,6872,503,0.005202671163446407,297,3
2013-10-25,2013,10,25,6873,480,-0.04160139503435611,298,4
2013-10-26,2013,10,26,6874,403,-0.21645093698960974,299,5
2013-10-27,2013,10,27,6875,374,-0.2911317015217608,300,6
2013-10-28,2013,10,28,6876,444,-0.11956293650406802,301,0
2013-10-29,2013,10,29,6877,459,-0.0863372888757476,302,1
2013-10-30,2013,10,30,6878,457,-0.09070410804208806,303,2
2013-10-31,2013,10,31,6879,495,-0.01082973636760251,304,3
2013-11-01,2013,11,1,6880,509,0.017060517614229952,305,4
2013-11-02,2013,11,2,6881,393,-0.2415778870670315,306,5
2013-11-03,2013,11,3,6882,369,-0.3045908548957656,307,6
2013-11-04,2013,11,4,6883,432,-0.14696191069218248,308,0
2013-11-05,2013,11,5,6884,457,-0.09070410804208806,309,1
2013-11-06,2013,11,6,6885,521,0.040362542817074146,310,2
2013-11-07,2013,11,7,6886,470,-0.06265480423218847,311,3
2013-11-08,2013,11,8,6887,550,0.09453077929022377,312,4
2013-11-09,2013,11,9,6888,396,-0.2339732876818122,313,5
2013-11-10,2013,11,10,6889,399,-0.22642608204642928,314,6
2013-11-11,2013,11,11,6890,454,-0.09729030089494478,315,0
2013-11-12,2013,11,12,6891,507,0.01312350465489037,316,1
2013-11-13,2013,11,13,6892,473,-0.056292110444359764,317,2
2013-11-14,2013,11,14,6893,465,-0.07335009334893643,318,3
2013-11-15,2013,11,15,6894,530,0.05748950760987465,319,4
2013-11-16,2013,11,16,6895,400,-0.22392295182831073,320,5
2013-11-17,2013,11,17,6896,356,-0.34045676808426234,321,6
2013-11-18,2013,11,18,6897,469,-0.06478473049001338,322,0
2013-11-19,2013,11,19,6898,452,-0.10170531910406158,323,1
2013-11-20,2013,11,20,6899,517,0.03265537557213635,324,2
2013-11-21,2013,11,21,6900,490,-0.020982107831620526,325,3
2013-11-22,2013,11,22,6901,531,0.05937452230564608,326,4
2013-11-23,2013,11,23,6902,405,-0.21150043182975356,327,5
2013-11-24,2013,11,24,6903,356,-0.34045676808426234,328,6
2013-11-25,2013,11,25,6904,459,-0.0863372888757476,329,0
2013-11-26,2013,11,26,6905,505,0.009170930339067029,330,1
2013-11-27,2013,11,27,6906,489,-0.023025009461420796,331,2
2013-11-28,2013,11,28,6907,454,-0.09729030089494478,332,3
2013-11-29,2013,11,29,6908,481,-0.03952022883053154,333,4
2013-11-30,2013,11,30,6909,389,-0.25180815531784645,334,5
2013-12-01,2013,12,1,6910,339,-0.38938739155584257,335,6
2013-12-02,2013,12,2,6911,461,-0.08198945593964423,336,0
2013-12-03,2013,12,3,6912,473,-0.056292110444359764,337,1
2013-12-04,2013,12,4,6913,478,-0.04577676644483675,338,2
2013-12-05,2013,12,5,6914,442,-0.12407761685859466,339,3
2013-12-06,2013,12,6,6915,456,-0.09289468942190668,340,4
2013-12-07,2013,12,7,6916,397,-0.2314512182491023,341,5
2013-12-08,2013,12,8,6917,347,-0.36606271898943366,342,6
2013-12-09,2013,12,9,6918,456,-0.09289468942190668,343,0
2013-12-10,2013,12,10,6919,502,0.0032126207554365057,344,1
2013-12-11,2013,12,11,6920,516,0.03071926654527006,345,2
2013-12-12,2013,12,12,6921,513,0.02488834623447675,346,3
2013-12-13,2013,12,13,6922,472,-0.05840851335073735,347,4
2013-12-14,2013,12,14,6923,376,-0.28579835554639826,348,5
2013-12-15,2013,12,15,6924,302,-0.5049604815614231,349,6
2013-12-16,2013,12,16,6925,442,-0.12407761685859466,350,0
2013-12-17,2013,12,17,6926,491,-0.01894337114177224,351,1
2013-12-18,2013,12,18,6927,489,-0.023025009461420796,352,2
2013-12-19,2013,12,19,6928,518,0.03458774332319039,353,3
2013-12-20,2013,12,20,6929,484,-0.03330259221966101,354,4
2013-12-21,2013,12,21,6930,387,-0.25696280590651094,355,5
2013-12-22,2013,12,22,6931,351,-0.354601275470427,356,6
2013-12-23,2013,12,23,6932,506,0.01114917035117286,357,0
2013-12-24,2013,12,24,6933,497,-0.006797472839664082,358,1
2013-12-25,2013,12,25,6934,375,-0.2884614729658819,359,2
2013-12-26,2013,12,26,6935,348,-0.3631850191618185,360,3
2013-12-27,2013,12,27,6936,532,0.06125599040535152,361,4
2013-12-28,2013,12,28,6937,441,-0.12634262348944678,362,5
2013-12-29,2013,12,29,6938,381,-0.2725881238095918,363,6
2013-12-30,2013,12,30,6939,464,-0.07550294671003747,364,0
2013-12-31,2013,12,31,6940,432,-0.14696191069218248,365,1
2014-01-01,2014,1,1,6941,350,-0.3574543444528335,1,2
2014-01-02,2014,1,2,6942,477,-0.04787100804795151,2,3
2014-01-03,2014,1,3,6943,535,0.0668792479597138,3,4
2014-01-04,2014,1,4,6944,395,-0.23650173403517086,4,5
2014-01-05,2014,1,5,6945,384,-0.2647449463485659,5,6
2014-01-06,2014,1,6,6946,503,0.005202671163446407,6,0
2014-01-07,2014,1,7,6947,490,-0.020982107831620526,7,1
2014-01-08,2014,1,8,6948,524,0.04610418538474929,8,2
2014-01-09,2014,1,9,6949,467,-0.06905824126739543,9,3
2014-01-10,2014,1,10,6950,482,-0.03744338488569241,10,4
2014-01-11,2014,1,11,6951,379,-0.2778512938538664,11,5
2014-01-12,2014,1,12,6952,342,-0.38057676187368766,12,6
2014-01-13,2014,1,13,6953,449,-0.10836461119403848,13,0
2014-01-14,2014,1,14,6954,482,-0.03744338488569241,14,1
2014-01-15,2014,1,15,6955,523,0.04419396512863013,15,2
2014-01-16,2014,1,16,6956,483,-0.03537084528372003,16,3
2014-01-17,2014,1,17,6957,513,0.02488834623447675,17,4
2014-01-18,2014,1,18,6958,409,-0.20167234289349095,18,5
2014-01-19,2014,1,19,6959,369,-0.3045908548957656,19,6
2014-01-20,2014,1,20,6960,483,-0.03537084528372003,20,0
2014-01-21,2014,1,21,6961,499,-0.00278140318477414,21,1
2014-01-22,2014,1,22,6962,521,0.040362542817074146,22,2
2014-01-23,2014,1,23,6963,477,-0.04787100804795151,23,3
2014-01-24,2014,1,24,6964,494,-0.012851981748370309,24,4
2014-01-25,2014,1,25,6965,394,-0.23903658963835892,25,5
2014-01-26,2014,1,26,6966,369,-0.3045908548957656,26,6
2014-01-27,2014,1,27,6967,487,-0.027123375853703034,27,0
2014-01-28,2014,1,28,6968,538,0.07247106122549156,28,1
2014-01-29,2014,1,29,6969,519,0.03651638422959586,29,2
2014-01-30,2014,1,30,6970,476,-0.04996964470487272,30,3
2014-01-31,2014,1,31,6971,532,0.06125599040535152,31,4
2014-02-01,2014,2,1,6972,428,-0.156264303354496,32,5
2014-02-02,2014,2,2,6973,414,-0.18952152511097844,33,6
2014-02-03,2014,2,3,6974,464,-0.07550294671003747,34,0
2014-02-04,2014,2,4,6975,527,0.051813049605069564,35,1
2014-02-05,2014,2,5,6976,514,0.02683576651887243,36,2
2014-02-06,2014,2,6,6977,538,0.07247106122549156,37,3
2014-02-07,2014,2,7,6978,516,0.03071926654527006,38,4
2014-02-08,2014,2,8,6979,394,-0.23903658963835892,39,5
2014-02-09,2014,2,9,6980,400,-0.22392295182831073,40,6
2014-02-10,2014,2,10,6981,482,-0.03744338488569241,41,0
2014-02-11,2014,2,11,6982,474,-0.05418017724121624,42,1
2014-02-12,2014,2,12,6983,514,0.02683576651887243,43,2
2014-02-13,2014,2,13,6984,528,0.053708784769968605,44,3
2014-02-14,2014,2,14,6985,574,0.1372418973832736,45,4
2014-02-15,2014,2,15,6986,420,-0.17513278765887882,46,5
2014-02-16,2014,2,16,6987,417,-0.18230127713749136,47,6
2014-02-17,2014,2,17,6988,476,-0.04996964470487272,48,0
2014-02-18,2014,2,18,6989,502,0.0032126207554365057,49,1
2014-02-19,2014,2,19,6990,489,-0.023025009461420796,50,2
2014-02-20,2014,2,20,6991,477,-0.04787100804795151,51,3
2014-02-21,2014,2,21,6992,473,-0.056292110444359764,52,4
2014-02-22,2014,2,22,6993,393,-0.2415778870670315,53,5
2014-02-23,2014,2,23,6994,373,-0.29380907929247724,54,6
2014-02-24,2014,2,24,6995,460,-0.08416100945315207,55,0
2014-02-25,2014,2,25,6996,501,0.0012186021485719963,56,1
2014-02-26,2014,2,26,6997,513,0.02488834623447675,57,2
2014-02-27,2014,2,27,6998,493,-0.014878324893602708,58,3
2014-02-28,2014,2,28,6999,503,0.005202671163446407,59,4
2014-03-01,2014,3,1,7000,395,-0.23650173403517086,60,5
2014-03-02,2014,3,2,7001,380,-0.2752162462158613,61,6
2014-03-03,2014,3,3,7002,496,-0.008811572211365326,62,0
2014-03-04,2014,3,4,7003,520,0.038441312639180374,63,1
2014-03-05,2014,3,5,7004,515,0.028779401727443366,64,2
2014-03-06,2014,3,6,7005,532,0.06125599040535152,65,3
2014-03-07,2014,3,7,7006,518,0.03458774332319039,66,4
2014-03-08,2014,3,8,7007,414,-0.18952152511097844,67,5
2014-03-09,2014,3,9,7008,355,-0.34326970946087704,68,6
2014-03-10,2014,3,10,7009,456,-0.09289468942190668,69,0
2014-03-11,2014,3,11,7010,516,0.03071926654527006,70,1
2014-03-12,2014,3,12,7011,492,-0.016908782443984704,71,2
2014-03-13,2014,3,13,7012,490,-0.020982107831620526,72,3
2014-03-14,2014,3,14,7013,525,0.04801076365533098,73,4
2014-03-15,2014,3,15,7014,415,-0.18710897870559454,74,5
2014-03-16,2014,3,16,7015,364,-0.3182336312995521,75,6
2014-03-17,2014,3,17,7016,487,-0.027123375853703034,76,0
2014-03-18,2014,3,18,7017,478,-0.04577676644483675,77,1
2014-03-19,2014,3,19,7018,515,0.028779401727443366,78,2
2014-03-20,2014,3,20,7019,506,0.01114917035117286,79,3
2014-03-21,2014,3,21,7020,558,0.10897146344501811,80,4
2014-03-22,2014,3,22,7021,427,-0.15860348570766825,81,5
2014-03-23,2014,3,23,7022,348,-0.3631850191618185,82,6
2014-03-24,2014,3,24,7023,496,-0.008811572211365326,83,0
2014-03-25,2014,3,25,7024,471,-0.060529404919874984,84,1
2014-03-26,2014,3,26,7025,498,-0.0047874219116398825,85,2
2014-03-27,2014,3,27,7026,485,-0.031238607998809516,86,3
2014-03-28,2014,3,28,7027,509,0.017060517614229952,87,4
2014-03-29,2014,3,29,7028,370,-0.30188449329802264,88,5
2014-03-30,2014,3,30,7029,367,-0.3100256508817225,89,6
2014-03-31,2014,3,31,7030,497,-0.006797472839664082,90,0
2014-04-01,2014,4,1,7031,450,-0.10613991617192732,91,1
2014-04-02,2014,4,2,7032,483,-0.03537084528372003,92,2
2014-04-03,2014,4,3,7033,502,0.0032126207554365057,93,3
2014-04-04,2014,4,4,7034,567,0.12497180479145936,94,4
2014-04-05,2014,4,5,7035,403,-0.21645093698960974,95,5
2014-04-06,2014,4,6,7036,387,-0.25696280590651094,96,6
2014-04-07,2014,4,7,7037,461,-0.08198945593964423,97,0
2014-04-08,2014,4,8,7038,555,0.10358061481014179,98,1
2014-04-09,2014,4,9,7039,491,-0.01894337114177224,99,2
2014-04-10,2014,4,10,7040,461,-0.08198945593964423,100,3
2014-04-11,2014,4,11,7041,511,0.020982091267411646,101,4
2014-04-12,2014,4,12,7042,391,-0.24667993895092696,102,5
2014-04-13,2014,4,13,7043,368,-0.30730456076736185,103,6
2014-04-14,2014,4,14,7044,498,-0.0047874219116398825,104,0
2014-04-15,2014,4,15,7045,513,0.02488834623447675,105,1
2014-04-16,2014,4,16,7046,485,-0.031238607998809516,106,2
2014-04-17,2014,4,17,7047,541,0.07803177991018878,107,3
2014-04-18,2014,4,18,7048,500,-0.0007794005141010613,108,4
2014-04-19,2014,4,19,7049,388,-0.2543821593130193,109,5
2014-04-20,2014,4,20,7050,380,-0.2752162462158613,110,6
2014-04-21,2014,4,21,7051,394,-0.23903658963835892,111,0
2014-04-22,2014,4,22,7052,507,0.01312350465489037,112,1
2014-04-23,2014,4,23,7053,545,0.08539829572695133,113,2
2014-04-24,2014,4,24,7054,511,0.020982091267411646,114,3
2014-04-25,2014,4,25,7055,536,0.06874666213450913,115,4
2014-04-26,2014,4,26,7056,433,-0.14464977093380296,116,5
2014-04-27,2014,4,27,7057,336,-0.39827633897308845,117,6
2014-04-28,2014,4,28,7058,453,-0.09949537345325875,118,0
2014-04-29,2014,4,29,7059,501,0.0012186021485719963,119,1
2014-04-30,2014,4,30,7060,470,-0.06265480423218847,120,2
2014-05-01,2014,5,1,7061,520,0.038441312639180374,121,3
2014-05-02,2014,5,2,7062,574,0.1372418973832736,122,4
2014-05-03,2014,5,3,7063,398,-0.22893549365185503,123,5
2014-05-04,2014,5,4,7064,335,-0.40125696711122627,124,6
2014-05-05,2014,5,5,7065,399,-0.22642608204642928,125,0
2014-05-06,2014,5,6,7066,473,-0.056292110444359764,126,1
2014-05-07,2014,5,7,7067,503,0.005202671163446407,127,2
2014-05-08,2014,5,8,7068,477,-0.04787100804795151,128,3
2014-05-09,2014,5,9,7069,541,0.07803177991018878,129,4
2014-05-10,2014,5,10,7070,371,-0.29918543632885763,130,5
2014-05-11,2014,5,11,7071,411,-0.1967942844400581,131,6
2014-05-12,2014,5,12,7072,471,-0.060529404919874984,132,0
2014-05-13,2014,5,13,7073,469,-0.06478473049001338,133,1
2014-05-14,2014,5,14,7074,515,0.028779401727443366,134,2
2014-05-15,2014,5,15,7075,486,-0.02917887503579906,135,3
2014-05-16,2014,5,16,7076,502,0.0032126207554365057,136,4
2014-05-17,2014,5,17,7077,441,-0.12634262348944678,137,5
2014-05-18,2014,5,18,7078,367,-0.3100256508817225,138,6
2014-05-19,2014,5,19,7079,491,-0.01894337114177224,139,0
2014-05-20,2014,5,20,7080,528,0.053708784769968605,140,1
2014-05-21,2014,5,21,7081,528,0.053708784769968605,141,2
2014-05-22,2014,5,22,7082,478,-0.04577676644483675,142,3
2014-05-23,2014,5,23,7083,495,-0.01082973636760251,143,4
2014-05-24,2014,5,24,7084,438,-0.13316858855984665,144,5
2014-05-25,2014,5,25,7085,392,-0.2441256591458302,145,6
2014-05-26,2014,5,26,7086,527,0.051813049605069564,146,0
2014-05-27,2014,5,27,7087,530,0.05748950760987465,147,1
2014-05-28,2014,5,28,7088,553,0.09997050258604206,148,2
2014-05-29,2014,5,29,7089,436,-0.13774525558725847,149,3
2014-05-30,2014,5,30,7090,487,-0.027123375853703034,150,4
2014-05-31,2014,5,31,7091,431,-0.149279408832545,151,5
2014-06-01,2014,6,1,7092,426,-0.1609481526669224,152,6
2014-06-02,2014,6,2,7093,530,0.05748950760987465,153,0
2014-06-03,2014,6,3,7094,501,0.0012186021485719963,154,1
2014-06-04,2014,6,4,7095,506,0.01114917035117286,155,2
2014-06-05,2014,6,5,7096,537,0.07061059557257193,156,3
2014-06-06,2014,6,6,7097,555,0.10358061481014179,157,4
2014-06-07,2014,6,7,7098,436,-0.13774525558725847,158,5
2014-06-08,2014,6,8,7099,385,-0.26214416464850854,159,6
2014-06-09,2014,6,9,7100,368,-0.30730456076736185,160,0
2014-06-10,2014,6,10,7101,497,-0.006797472839664082,161,1
2014-06-11,2014,6,11,7102,486,-0.02917887503579906,162,2
2014-06-12,2014,6,12,7103,561,0.11433340658640359,163,3
2014-06-13,2014,6,13,7104,544,0.08356174791964978,164,4
2014-06-14,2014,6,14,7105,422,-0.170382184900281,165,5
2014-06-15,2014,6,15,7106,351,-0.354601275470427,166,6
2014-06-16,2014,6,16,7107,512,0.02293712610321511,167,0
2014-06-17,2014,6,17,7108,544,0.08356174791964978,168,1
2014-06-18,2014,6,18,7109,537,0.07061059557257193,169,2
2014-06-19,2014,6,19,7110,507,0.01312350465489037,170,3
2014-06-20,2014,6,20,7111,504,0.007188769135075929,171,4
2014-06-21,2014,6,21,7112,467,-0.06905824126739543,172,5
2014-06-22,2014,6,22,7113,405,-0.21150043182975356,173,6
2014-06-23,2014,6,23,7114,490,-0.020982107831620526,174,0
2014-06-24,2014,6,24,7115,529,0.05560093292200662,175,1
2014-06-25,2014,6,25,7116,544,0.08356174791964978,176,2
2014-06-26,2014,6,26,7117,548,0.0908877880117227,177,3
2014-06-27,2014,6,27,7118,543,0.08172182099764269,178,4
2014-06-28,2014,6,28,7119,472,-0.05840851335073735,179,5
2014-06-29,2014,6,29,7120,374,-0.2911317015217608,180,6
2014-06-30,2014,6,30,7121,526,0.04991371380141699,181,0
2014-07-01,2014,7,1,7122,563,0.11789212920339767,182,1
2014-07-02,2014,7,2,7123,512,0.02293712610321511,183,2
2014-07-03,2014,7,3,7124,518,0.03458774332319039,184,3
2014-07-04,2014,7,4,7125,573,0.13549821777844687,185,4
2014-07-05,2014,7,5,7126,405,-0.21150043182975356,186,5
2014-07-06,2014,7,6,7127,397,-0.2314512182491023,187,6
2014-07-07,2014,7,7,7128,541,0.07803177991018878,188,0
2014-07-08,2014,7,8,7129,514,0.02683576651887243,189,1
2014-07-09,2014,7,9,7130,524,0.04610418538474929,190,2
2014-07-10,2014,7,10,7131,559,0.11076197421880644,191,3
2014-07-11,2014,7,11,7132,583,0.1527996874141997,192,4
2014-07-12,2014,7,12,7133,442,-0.12407761685859466,193,5
2014-07-13,2014,7,13,7134,369,-0.3045908548957656,194,6
2014-07-14,2014,7,14,7135,529,0.05560093292200662,195,0
2014-07-15,2014,7,15,7136,578,0.14418636973608467,196,1
2014-07-16,2014,7,16,7137,585,0.1562243482955638,197,2
2014-07-17,2014,7,17,7138,549,0.09271094257323789,198,3
2014-07-18,2014,7,18,7139,544,0.08356174791964978,199,4
2014-07-19,2014,7,19,7140,459,-0.0863372888757476,200,5
2014-07-20,2014,7,20,7141,401,-0.22142607162972353,201,6
2014-07-21,2014,7,21,7142,484,-0.03330259221966101,202,0
2014-07-22,2014,7,22,7143,494,-0.012851981748370309,203,1
2014-07-23,2014,7,23,7144,561,0.11433340658640359,204,2
2014-07-24,2014,7,24,7145,558,0.10897146344501811,205,3
2014-07-25,2014,7,25,7146,528,0.053708784769968605,206,4
2014-07-26,2014,7,26,7147,429,-0.15393058000827584,207,5
2014-07-27,2014,7,27,7148,390,-0.24924075981260063,208,6
2014-07-28,2014,7,28,7149,506,0.01114917035117286,209,0
2014-07-29,2014,7,29,7150,521,0.040362542817074146,210,1
2014-07-30,2014,7,30,7151,539,0.07432807197270441,211,2
2014-07-31,2014,7,31,7152,502,0.0032126207554365057,212,3
2014-08-01,2014,8,1,7153,522,0.04228008894634606,213,4
2014-08-02,2014,8,2,7154,440,-0.12861277202398594,214,5
2014-08-03,2014,8,3,7155,389,-0.25180815531784645,215,6
2014-08-04,2014,8,4,7156,523,0.04419396512863013,216,0
2014-08-05,2014,8,5,7157,524,0.04610418538474929,217,1
2014-08-06,2014,8,6,7158,553,0.09997050258604206,218,2
2014-08-07,2014,8,7,7159,525,0.04801076365533098,219,3
2014-08-08,2014,8,8,7160,496,-0.008811572211365326,220,4
2014-08-09,2014,8,9,7161,412,-0.19436414958676645,221,5
2014-08-10,2014,8,10,7162,406,-0.20903433933456006,222,6
2014-08-11,2014,8,11,7163,542,0.07987850250335336,223,0
2014-08-12,2014,8,12,7164,502,0.0032126207554365057,224,1
2014-08-13,2014,8,13,7165,508,0.01509394864218921,225,2
2014-08-14,2014,8,14,7166,574,0.1372418973832736,226,3
2014-08-15,2014,8,15,7167,569,0.1284929351900382,227,4
2014-08-16,2014,8,16,7168,436,-0.13774525558725847,228,5
2014-08-17,2014,8,17,7169,384,-0.2647449463485659,229,6
2014-08-18,2014,8,18,7170,515,0.028779401727443366,230,0
2014-08-19,2014,8,19,7171,545,0.08539829572695133,231,1
2014-08-20,2014,8,20,7172,579,0.14591497863670255,232,2
2014-08-21,2014,8,21,7173,544,0.08356174791964978,233,3
2014-08-22,2014,8,22,7174,528,0.053708784769968605,234,4
2014-08-23,2014,8,23,7175,453,-0.09949537345325875,235,5
2014-08-24,2014,8,24,7176,407,-0.20657431349369773,236,6
2014-08-25,2014,8,25,7177,521,0.040362542817074146,237,0
2014-08-26,2014,8,26,7178,539,0.07432807197270441,238,1
2014-08-27,2014,8,27,7179,571,0.1320017107197175,239,2
2014-08-28,2014,8,28,7180,555,0.10358061481014179,240,3
2014-08-29,2014,8,29,7181,565,0.12143823221014823,241,4
2014-08-30,2014,8,30,7182,434,-0.14234296483588793,242,5
2014-08-31,2014,8,31,7183,379,-0.2778512938538664,243,6
2014-09-01,2014,9,1,7184,497,-0.006797472839664082,244,0
2014-09-02,2014,9,2,7185,590,0.16473503796347236,245,1
2014-09-03,2014,9,3,7186,547,0.08906130348568847,246,2
2014-09-04,2014,9,4,7187,546,0.08723147680861221,247,3
2014-09-05,2014,9,5,7188,565,0.12143823221014823,248,4
2014-09-06,2014,9,6,7189,434,-0.14234296483588793,249,5
2014-09-07,2014,9,7,7190,426,-0.1609481526669224,250,6
2014-09-08,2014,9,8,7191,485,-0.031238607998809516,251,0
2014-09-09,2014,9,9,7192,536,0.06874666213450913,252,1
2014-09-10,2014,9,10,7193,563,0.11789212920339767,253,2
2014-09-11,2014,9,11,7194,528,0.053708784769968605,254,3
2014-09-12,2014,9,12,7195,541,0.07803177991018878,255,4
2014-09-13,2014,9,13,7196,464,-0.07550294671003747,256,5
2014-09-14,2014,9,14,7197,416,-0.18470223867502955,257,6
2014-09-15,2014,9,15,7198,509,0.017060517614229952,258,0
2014-09-16,2014,9,16,7199,581,0.14936325791561852,259,1
2014-09-17,2014,9,17,7200,536,0.06874666213450913,260,2
2014-09-18,2014,9,18,7201,588,0.16133944896233413,261,3
2014-09-19,2014,9,19,7202,553,0.09997050258604206,262,4
2014-09-20,2014,9,20,7203,433,-0.14464977093380296,263,5
2014-09-21,2014,9,21,7204,423,-0.16801531989001484,264,6
2014-09-22,2014,9,22,7205,543,0.08172182099764269,265,0
2014-09-23,2014,9,23,7206,565,0.12143823221014823,266,1
2014-09-24,2014,9,24,7207,570,0.13024886189230303,267,2
2014-09-25,2014,9,25,7208,577,0.14245476757180686,268,3
2014-09-26,2014,9,26,7209,549,0.09271094257323789,269,4
2014-09-27,2014,9,27,7210,445,-0.11731321677005256,270,5
2014-09-28,2014,9,28,7211,428,-0.156264303354496,271,6
2014-09-29,2014,9,29,7212,530,0.05748950760987465,272,0
2014-09-30,2014,9,30,7213,562,0.11611435095739826,273,1
2014-10-01,2014,10,1,7214,519,0.03651638422959586,274,2
2014-10-02,2014,10,2,7215,538,0.07247106122549156,275,3
2014-10-03,2014,10,3,7216,534,0.06500834002390198,276,4
2014-10-04,2014,10,4,7217,457,-0.09070410804208806,277,5
2014-10-05,2014,10,5,7218,382,-0.26996689032971755,278,6
2014-10-06,2014,10,6,7219,493,-0.014878324893602708,279,0
2014-10-07,2014,10,7,7220,550,0.09453077929022377,280,1
2014-10-08,2014,10,8,7221,531,0.05937452230564608,281,2
2014-10-09,2014,10,9,7222,572,0.1337514924435051,282,3
2014-10-10,2014,10,10,7223,535,0.0668792479597138,283,4
2014-10-11,2014,10,11,7224,403,-0.21645093698960974,284,5
2014-10-12,2014,10,12,7225,384,-0.2647449463485659,285,6
2014-10-13,2014,10,13,7226,495,-0.01082973636760251,286,0
2014-10-14,2014,10,14,7227,548,0.0908877880117227,287,1
2014-10-15,2014,10,15,7228,508,0.01509394864218921,288,2
2014-10-16,2014,10,16,7229,520,0.038441312639180374,289,3
2014-10-17,2014,10,17,7230,548,0.0908877880117227,290,4
2014-10-18,2014,10,18,7231,426,-0.1609481526669224,291,5
2014-10-19,2014,10,19,7232,406,-0.20903433933456006,292,6
2014-10-20,2014,10,20,7233,470,-0.06265480423218847,293,0
2014-10-21,2014,10,21,7234,499,-0.00278140318477414,294,1
2014-10-22,2014,10,22,7235,502,0.0032126207554365057,295,2
2014-10-23,2014,10,23,7236,495,-0.01082973636760251,296,3
2014-10-24,2014,10,24,7237,526,0.04991371380141699,297,4
2014-10-25,2014,10,25,7238,456,-0.09289468942190668,298,5
2014-10-26,2014,10,26,7239,407,-0.20657431349369773,299,6
2014-10-27,2014,10,27,7240,460,-0.08416100945315207,300,0
2014-10-28,2014,10,28,7241,494,-0.012851981748370309,301,1
2014-10-29,2014,10,29,7242,525,0.04801076365533098,302,2
2014-10-30,2014,10,30,7243,496,-0.008811572211365326,303,3
2014-10-31,2014,10,31,7244,516,0.03071926654527006,304,4
2014-11-01,2014,11,1,7245,432,-0.14696191069218248,305,5
2014-11-02,2014,11,2,7246,397,-0.2314512182491023,306,6
2014-11-03,2014,11,3,7247,474,-0.05418017724121624,307,0
2014-11-04,2014,11,4,7248,514,0.02683576651887243,308,1
2014-11-05,2014,11,5,7249,492,-0.016908782443984704,309,2
2014-11-06,2014,11,6,7250,481,-0.03952022883053154,310,3
2014-11-07,2014,11,7,7251,493,-0.014878324893602708,311,4
2014-11-08,2014,11,8,7252,424,-0.16565404370433506,312,5
2014-11-09,2014,11,9,7253,375,-0.2884614729658819,313,6
2014-11-10,2014,11,10,7254,475,-0.05207269490165152,314,0
2014-11-11,2014,11,11,7255,493,-0.014878324893602708,315,1
2014-11-12,2014,11,12,7256,497,-0.006797472839664082,316,2
2014-11-13,2014,11,13,7257,519,0.03651638422959586,317,3
2014-11-14,2014,11,14,7258,547,0.08906130348568847,318,4
2014-11-15,2014,11,15,7259,415,-0.18710897870559454,319,5
2014-11-16,2014,11,16,7260,389,-0.25180815531784645,320,6
2014-11-17,2014,11,17,7261,454,-0.09729030089494478,321,0
2014-11-18,2014,11,18,7262,510,0.019023226782078777,322,1
2014-11-19,2014,11,19,7263,497,-0.006797472839664082,323,2
2014-11-20,2014,11,20,7264,490,-0.020982107831620526,324,3
2014-11-21,2014,11,21,7265,515,0.028779401727443366,325,4
2014-11-22,2014,11,22,7266,391,-0.24667993895092696,326,5
2014-11-23,2014,11,23,7267,361,-0.32650954060341186,327,6
2014-11-24,2014,11,24,7268,472,-0.05840851335073735,328,0
2014-11-25,2014,11,25,7269,458,-0.0885183148221078,329,1
2014-11-26,2014,11,26,7270,494,-0.012851981748370309,330,2
2014-11-27,2014,11,27,7271,525,0.04801076365533098,331,3
2014-11-28,2014,11,28,7272,499,-0.00278140318477414,332,4
2014-11-29,2014,11,29,7273,427,-0.15860348570766825,333,5
2014-11-30,2014,11,30,7274,369,-0.3045908548957656,334,6
2014-12-01,2014,12,1,7275,459,-0.0863372888757476,335,0
2014-12-02,2014,12,2,7276,478,-0.04577676644483675,336,1
2014-12-03,2014,12,3,7277,531,0.05937452230564608,337,2
2014-12-04,2014,12,4,7278,452,-0.10170531910406158,338,3
2014-12-05,2014,12,5,7279,442,-0.12407761685859466,339,4
2014-12-06,2014,12,6,7280,396,-0.2339732876818122,340,5
2014-12-07,2014,12,7,7281,369,-0.3045908548957656,341,6
2014-12-08,2014,12,8,7282,490,-0.020982107831620526,342,0
2014-12-09,2014,12,9,7283,472,-0.05840851335073735,343,1
2014-12-10,2014,12,10,7284,487,-0.027123375853703034,344,2
2014-12-11,2014,12,11,7285,482,-0.03744338488569241,345,3
2014-12-12,2014,12,12,7286,537,0.07061059557257193,346,4
2014-12-13,2014,12,13,7287,398,-0.22893549365185503,347,5
2014-12-14,2014,12,14,7288,382,-0.26996689032971755,348,6
2014-12-15,2014,12,15,7289,456,-0.09289468942190668,349,0
2014-12-16,2014,12,16,7290,501,0.0012186021485719963,350,1
2014-12-17,2014,12,17,7291,508,0.01509394864218921,351,2
2014-12-18,2014,12,18,7292,500,-0.0007794005141010613,352,3
2014-12-19,2014,12,19,7293,523,0.04419396512863013,353,4
2014-12-20,2014,12,20,7294,354,-0.34609058580251834,354,5
2014-12-21,2014,12,21,7295,364,-0.3182336312995521,355,6
2014-12-22,2014,12,22,7296,516,0.03071926654527006,356,0
2014-12-23,2014,12,23,7297,531,0.05937452230564608,357,1
2014-12-24,2014,12,24,7298,484,-0.03330259221966101,358,2
2014-12-25,2014,12,25,7299,352,-0.35175632333819573,359,3
2014-12-26,2014,12,26,7300,330,-0.41629484447576676,360,4
2014-12-27,2014,12,27,7301,400,-0.22392295182831073,361,5
2014-12-28,2014,12,28,7302,373,-0.29380907929247724,362,6
2014-12-29,2014,12,29,7303,493,-0.014878324893602708,363,0
2014-12-30,2014,12,30,7304,545,0.08539829572695133,364,1
2014-12-31,2014,12,31,7305,454,-0.09729030089494478,365,2
2015-01-01,2015,1,1,7306,345,-0.3718430819049331,1,3
2015-01-02,2015,1,2,7307,471,-0.060529404919874984,2,4
2015-01-03,2015,1,3,7308,393,-0.2415778870670315,3,5
2015-01-04,2015,1,4,7309,381,-0.2725881238095918,4,6
2015-01-05,2015,1,5,7310,498,-0.0047874219116398825,5,0
2015-01-06,2015,1,6,7311,499,-0.00278140318477414,6,1
2015-01-07,2015,1,7,7312,508,0.01509394864218921,7,2
2015-01-08,2015,1,8,7313,488,-0.025072093083145647,8,3
2015-01-09,2015,1,9,7314,500,-0.0007794005141010613,9,4
2015-01-10,2015,1,10,7315,392,-0.2441256591458302,10,5
2015-01-11,2015,1,11,7316,385,-0.26214416464850854,11,6
2015-01-12,2015,1,12,7317,479,-0.043686901525377485,12,0
2015-01-13,2015,1,13,7318,492,-0.016908782443984704,13,1
2015-01-14,2015,1,14,7319,522,0.04228008894634606,14,2
2015-01-15,2015,1,15,7320,520,0.038441312639180374,15,3
2015-01-16,2015,1,16,7321,535,0.0668792479597138,16,4
2015-01-17,2015,1,17,7322,391,-0.24667993895092696,17,5
2015-01-18,2015,1,18,7323,358,-0.3348545125355925,18,6
2015-01-19,2015,1,19,7324,458,-0.0885183148221078,19,0
2015-01-20,2015,1,20,7325,494,-0.012851981748370309,20,1
2015-01-21,2015,1,21,7326,499,-0.00278140318477414,21,2
2015-01-22,2015,1,22,7327,506,0.01114917035117286,22,3
2015-01-23,2015,1,23,7328,493,-0.014878324893602708,23,4
2015-01-24,2015,1,24,7329,376,-0.28579835554639826,24,5
2015-01-25,2015,1,25,7330,368,-0.30730456076736185,25,6
2015-01-26,2015,1,26,7331,413,-0.1919399059752601,26,0
2015-01-27,2015,1,27,7332,497,-0.006797472839664082,27,1
2015-01-28,2015,1,28,7333,527,0.051813049605069564,28,2
2015-01-29,2015,1,29,7334,496,-0.008811572211365326,29,3
2015-01-30,2015,1,30,7335,481,-0.03952022883053154,30,4
2015-01-31,2015,1,31,7336,404,-0.21397262097514264,31,5
2015-02-01,2015,2,1,7337,337,-0.39530456858393115,32,6
2015-02-02,2015,2,2,7338,463,-0.07766044485005867,33,0
2015-02-03,2015,2,3,7339,487,-0.027123375853703034,34,1
2015-02-04,2015,2,4,7340,449,-0.10836461119403848,35,2
2015-02-05,2015,2,5,7341,479,-0.043686901525377485,36,3
2015-02-06,2015,2,6,7342,478,-0.04577676644483675,37,4
2015-02-07,2015,2,7,7343,395,-0.23650173403517086,38,5
2015-02-08,2015,2,8,7344,346,-0.3689487238785686,39,6
2015-02-09,2015,2,9,7345,453,-0.09949537345325875,40,0
2015-02-10,2015,2,10,7346,461,-0.08198945593964423,41,1
2015-02-11,2015,2,11,7347,500,-0.0007794005141010613,42,2
2015-02-12,2015,2,12,7348,476,-0.04996964470487272,43,3
2015-02-13,2015,2,13,7349,502,0.0032126207554365057,44,4
2015-02-14,2015,2,14,7350,404,-0.21397262097514264,45,5
2015-02-15,2015,2,15,7351,360,-0.3292834674861371,46,6
2015-02-16,2015,2,16,7352,410,-0.1992303392379392,47,0
2015-02-17,2015,2,17,7353,475,-0.05207269490165152,48,1
2015-02-18,2015,2,18,7354,493,-0.014878324893602708,49,2
2015-02-19,2015,2,19,7355,471,-0.060529404919874984,50,3
2015-02-20,2015,2,20,7356,500,-0.0007794005141010613,51,4
2015-02-21,2015,2,21,7357,394,-0.23903658963835892,52,5
2015-02-22,2015,2,22,7358,364,-0.3182336312995521,53,6
2015-02-23,2015,2,23,7359,462,-0.0798226078545539,54,0
2015-02-24,2015,2,24,7360,490,-0.020982107831620526,55,1
2015-02-25,2015,2,25,7361,519,0.03651638422959586,56,2
2015-02-26,2015,2,26,7362,470,-0.06265480423218847,57,3
2015-02-27,2015,2,27,7363,487,-0.027123375853703034,58,4
2015-02-28,2015,2,28,7364,393,-0.2415778870670315,59,5
2015-03-01,2015,3,1,7365,401,-0.22142607162972353,60,6
2015-03-02,2015,3,2,7366,474,-0.05418017724121624,61,0
2015-03-03,2015,3,3,7367,524,0.04610418538474929,62,1
2015-03-04,2015,3,4,7368,470,-0.06265480423218847,63,2
2015-03-05,2015,3,5,7369,495,-0.01082973636760251,64,3
2015-03-06,2015,3,6,7370,482,-0.03744338488569241,65,4
2015-03-07,2015,3,7,7371,374,-0.2911317015217608,66,5
2015-03-08,2015,3,8,7372,331,-0.4132691235592298,67,6
2015-03-09,2015,3,9,7373,475,-0.05207269490165152,68,0
2015-03-10,2015,3,10,7374,462,-0.0798226078545539,69,1
2015-03-11,2015,3,11,7375,471,-0.060529404919874984,70,2
2015-03-12,2015,3,12,7376,449,-0.10836461119403848,71,3
2015-03-13,2015,3,13,7377,451,-0.10392015943361442,72,4
2015-03-14,2015,3,14,7378,373,-0.29380907929247724,73,5
2015-03-15,2015,3,15,7379,357,-0.3376517171566537,74,6
2015-03-16,2015,3,16,7380,431,-0.149279408832545,75,0
2015-03-17,2015,3,17,7381,486,-0.02917887503579906,76,1
2015-03-18,2015,3,18,7382,503,0.005202671163446407,77,2
2015-03-19,2015,3,19,7383,461,-0.08198945593964423,78,3
2015-03-20,2015,3,20,7384,482,-0.03744338488569241,79,4
2015-03-21,2015,3,21,7385,386,-0.2595501294714619,80,5
2015-03-22,2015,3,22,7386,350,-0.3574543444528335,81,6
2015-03-23,2015,3,23,7387,424,-0.16565404370433506,82,0
2015-03-24,2015,3,24,7388,437,-0.13545430384070264,83,1
2015-03-25,2015,3,25,7389,477,-0.04787100804795151,84,2
2015-03-26,2015,3,26,7390,487,-0.027123375853703034,85,3
2015-03-27,2015,3,27,7391,426,-0.1609481526669224,86,4
2015-03-28,2015,3,28,7392,379,-0.2778512938538664,87,5
2015-03-29,2015,3,29,7393,330,-0.41629484447576676,88,6
2015-03-30,2015,3,30,7394,482,-0.03744338488569241,89,0
2015-03-31,2015,3,31,7395,464,-0.07550294671003747,90,1
2015-04-01,2015,4,1,7396,444,-0.11956293650406802,91,2
2015-04-02,2015,4,2,7397,479,-0.043686901525377485,92,3
2015-04-03,2015,4,3,7398,463,-0.07766044485005867,93,4
2015-04-04,2015,4,4,7399,416,-0.18470223867502955,94,5
2015-04-05,2015,4,5,7400,333,-0.40724500895584886,95,6
2015-04-06,2015,4,6,7401,378,-0.2804933033167051,96,0
2015-04-07,2015,4,7,7402,450,-0.10613991617192732,97,1
2015-04-08,2015,4,8,7403,531,0.05937452230564608,98,2
2015-04-09,2015,4,9,7404,460,-0.08416100945315207,99,3
2015-04-10,2015,4,10,7405,493,-0.014878324893602708,100,4
2015-04-11,2015,4,11,7406,408,-0.204120324532131,101,5
2015-04-12,2015,4,12,7407,348,-0.3631850191618185,102,6
2015-04-13,2015,4,13,7408,424,-0.16565404370433506,103,0
2015-04-14,2015,4,14,7409,473,-0.056292110444359764,104,1
2015-04-15,2015,4,15,7410,421,-0.1727546652539114,105,2
2015-04-16,2015,4,16,7411,485,-0.031238607998809516,106,3
2015-04-17,2015,4,17,7412,492,-0.016908782443984704,107,4
2015-04-18,2015,4,18,7413,376,-0.28579835554639826,108,5
2015-04-19,2015,4,19,7414,351,-0.354601275470427,109,6
2015-04-20,2015,4,20,7415,499,-0.00278140318477414,110,0
2015-04-21,2015,4,21,7416,465,-0.07335009334893643,111,1
2015-04-22,2015,4,22,7417,494,-0.012851981748370309,112,2
2015-04-23,2015,4,23,7418,463,-0.07766044485005867,113,3
2015-04-24,2015,4,24,7419,504,0.007188769135075929,114,4
2015-04-25,2015,4,25,7420,411,-0.1967942844400581,115,5
2015-04-26,2015,4,26,7421,345,-0.3718430819049331,116,6
2015-04-27,2015,4,27,7422,361,-0.32650954060341186,117,0
2015-04-28,2015,4,28,7423,495,-0.01082973636760251,118,1
2015-04-29,2015,4,29,7424,484,-0.03330259221966101,119,2
2015-04-30,2015,4,30,7425,487,-0.027123375853703034,120,3
2015-05-01,2015,5,1,7426,510,0.019023226782078777,121,4
2015-05-02,2015,5,2,7427,423,-0.16801531989001484,122,5
2015-05-03,2015,5,3,7428,396,-0.2339732876818122,123,6
2015-05-04,2015,5,4,7429,419,-0.1775165790141551,124,0
2015-05-05,2015,5,5,7430,469,-0.06478473049001338,125,1
2015-05-06,2015,5,6,7431,501,0.0012186021485719963,126,2
2015-05-07,2015,5,7,7432,493,-0.014878324893602708,127,3
2015-05-08,2015,5,8,7433,505,0.009170930339067029,128,4
2015-05-09,2015,5,9,7434,410,-0.1992303392379392,129,5
2015-05-10,2015,5,10,7435,362,-0.32374328711052175,130,6
2015-05-11,2015,5,11,7436,488,-0.025072093083145647,131,0
2015-05-12,2015,5,12,7437,504,0.007188769135075929,132,1
2015-05-13,2015,5,13,7438,512,0.02293712610321511,133,2
2015-05-14,2015,5,14,7439,444,-0.11956293650406802,134,3
2015-05-15,2015,5,15,7440,469,-0.06478473049001338,135,4
2015-05-16,2015,5,16,7441,418,-0.1799060664115365,136,5
2015-05-17,2015,5,17,7442,380,-0.2752162462158613,137,6
2015-05-18,2015,5,18,7443,495,-0.01082973636760251,138,0
2015-05-19,2015,5,19,7444,480,-0.04160139503435611,139,1
2015-05-20,2015,5,20,7445,513,0.02488834623447675,140,2
2015-05-21,2015,5,21,7446,504,0.007188769135075929,141,3
2015-05-22,2015,5,22,7447,550,0.09453077929022377,142,4
2015-05-23,2015,5,23,7448,450,-0.10613991617192732,143,5
2015-05-24,2015,5,24,7449,379,-0.2778512938538664,144,6
2015-05-25,2015,5,25,7450,418,-0.1799060664115365,145,0
2015-05-26,2015,5,26,7451,494,-0.012851981748370309,146,1
2015-05-27,2015,5,27,7452,540,0.07618164062202722,147,2
2015-05-28,2015,5,28,7453,515,0.028779401727443366,148,3
2015-05-29,2015,5,29,7454,511,0.020982091267411646,149,4
2015-05-30,2015,5,30,7455,412,-0.19436414958676645,150,5
2015-05-31,2015,5,31,7456,377,-0.283142311488282,151,6
2015-06-01,2015,6,1,7457,486,-0.02917887503579906,152,0
2015-06-02,2015,6,2,7458,507,0.01312350465489037,153,1
2015-06-03,2015,6,3,7459,516,0.03071926654527006,154,2
2015-06-04,2015,6,4,7460,485,-0.031238607998809516,155,3
2015-06-05,2015,6,5,7461,509,0.017060517614229952,156,4
2015-06-06,2015,6,6,7462,403,-0.21645093698960974,157,5
2015-06-07,2015,6,7,7463,362,-0.32374328711052175,158,6
2015-06-08,2015,6,8,7464,466,-0.07120186481064687,159,0
2015-06-09,2015,6,9,7465,523,0.04419396512863013,160,1
2015-06-10,2015,6,10,7466,529,0.05560093292200662,161,2
2015-06-11,2015,6,11,7467,477,-0.04787100804795151,162,3
2015-06-12,2015,6,12,7468,518,0.03458774332319039,163,4
2015-06-13,2015,6,13,7469,400,-0.22392295182831073,164,5
2015-06-14,2015,6,14,7470,401,-0.22142607162972353,165,6
2015-06-15,2015,6,15,7471,466,-0.07120186481064687,166,0
2015-06-16,2015,6,16,7472,546,0.08723147680861221,167,1
2015-06-17,2015,6,17,7473,528,0.053708784769968605,168,2
2015-06-18,2015,6,18,7474,514,0.02683576651887243,169,3
2015-06-19,2015,6,19,7475,515,0.028779401727443366,170,4
2015-06-20,2015,6,20,7476,408,-0.204120324532131,171,5
2015-06-21,2015,6,21,7477,398,-0.22893549365185503,172,6
2015-06-22,2015,6,22,7478,487,-0.027123375853703034,173,0
2015-06-23,2015,6,23,7479,490,-0.020982107831620526,174,1
2015-06-24,2015,6,24,7480,560,0.1125492847929021,175,2
2015-06-25,2015,6,25,7481,510,0.019023226782078777,176,3
2015-06-26,2015,6,26,7482,527,0.051813049605069564,177,4
2015-06-27,2015,6,27,7483,397,-0.2314512182491023,178,5
2015-06-28,2015,6,28,7484,353,-0.34891944200299607,179,6
2015-06-29,2015,6,29,7485,489,-0.023025009461420796,180,0
2015-06-30,2015,6,30,7486,496,-0.008811572211365326,181,1
2015-07-01,2015,7,1,7487,531,0.05937452230564608,182,2
2015-07-02,2015,7,2,7488,545,0.08539829572695133,183,3
2015-07-03,2015,7,3,7489,521,0.040362542817074146,184,4
2015-07-04,2015,7,4,7490,426,-0.1609481526669224,185,5
2015-07-05,2015,7,5,7491,390,-0.24924075981260063,186,6
2015-07-06,2015,7,6,7492,507,0.01312350465489037,187,0
2015-07-07,2015,7,7,7493,519,0.03651638422959586,188,1
2015-07-08,2015,7,8,7494,502,0.0032126207554365057,189,2
2015-07-09,2015,7,9,7495,534,0.06500834002390198,190,3
2015-07-10,2015,7,10,7496,537,0.07061059557257193,191,4
2015-07-11,2015,7,11,7497,437,-0.13545430384070264,192,5
2015-07-12,2015,7,12,7498,366,-0.3127541655349265,193,6
2015-07-13,2015,7,13,7499,505,0.009170930339067029,194,0
2015-07-14,2015,7,14,7500,509,0.017060517614229952,195,1
2015-07-15,2015,7,15,7501,543,0.08172182099764269,196,2
2015-07-16,2015,7,16,7502,514,0.02683576651887243,197,3
2015-07-17,2015,7,17,7503,541,0.07803177991018878,198,4
2015-07-18,2015,7,18,7504,437,-0.13545430384070264,199,5
2015-07-19,2015,7,19,7505,379,-0.2778512938538664,200,6
2015-07-20,2015,7,20,7506,491,-0.01894337114177224,201,0
2015-07-21,2015,7,21,7507,499,-0.00278140318477414,202,1
2015-07-22,2015,7,22,7508,564,0.11966675256176608,203,2
2015-07-23,2015,7,23,7509,558,0.10897146344501811,204,3
2015-07-24,2015,7,24,7510,514,0.02683576651887243,205,4
2015-07-25,2015,7,25,7511,434,-0.14234296483588793,206,5
2015-07-26,2015,7,26,7512,386,-0.2595501294714619,207,6
2015-07-27,2015,7,27,7513,496,-0.008811572211365326,208,0
2015-07-28,2015,7,28,7514,557,0.1071777409909913,209,1
2015-07-29,2015,7,29,7515,499,-0.00278140318477414,210,2
2015-07-30,2015,7,30,7516,514,0.02683576651887243,211,3
2015-07-31,2015,7,31,7517,542,0.07987850250335336,212,4
2015-08-01,2015,8,1,7518,441,-0.12634262348944678,213,5
2015-08-02,2015,8,2,7519,413,-0.1919399059752601,214,6
2015-08-03,2015,8,3,7520,513,0.02488834623447675,215,0
2015-08-04,2015,8,4,7521,527,0.051813049605069564,216,1
2015-08-05,2015,8,5,7522,543,0.08172182099764269,217,2
2015-08-06,2015,8,6,7523,543,0.08172182099764269,218,3
2015-08-07,2015,8,7,7524,544,0.08356174791964978,219,4
2015-08-08,2015,8,8,7525,437,-0.13545430384070264,220,5
2015-08-09,2015,8,9,7526,383,-0.2673525097556468,221,6
2015-08-10,2015,8,10,7527,477,-0.04787100804795151,222,0
2015-08-11,2015,8,11,7528,554,0.10177718781099099,223,1
2015-08-12,2015,8,12,7529,526,0.04991371380141699,224,2
2015-08-13,2015,8,13,7530,479,-0.043686901525377485,225,3
2015-08-14,2015,8,14,7531,552,0.09816054734080248,226,4
2015-08-15,2015,8,15,7532,427,-0.15860348570766825,227,5
2015-08-16,2015,8,16,7533,398,-0.22893549365185503,228,6
2015-08-17,2015,8,17,7534,519,0.03651638422959586,229,0
2015-08-18,2015,8,18,7535,522,0.04228008894634606,230,1
2015-08-19,2015,8,19,7536,527,0.051813049605069564,231,2
2015-08-20,2015,8,20,7537,572,0.1337514924435051,232,3
2015-08-21,2015,8,21,7538,535,0.0668792479597138,233,4
2015-08-22,2015,8,22,7539,445,-0.11731321677005256,234,5
2015-08-23,2015,8,23,7540,412,-0.19436414958676645,235,6
2015-08-24,2015,8,24,7541,555,0.10358061481014179,236,0
2015-08-25,2015,8,25,7542,565,0.12143823221014823,237,1
2015-08-26,2015,8,26,7543,545,0.08539829572695133,238,2
2015-08-27,2015,8,27,7544,527,0.051813049605069564,239,3
2015-08-28,2015,8,28,7545,522,0.04228008894634606,240,4
2015-08-29,2015,8,29,7546,424,-0.16565404370433506,241,5
2015-08-30,2015,8,30,7547,407,-0.20657431349369773,242,6
2015-08-31,2015,8,31,7548,510,0.019023226782078777,243,0
2015-09-01,2015,9,1,7549,514,0.02683576651887243,244,1
2015-09-02,2015,9,2,7550,508,0.01509394864218921,245,2
2015-09-03,2015,9,3,7551,528,0.053708784769968605,246,3
2015-09-04,2015,9,4,7552,541,0.07803177991018878,247,4
2015-09-05,2015,9,5,7553,414,-0.18952152511097844,248,5
2015-09-06,2015,9,6,7554,373,-0.29380907929247724,249,6
2015-09-07,2015,9,7,7555,501,0.0012186021485719963,250,0
2015-09-08,2015,9,8,7556,504,0.007188769135075929,251,1
2015-09-09,2015,9,9,7557,562,0.11611435095739826,252,2
2015-09-10,2015,9,10,7558,554,0.10177718781099099,253,3
2015-09-11,2015,9,11,7559,568,0.12673391978485854,254,4
2015-09-12,2015,9,12,7560,488,-0.025072093083145647,255,5
2015-09-13,2015,9,13,7561,424,-0.16565404370433506,256,6
2015-09-14,2015,9,14,7562,503,0.005202671163446407,257,0
2015-09-15,2015,9,15,7563,581,0.14936325791561852,258,1
2015-09-16,2015,9,16,7564,571,0.1320017107197175,259,2
2015-09-17,2015,9,17,7565,553,0.09997050258604206,260,3
2015-09-18,2015,9,18,7566,572,0.1337514924435051,261,4
2015-09-19,2015,9,19,7567,465,-0.07335009334893643,262,5
2015-09-20,2015,9,20,7568,424,-0.16565404370433506,263,6
2015-09-21,2015,9,21,7569,475,-0.05207269490165152,264,0
2015-09-22,2015,9,22,7570,572,0.1337514924435051,265,1
2015-09-23,2015,9,23,7571,537,0.07061059557257193,266,2
2015-09-24,2015,9,24,7572,567,0.12497180479145936,267,3
2015-09-25,2015,9,25,7573,579,0.14591497863670255,268,4
2015-09-26,2015,9,26,7574,452,-0.10170531910406158,269,5
2015-09-27,2015,9,27,7575,398,-0.22893549365185503,270,6
2015-09-28,2015,9,28,7576,501,0.0012186021485719963,271,0
2015-09-29,2015,9,29,7577,540,0.07618164062202722,272,1
2015-09-30,2015,9,30,7578,547,0.08906130348568847,273,2
2015-10-01,2015,10,1,7579,507,0.01312350465489037,274,3
2015-10-02,2015,10,2,7580,533,0.06313392522955179,275,4
2015-10-03,2015,10,3,7581,464,-0.07550294671003747,276,5
2015-10-04,2015,10,4,7582,390,-0.24924075981260063,277,6
2015-10-05,2015,10,5,7583,509,0.017060517614229952,278,0
2015-10-06,2015,10,6,7584,560,0.1125492847929021,279,1
2015-10-07,2015,10,7,7585,487,-0.027123375853703034,280,2
2015-10-08,2015,10,8,7586,529,0.05560093292200662,281,3
2015-10-09,2015,10,9,7587,528,0.053708784769968605,282,4
2015-10-10,2015,10,10,7588,427,-0.15860348570766825,283,5
2015-10-11,2015,10,11,7589,388,-0.2543821593130193,284,6
2015-10-12,2015,10,12,7590,474,-0.05418017724121624,285,0
2015-10-13,2015,10,13,7591,496,-0.008811572211365326,286,1
2015-10-14,2015,10,14,7592,489,-0.023025009461420796,287,2
2015-10-15,2015,10,15,7593,525,0.04801076365533098,288,3
2015-10-16,2015,10,16,7594,522,0.04228008894634606,289,4
2015-10-17,2015,10,17,7595,414,-0.18952152511097844,290,5
2015-10-18,2015,10,18,7596,383,-0.2673525097556468,291,6
2015-10-19,2015,10,19,7597,452,-0.10170531910406158,292,0
2015-10-20,2015,10,20,7598,460,-0.08416100945315207,293,1
2015-10-21,2015,10,21,7599,533,0.06313392522955179,294,2
2015-10-22,2015,10,22,7600,504,0.007188769135075929,295,3
2015-10-23,2015,10,23,7601,498,-0.0047874219116398825,296,4
2015-10-24,2015,10,24,7602,358,-0.3348545125355925,297,5
2015-10-25,2015,10,25,7603,372,-0.2964936446631462,298,6
2015-10-26,2015,10,26,7604,463,-0.07766044485005867,299,0
2015-10-27,2015,10,27,7605,460,-0.08416100945315207,300,1
2015-10-28,2015,10,28,7606,468,-0.066919203018646,301,2
2015-10-29,2015,10,29,7607,507,0.01312350465489037,302,3
2015-10-30,2015,10,30,7608,510,0.019023226782078777,303,4
2015-10-31,2015,10,31,7609,378,-0.2804933033167051,304,5
2015-11-01,2015,11,1,7610,374,-0.2911317015217608,305,6
2015-11-02,2015,11,2,7611,469,-0.06478473049001338,306,0
2015-11-03,2015,11,3,7612,462,-0.0798226078545539,307,1
2015-11-04,2015,11,4,7613,519,0.03651638422959586,308,2
2015-11-05,2015,11,5,7614,516,0.03071926654527006,309,3
2015-11-06,2015,11,6,7615,510,0.019023226782078777,310,4
2015-11-07,2015,11,7,7616,415,-0.18710897870559454,311,5
2015-11-08,2015,11,8,7617,362,-0.32374328711052175,312,6
2015-11-09,2015,11,9,7618,530,0.05748950760987465,313,0
2015-11-10,2015,11,10,7619,456,-0.09289468942190668,314,1
2015-11-11,2015,11,11,7620,507,0.01312350465489037,315,2
2015-11-12,2015,11,12,7621,523,0.04419396512863013,316,3
2015-11-13,2015,11,13,7622,500,-0.0007794005141010613,317,4
2015-11-14,2015,11,14,7623,387,-0.25696280590651094,318,5
2015-11-15,2015,11,15,7624,385,-0.26214416464850854,319,6
2015-11-16,2015,11,16,7625,496,-0.008811572211365326,320,0
2015-11-17,2015,11,17,7626,483,-0.03537084528372003,321,1
2015-11-18,2015,11,18,7627,505,0.009170930339067029,322,2
2015-11-19,2015,11,19,7628,436,-0.13774525558725847,323,3
2015-11-20,2015,11,20,7629,512,0.02293712610321511,324,4
2015-11-21,2015,11,21,7630,403,-0.21645093698960974,325,5
2015-11-22,2015,11,22,7631,384,-0.2647449463485659,326,6
2015-11-23,2015,11,23,7632,436,-0.13774525558725847,327,0
2015-11-24,2015,11,24,7633,504,0.007188769135075929,328,1
2015-11-25,2015,11,25,7634,486,-0.02917887503579906,329,2
2015-11-26,2015,11,26,7635,512,0.02293712610321511,330,3
2015-11-27,2015,11,27,7636,507,0.01312350465489037,331,4
2015-11-28,2015,11,28,7637,406,-0.20903433933456006,332,5
2015-11-29,2015,11,29,7638,368,-0.30730456076736185,333,6
2015-11-30,2015,11,30,7639,490,-0.020982107831620526,334,0
2015-12-01,2015,12,1,7640,493,-0.014878324893602708,335,1
2015-12-02,2015,12,2,7641,471,-0.060529404919874984,336,2
2015-12-03,2015,12,3,7642,455,-0.09509007998534234,337,3
2015-12-04,2015,12,4,7643,510,0.019023226782078777,338,4
2015-12-05,2015,12,5,7644,383,-0.2673525097556468,339,5
2015-12-06,2015,12,6,7645,313,-0.4691843083961395,340,6
2015-12-07,2015,12,7,7646,422,-0.170382184900281,341,0
2015-12-08,2015,12,8,7647,474,-0.05418017724121624,342,1
2015-12-09,2015,12,9,7648,481,-0.03952022883053154,343,2
2015-12-10,2015,12,10,7649,463,-0.07766044485005867,344,3
2015-12-11,2015,12,11,7650,488,-0.025072093083145647,345,4
2015-12-12,2015,12,12,7651,363,-0.320984664671442,346,5
2015-12-13,2015,12,13,7652,355,-0.34326970946087704,347,6
2015-12-14,2015,12,14,7653,484,-0.03330259221966101,348,0
2015-12-15,2015,12,15,7654,485,-0.031238607998809516,349,1
2015-12-16,2015,12,16,7655,502,0.0032126207554365057,350,2
2015-12-17,2015,12,17,7656,484,-0.03330259221966101,351,3
2015-12-18,2015,12,18,7657,496,-0.008811572211365326,352,4
2015-12-19,2015,12,19,7658,406,-0.20903433933456006,353,5
2015-12-20,2015,12,20,7659,375,-0.2884614729658819,354,6
2015-12-21,2015,12,21,7660,544,0.08356174791964978,355,0
2015-12-22,2015,12,22,7661,493,-0.014878324893602708,356,1
2015-12-23,2015,12,23,7662,511,0.020982091267411646,357,2
2015-12-24,2015,12,24,7663,506,0.01114917035117286,358,3
2015-12-25,2015,12,25,7664,326,-0.42849011756958505,359,4
2015-12-26,2015,12,26,7665,292,-0.5386336966680111,360,5
2015-12-27,2015,12,27,7666,350,-0.3574543444528335,361,6
2015-12-28,2015,12,28,7667,487,-0.027123375853703034,362,0
2015-12-29,2015,12,29,7668,524,0.04610418538474929,363,1
2015-12-30,2015,12,30,7669,522,0.04228008894634606,364,2
2015-12-31,2015,12,31,7670,422,-0.170382184900281,365,3
2016-01-01,2016,1,1,7671,336,-0.39827633897308845,1,4
2016-01-02,2016,1,2,7672,373,-0.29380907929247724,2,5
2016-01-03,2016,1,3,7673,381,-0.2725881238095918,3,6
2016-01-04,2016,1,4,7674,499,-0.00278140318477414,4,0
2016-01-05,2016,1,5,7675,539,0.07432807197270441,5,1
2016-01-06,2016,1,6,7676,536,0.06874666213450913,6,2
2016-01-07,2016,1,7,7677,471,-0.060529404919874984,7,3
2016-01-08,2016,1,8,7678,539,0.07432807197270441,8,4
2016-01-09,2016,1,9,7679,374,-0.2911317015217608,9,5
2016-01-10,2016,1,10,7680,363,-0.320984664671442,10,6
2016-01-11,2016,1,11,7681,513,0.02488834623447675,11,0
2016-01-12,2016,1,12,7682,488,-0.025072093083145647,12,1
2016-01-13,2016,1,13,7683,449,-0.10836461119403848,13,2
2016-01-14,2016,1,14,7684,495,-0.01082973636760251,14,3
2016-01-15,2016,1,15,7685,514,0.02683576651887243,15,4
2016-01-16,2016,1,16,7686,371,-0.29918543632885763,16,5
2016-01-17,2016,1,17,7687,319,-0.45019639615144813,17,6
2016-01-18,2016,1,18,7688,437,-0.13545430384070264,18,0
2016-01-19,2016,1,19,7689,452,-0.10170531910406158,19,1
2016-01-20,2016,1,20,7690,534,0.06500834002390198,20,2
2016-01-21,2016,1,21,7691,503,0.005202671163446407,21,3
2016-01-22,2016,1,22,7692,482,-0.03744338488569241,22,4
2016-01-23,2016,1,23,7693,409,-0.20167234289349095,23,5
2016-01-24,2016,1,24,7694,378,-0.2804933033167051,24,6
2016-01-25,2016,1,25,7695,451,-0.10392015943361442,25,0
2016-01-26,2016,1,26,7696,518,0.03458774332319039,26,1
2016-01-27,2016,1,27,7697,500,-0.0007794005141010613,27,2
2016-01-28,2016,1,28,7698,486,-0.02917887503579906,28,3
2016-01-29,2016,1,29,7699,511,0.020982091267411646,29,4
2016-01-30,2016,1,30,7700,398,-0.22893549365185503,30,5
2016-01-31,2016,1,31,7701,360,-0.3292834674861371,31,6
2016-02-01,2016,2,1,7702,508,0.01509394864218921,32,0
2016-02-02,2016,2,2,7703,504,0.007188769135075929,33,1
2016-02-03,2016,2,3,7704,481,-0.03952022883053154,34,2
2016-02-04,2016,2,4,7705,524,0.04610418538474929,35,3
2016-02-05,2016,2,5,7706,464,-0.07550294671003747,36,4
2016-02-06,2016,2,6,7707,390,-0.24924075981260063,37,5
2016-02-07,2016,2,7,7708,397,-0.2314512182491023,38,6
2016-02-08,2016,2,8,7709,489,-0.023025009461420796,39,0
2016-02-09,2016,2,9,7710,539,0.07432807197270441,40,1
2016-02-10,2016,2,10,7711,510,0.019023226782078777,41,2
2016-02-11,2016,2,11,7712,461,-0.08198945593964423,42,3
2016-02-12,2016,2,12,7713,512,0.02293712610321511,43,4
2016-02-13,2016,2,13,7714,381,-0.2725881238095918,44,5
2016-02-14,2016,2,14,7715,368,-0.30730456076736185,45,6
2016-02-15,2016,2,15,7716,439,-0.13088808586112144,46,0
2016-02-16,2016,2,16,7717,518,0.03458774332319039,47,1
2016-02-17,2016,2,17,7718,506,0.01114917035117286,48,2
2016-02-18,2016,2,18,7719,515,0.028779401727443366,49,3
2016-02-19,2016,2,19,7720,509,0.017060517614229952,50,4
2016-02-20,2016,2,20,7721,387,-0.25696280590651094,51,5
2016-02-21,2016,2,21,7722,373,-0.29380907929247724,52,6
2016-02-22,2016,2,22,7723,435,-0.1400414678476087,53,0
2016-02-23,2016,2,23,7724,501,0.0012186021485719963,54,1
2016-02-24,2016,2,24,7725,464,-0.07550294671003747,55,2
2016-02-25,2016,2,25,7726,486,-0.02917887503579906,56,3
2016-02-26,2016,2,26,7727,490,-0.020982107831620526,57,4
2016-02-27,2016,2,27,7728,370,-0.30188449329802264,58,5
2016-02-28,2016,2,28,7729,356,-0.34045676808426234,59,6
2016-02-29,2016,2,29,7730,455,-0.09509007998534234,60,0
2016-03-01,2016,3,1,7731,463,-0.07766044485005867,61,1
2016-03-02,2016,3,2,7732,525,0.04801076365533098,62,2
2016-03-03,2016,3,3,7733,468,-0.066919203018646,63,3
2016-03-04,2016,3,4,7734,524,0.04610418538474929,64,4
2016-03-05,2016,3,5,7735,386,-0.2595501294714619,65,5
2016-03-06,2016,3,6,7736,352,-0.35175632333819573,66,6
2016-03-07,2016,3,7,7737,488,-0.025072093083145647,67,0
2016-03-08,2016,3,8,7738,507,0.01312350465489037,68,1
2016-03-09,2016,3,9,7739,492,-0.016908782443984704,69,2
2016-03-10,2016,3,10,7740,474,-0.05418017724121624,70,3
2016-03-11,2016,3,11,7741,553,0.09997050258604206,71,4
2016-03-12,2016,3,12,7742,383,-0.2673525097556468,72,5
2016-03-13,2016,3,13,7743,345,-0.3718430819049331,73,6
2016-03-14,2016,3,14,7744,447,-0.11282890432272394,74,0
2016-03-15,2016,3,15,7745,487,-0.027123375853703034,75,1
2016-03-16,2016,3,16,7746,506,0.01114917035117286,76,2
2016-03-17,2016,3,17,7747,482,-0.03744338488569241,77,3
2016-03-18,2016,3,18,7748,456,-0.09289468942190668,78,4
2016-03-19,2016,3,19,7749,368,-0.30730456076736185,79,5
2016-03-20,2016,3,20,7750,361,-0.32650954060341186,80,6
2016-03-21,2016,3,21,7751,458,-0.0885183148221078,81,0
2016-03-22,2016,3,22,7752,492,-0.016908782443984704,82,1
2016-03-23,2016,3,23,7753,493,-0.014878324893602708,83,2
2016-03-24,2016,3,24,7754,516,0.03071926654527006,84,3
2016-03-25,2016,3,25,7755,479,-0.043686901525377485,85,4
2016-03-26,2016,3,26,7756,370,-0.30188449329802264,86,5
2016-03-27,2016,3,27,7757,334,-0.4042465059595923,87,6
2016-03-28,2016,3,28,7758,400,-0.22392295182831073,88,0
2016-03-29,2016,3,29,7759,457,-0.09070410804208806,89,1
2016-03-30,2016,3,30,7760,521,0.040362542817074146,90,2
2016-03-31,2016,3,31,7761,511,0.020982091267411646,91,3
2016-04-01,2016,4,1,7762,483,-0.03537084528372003,92,4
2016-04-02,2016,4,2,7763,417,-0.18230127713749136,93,5
2016-04-03,2016,4,3,7764,388,-0.2543821593130193,94,6
2016-04-04,2016,4,4,7765,476,-0.04996964470487272,95,0
2016-04-05,2016,4,5,7766,504,0.007188769135075929,96,1
2016-04-06,2016,4,6,7767,499,-0.00278140318477414,97,2
2016-04-07,2016,4,7,7768,493,-0.014878324893602708,98,3
2016-04-08,2016,4,8,7769,527,0.051813049605069564,99,4
2016-04-09,2016,4,9,7770,396,-0.2339732876818122,100,5
2016-04-10,2016,4,10,7771,374,-0.2911317015217608,101,6
2016-04-11,2016,4,11,7772,508,0.01509394864218921,102,0
2016-04-12,2016,4,12,7773,511,0.020982091267411646,103,1
2016-04-13,2016,4,13,7774,447,-0.11282890432272394,104,2
2016-04-14,2016,4,14,7775,505,0.009170930339067029,105,3
2016-04-15,2016,4,15,7776,511,0.020982091267411646,106,4
2016-04-16,2016,4,16,7777,382,-0.26996689032971755,107,5
2016-04-17,2016,4,17,7778,358,-0.3348545125355925,108,6
2016-04-18,2016,4,18,7779,461,-0.08198945593964423,109,0
2016-04-19,2016,4,19,7780,506,0.01114917035117286,110,1
2016-04-20,2016,4,20,7781,494,-0.012851981748370309,111,2
2016-04-21,2016,4,21,7782,511,0.020982091267411646,112,3
2016-04-22,2016,4,22,7783,480,-0.04160139503435611,113,4
2016-04-23,2016,4,23,7784,388,-0.2543821593130193,114,5
2016-04-24,2016,4,24,7785,351,-0.354601275470427,115,6
2016-04-25,2016,4,25,7786,500,-0.0007794005141010613,116,0
2016-04-26,2016,4,26,7787,495,-0.01082973636760251,117,1
2016-04-27,2016,4,27,7788,410,-0.1992303392379392,118,2
2016-04-28,2016,4,28,7789,479,-0.043686901525377485,119,3
2016-04-29,2016,4,29,7790,557,0.1071777409909913,120,4
2016-04-30,2016,4,30,7791,396,-0.2339732876818122,121,5
2016-05-01,2016,5,1,7792,411,-0.1967942844400581,122,6
2016-05-02,2016,5,2,7793,505,0.009170930339067029,123,0
2016-05-03,2016,5,3,7794,515,0.028779401727443366,124,1
2016-05-04,2016,5,4,7795,499,-0.00278140318477414,125,2
2016-05-05,2016,5,5,7796,411,-0.1967942844400581,126,3
2016-05-06,2016,5,6,7797,534,0.06500834002390198,127,4
2016-05-07,2016,5,7,7798,445,-0.11731321677005256,128,5
2016-05-08,2016,5,8,7799,378,-0.2804933033167051,129,6
2016-05-09,2016,5,9,7800,501,0.0012186021485719963,130,0
2016-05-10,2016,5,10,7801,500,-0.0007794005141010613,131,1
2016-05-11,2016,5,11,7802,516,0.03071926654527006,132,2
2016-05-12,2016,5,12,7803,551,0.09634731021662175,133,3
2016-05-13,2016,5,13,7804,516,0.03071926654527006,134,4
2016-05-14,2016,5,14,7805,411,-0.1967942844400581,135,5
2016-05-15,2016,5,15,7806,375,-0.2884614729658819,136,6
2016-05-16,2016,5,16,7807,379,-0.2778512938538664,137,0
2016-05-17,2016,5,17,7808,450,-0.10613991617192732,138,1
2016-05-18,2016,5,18,7809,535,0.0668792479597138,139,2
2016-05-19,2016,5,19,7810,483,-0.03537084528372003,140,3
2016-05-20,2016,5,20,7811,491,-0.01894337114177224,141,4
2016-05-21,2016,5,21,7812,418,-0.1799060664115365,142,5
2016-05-22,2016,5,22,7813,380,-0.2752162462158613,143,6
2016-05-23,2016,5,23,7814,508,0.01509394864218921,144,0
2016-05-24,2016,5,24,7815,472,-0.05840851335073735,145,1
2016-05-25,2016,5,25,7816,497,-0.006797472839664082,146,2
2016-05-26,2016,5,26,7817,536,0.06874666213450913,147,3
2016-05-27,2016,5,27,7818,497,-0.006797472839664082,148,4
2016-05-28,2016,5,28,7819,432,-0.14696191069218248,149,5
2016-05-29,2016,5,29,7820,366,-0.3127541655349265,150,6
2016-05-30,2016,5,30,7821,463,-0.07766044485005867,151,0
2016-05-31,2016,5,31,7822,523,0.04419396512863013,152,1
2016-06-01,2016,6,1,7823,532,0.06125599040535152,153,2
2016-06-02,2016,6,2,7824,465,-0.07335009334893643,154,3
2016-06-03,2016,6,3,7825,478,-0.04577676644483675,155,4
2016-06-04,2016,6,4,7826,456,-0.09289468942190668,156,5
2016-06-05,2016,6,5,7827,372,-0.2964936446631462,157,6
2016-06-06,2016,6,6,7828,515,0.028779401727443366,158,0
2016-06-07,2016,6,7,7829,484,-0.03330259221966101,159,1
2016-06-08,2016,6,8,7830,514,0.02683576651887243,160,2
2016-06-09,2016,6,9,7831,513,0.02488834623447675,161,3
2016-06-10,2016,6,10,7832,526,0.04991371380141699,162,4
2016-06-11,2016,6,11,7833,413,-0.1919399059752601,163,5
2016-06-12,2016,6,12,7834,340,-0.38644188132608576,164,6
2016-06-13,2016,6,13,7835,488,-0.025072093083145647,165,0
2016-06-14,2016,6,14,7836,500,-0.0007794005141010613,166,1
2016-06-15,2016,6,15,7837,533,0.06313392522955179,167,2
2016-06-16,2016,6,16,7838,562,0.11611435095739826,168,3
2016-06-17,2016,6,17,7839,542,0.07987850250335336,169,4
2016-06-18,2016,6,18,7840,376,-0.28579835554639826,170,5
2016-06-19,2016,6,19,7841,338,-0.39234160345327407,171,6
2016-06-20,2016,6,20,7842,489,-0.023025009461420796,172,0
2016-06-21,2016,6,21,7843,523,0.04419396512863013,173,1
2016-06-22,2016,6,22,7844,520,0.038441312639180374,174,2
2016-06-23,2016,6,23,7845,536,0.06874666213450913,175,3
2016-06-24,2016,6,24,7846,555,0.10358061481014179,176,4
2016-06-25,2016,6,25,7847,463,-0.07766044485005867,177,5
2016-06-26,2016,6,26,7848,384,-0.2647449463485659,178,6
2016-06-27,2016,6,27,7849,540,0.07618164062202722,179,0
2016-06-28,2016,6,28,7850,540,0.07618164062202722,180,1
2016-06-29,2016,6,29,7851,491,-0.01894337114177224,181,2
2016-06-30,2016,6,30,7852,531,0.05937452230564608,182,3
2016-07-01,2016,7,1,7853,539,0.07432807197270441,183,4
2016-07-02,2016,7,2,7854,431,-0.149279408832545,184,5
2016-07-03,2016,7,3,7855,374,-0.2911317015217608,185,6
2016-07-04,2016,7,4,7856,508,0.01509394864218921,186,0
2016-07-05,2016,7,5,7857,538,0.07247106122549156,187,1
2016-07-06,2016,7,6,7858,541,0.07803177991018878,188,2
2016-07-07,2016,7,7,7859,529,0.05560093292200662,189,3
2016-07-08,2016,7,8,7860,610,0.19807145823106417,190,4
2016-07-09,2016,7,9,7861,455,-0.09509007998534234,191,5
2016-07-10,2016,7,10,7862,398,-0.22893549365185503,192,6
2016-07-11,2016,7,11,7863,510,0.019023226782078777,193,0
2016-07-12,2016,7,12,7864,544,0.08356174791964978,194,1
2016-07-13,2016,7,13,7865,558,0.10897146344501811,195,2
2016-07-14,2016,7,14,7866,550,0.09453077929022377,196,3
2016-07-15,2016,7,15,7867,553,0.09997050258604206,197,4
2016-07-16,2016,7,16,7868,465,-0.07335009334893643,198,5
2016-07-17,2016,7,17,7869,410,-0.1992303392379392,199,6
2016-07-18,2016,7,18,7870,530,0.05748950760987465,200,0
2016-07-19,2016,7,19,7871,562,0.11611435095739826,201,1
2016-07-20,2016,7,20,7872,557,0.1071777409909913,202,2
2016-07-21,2016,7,21,7873,560,0.1125492847929021,203,3
2016-07-22,2016,7,22,7874,506,0.01114917035117286,204,4
2016-07-23,2016,7,23,7875,446,-0.11506854691622871,205,5
2016-07-24,2016,7,24,7876,450,-0.10613991617192732,206,6
2016-07-25,2016,7,25,7877,515,0.028779401727443366,207,0
2016-07-26,2016,7,26,7878,584,0.15451348389193428,208,1
2016-07-27,2016,7,27,7879,535,0.0668792479597138,209,2
2016-07-28,2016,7,28,7880,499,-0.00278140318477414,210,3
2016-07-29,2016,7,29,7881,570,0.13024886189230303,211,4
2016-07-30,2016,7,30,7882,437,-0.13545430384070264,212,5
2016-07-31,2016,7,31,7883,402,-0.21893541031727165,213,6
2016-08-01,2016,8,1,7884,474,-0.05418017724121624,214,0
2016-08-02,2016,8,2,7885,547,0.08906130348568847,215,1
2016-08-03,2016,8,3,7886,547,0.08906130348568847,216,2
2016-08-04,2016,8,4,7887,561,0.11433340658640359,217,3
2016-08-05,2016,8,5,7888,548,0.0908877880117227,218,4
2016-08-06,2016,8,6,7889,461,-0.08198945593964423,219,5
2016-08-07,2016,8,7,7890,366,-0.3127541655349265,220,6
2016-08-08,2016,8,8,7891,516,0.03071926654527006,221,0
2016-08-09,2016,8,9,7892,540,0.07618164062202722,222,1
2016-08-10,2016,8,10,7893,534,0.06500834002390198,223,2
2016-08-11,2016,8,11,7894,524,0.04610418538474929,224,3
2016-08-12,2016,8,12,7895,562,0.11611435095739826,225,4
2016-08-13,2016,8,13,7896,433,-0.14464977093380296,226,5
2016-08-14,2016,8,14,7897,388,-0.2543821593130193,227,6
2016-08-15,2016,8,15,7898,482,-0.03744338488569241,228,0
2016-08-16,2016,8,16,7899,534,0.06500834002390198,229,1
2016-08-17,2016,8,17,7900,542,0.07987850250335336,230,2
2016-08-18,2016,8,18,7901,543,0.08172182099764269,231,3
2016-08-19,2016,8,19,7902,520,0.038441312639180374,232,4
2016-08-20,2016,8,20,7903,427,-0.15860348570766825,233,5
2016-08-21,2016,8,21,7904,405,-0.21150043182975356,234,6
2016-08-22,2016,8,22,7905,528,0.053708784769968605,235,0
2016-08-23,2016,8,23,7906,494,-0.012851981748370309,236,1
2016-08-24,2016,8,24,7907,563,0.11789212920339767,237,2
2016-08-25,2016,8,25,7908,541,0.07803177991018878,238,3
2016-08-26,2016,8,26,7909,561,0.11433340658640359,239,4
2016-08-27,2016,8,27,7910,425,-0.163298330011876,240,5
2016-08-28,2016,8,28,7911,419,-0.1775165790141551,241,6
2016-08-29,2016,8,29,7912,519,0.03651638422959586,242,0
2016-08-30,2016,8,30,7913,554,0.10177718781099099,243,1
2016-08-31,2016,8,31,7914,526,0.04991371380141699,244,2
2016-09-01,2016,9,1,7915,513,0.02488834623447675,245,3
2016-09-02,2016,9,2,7916,550,0.09453077929022377,246,4
2016-09-03,2016,9,3,7917,426,-0.1609481526669224,247,5
2016-09-04,2016,9,4,7918,398,-0.22893549365185503,248,6
2016-09-05,2016,9,5,7919,503,0.005202671163446407,249,0
2016-09-06,2016,9,6,7920,580,0.14764060460417222,250,1
2016-09-07,2016,9,7,7921,545,0.08539829572695133,251,2
2016-09-08,2016,9,8,7922,516,0.03071926654527006,252,3
2016-09-09,2016,9,9,7923,500,-0.0007794005141010613,253,4
2016-09-10,2016,9,10,7924,461,-0.08198945593964423,254,5
2016-09-11,2016,9,11,7925,399,-0.22642608204642928,255,6
2016-09-12,2016,9,12,7926,526,0.04991371380141699,256,0
2016-09-13,2016,9,13,7927,584,0.15451348389193428,257,1
2016-09-14,2016,9,14,7928,552,0.09816054734080248,258,2
2016-09-15,2016,9,15,7929,538,0.07247106122549156,259,3
2016-09-16,2016,9,16,7930,599,0.17987409917915648,260,4
2016-09-17,2016,9,17,7931,454,-0.09729030089494478,261,5
2016-09-18,2016,9,18,7932,366,-0.3127541655349265,262,6
2016-09-19,2016,9,19,7933,489,-0.023025009461420796,263,0
2016-09-20,2016,9,20,7934,537,0.07061059557257193,264,1
2016-09-21,2016,9,21,7935,519,0.03651638422959586,265,2
2016-09-22,2016,9,22,7936,555,0.10358061481014179,266,3
2016-09-23,2016,9,23,7937,530,0.05748950760987465,267,4
2016-09-24,2016,9,24,7938,463,-0.07766044485005867,268,5
2016-09-25,2016,9,25,7939,412,-0.19436414958676645,269,6
2016-09-26,2016,9,26,7940,482,-0.03744338488569241,270,0
2016-09-27,2016,9,27,7941,503,0.005202671163446407,271,1
2016-09-28,2016,9,28,7942,542,0.07987850250335336,272,2
2016-09-29,2016,9,29,7943,558,0.10897146344501811,273,3
2016-09-30,2016,9,30,7944,545,0.08539829572695133,274,4
2016-10-01,2016,10,1,7945,467,-0.06905824126739543,275,5
2016-10-02,2016,10,2,7946,365,-0.31549014535380127,276,6
2016-10-03,2016,10,3,7947,508,0.01509394864218921,277,0
2016-10-04,2016,10,4,7948,517,0.03265537557213635,278,1
2016-10-05,2016,10,5,7949,506,0.01114917035117286,279,2
2016-10-06,2016,10,6,7950,541,0.07803177991018878,280,3
2016-10-07,2016,10,7,7951,522,0.04228008894634606,281,4
2016-10-08,2016,10,8,7952,438,-0.13316858855984665,282,5
2016-10-09,2016,10,9,7953,390,-0.24924075981260063,283,6
2016-10-10,2016,10,10,7954,481,-0.03952022883053154,284,0
2016-10-11,2016,10,11,7955,502,0.0032126207554365057,285,1
2016-10-12,2016,10,12,7956,501,0.0012186021485719963,286,2
2016-10-13,2016,10,13,7957,529,0.05560093292200662,287,3
2016-10-14,2016,10,14,7958,523,0.04419396512863013,288,4
2016-10-15,2016,10,15,7959,390,-0.24924075981260063,289,5
2016-10-16,2016,10,16,7960,384,-0.2647449463485659,290,6
2016-10-17,2016,10,17,7961,517,0.03265537557213635,291,0
2016-10-18,2016,10,18,7962,472,-0.05840851335073735,292,1
2016-10-19,2016,10,19,7963,517,0.03265537557213635,293,2
2016-10-20,2016,10,20,7964,471,-0.060529404919874984,294,3
2016-10-21,2016,10,21,7965,520,0.038441312639180374,295,4
2016-10-22,2016,10,22,7966,427,-0.15860348570766825,296,5
2016-10-23,2016,10,23,7967,382,-0.26996689032971755,297,6
2016-10-24,2016,10,24,7968,449,-0.10836461119403848,298,0
2016-10-25,2016,10,25,7969,491,-0.01894337114177224,299,1
2016-10-26,2016,10,26,7970,494,-0.012851981748370309,300,2
2016-10-27,2016,10,27,7971,473,-0.056292110444359764,301,3
2016-10-28,2016,10,28,7972,496,-0.008811572211365326,302,4
2016-10-29,2016,10,29,7973,370,-0.30188449329802264,303,5
2016-10-30,2016,10,30,7974,406,-0.20903433933456006,304,6
2016-10-31,2016,10,31,7975,467,-0.06905824126739543,305,0
2016-11-01,2016,11,1,7976,419,-0.1775165790141551,306,1
2016-11-02,2016,11,2,7977,487,-0.027123375853703034,307,2
2016-11-03,2016,11,3,7978,475,-0.05207269490165152,308,3
2016-11-04,2016,11,4,7979,508,0.01509394864218921,309,4
2016-11-05,2016,11,5,7980,441,-0.12634262348944678,310,5
2016-11-06,2016,11,6,7981,380,-0.2752162462158613,311,6
2016-11-07,2016,11,7,7982,476,-0.04996964470487272,312,0
2016-11-08,2016,11,8,7983,455,-0.09509007998534234,313,1
2016-11-09,2016,11,9,7984,475,-0.05207269490165152,314,2
2016-11-10,2016,11,10,7985,534,0.06500834002390198,315,3
2016-11-11,2016,11,11,7986,481,-0.03952022883053154,316,4
2016-11-12,2016,11,12,7987,372,-0.2964936446631462,317,5
2016-11-13,2016,11,13,7988,353,-0.34891944200299607,318,6
2016-11-14,2016,11,14,7989,455,-0.09509007998534234,319,0
2016-11-15,2016,11,15,7990,471,-0.060529404919874984,320,1
2016-11-16,2016,11,16,7991,494,-0.012851981748370309,321,2
2016-11-17,2016,11,17,7992,464,-0.07550294671003747,322,3
2016-11-18,2016,11,18,7993,475,-0.05207269490165152,323,4
2016-11-19,2016,11,19,7994,408,-0.204120324532131,324,5
2016-11-20,2016,11,20,7995,376,-0.28579835554639826,325,6
2016-11-21,2016,11,21,7996,487,-0.027123375853703034,326,0
2016-11-22,2016,11,22,7997,455,-0.09509007998534234,327,1
2016-11-23,2016,11,23,7998,489,-0.023025009461420796,328,2
2016-11-24,2016,11,24,7999,466,-0.07120186481064687,329,3
2016-11-25,2016,11,25,8000,486,-0.02917887503579906,330,4
2016-11-26,2016,11,26,8001,376,-0.28579835554639826,331,5
2016-11-27,2016,11,27,8002,346,-0.3689487238785686,332,6
2016-11-28,2016,11,28,8003,446,-0.11506854691622871,333,0
2016-11-29,2016,11,29,8004,451,-0.10392015943361442,334,1
2016-11-30,2016,11,30,8005,503,0.005202671163446407,335,2
2016-12-01,2016,12,1,8006,498,-0.0047874219116398825,336,3
2016-12-02,2016,12,2,8007,493,-0.014878324893602708,337,4
2016-12-03,2016,12,3,8008,361,-0.32650954060341186,338,5
2016-12-04,2016,12,4,8009,367,-0.3100256508817225,339,6
2016-12-05,2016,12,5,8010,417,-0.18230127713749136,340,0
2016-12-06,2016,12,6,8011,484,-0.03330259221966101,341,1
2016-12-07,2016,12,7,8012,438,-0.13316858855984665,342,2
2016-12-08,2016,12,8,8013,476,-0.04996964470487272,343,3
2016-12-09,2016,12,9,8014,477,-0.04787100804795151,344,4
2016-12-10,2016,12,10,8015,386,-0.2595501294714619,345,5
2016-12-11,2016,12,11,8016,337,-0.39530456858393115,346,6
2016-12-12,2016,12,12,8017,472,-0.05840851335073735,347,0
2016-12-13,2016,12,13,8018,486,-0.02917887503579906,348,1
2016-12-14,2016,12,14,8019,472,-0.05840851335073735,349,2
2016-12-15,2016,12,15,8020,509,0.017060517614229952,350,3
2016-12-16,2016,12,16,8021,515,0.028779401727443366,351,4
2016-12-17,2016,12,17,8022,364,-0.3182336312995521,352,5
2016-12-18,2016,12,18,8023,319,-0.45019639615144813,353,6
2016-12-19,2016,12,19,8024,509,0.017060517614229952,354,0
2016-12-20,2016,12,20,8025,482,-0.03744338488569241,355,1
2016-12-21,2016,12,21,8026,537,0.07061059557257193,356,2
2016-12-22,2016,12,22,8027,503,0.005202671163446407,357,3
2016-12-23,2016,12,23,8028,498,-0.0047874219116398825,358,4
2016-12-24,2016,12,24,8029,390,-0.24924075981260063,359,5
2016-12-25,2016,12,25,8030,326,-0.42849011756958505,360,6
2016-12-26,2016,12,26,8031,309,-0.4820462220385473,361,0
2016-12-27,2016,12,27,8032,422,-0.170382184900281,362,1
2016-12-28,2016,12,28,8033,488,-0.025072093083145647,363,2
2016-12-29,2016,12,29,8034,512,0.02293712610321511,364,3
2016-12-30,2016,12,30,8035,471,-0.060529404919874984,365,4
2016-12-31,2016,12,31,8036,333,-0.40724500895584886,366,5
2017-01-01,2017,1,1,8037,326,-0.42849011756958505,1,6
2017-01-02,2017,1,2,8038,454,-0.09729030089494478,2,0
2017-01-03,2017,1,3,8039,507,0.01312350465489037,3,1
2017-01-04,2017,1,4,8040,487,-0.027123375853703034,4,2
2017-01-05,2017,1,5,8041,484,-0.03330259221966101,5,3
2017-01-06,2017,1,6,8042,479,-0.043686901525377485,6,4
2017-01-07,2017,1,7,8043,406,-0.20903433933456006,7,5
2017-01-08,2017,1,8,8044,351,-0.354601275470427,8,6
2017-01-09,2017,1,9,8045,440,-0.12861277202398594,9,0
2017-01-10,2017,1,10,8046,518,0.03458774332319039,10,1
2017-01-11,2017,1,11,8047,479,-0.043686901525377485,11,2
2017-01-12,2017,1,12,8048,508,0.01509394864218921,12,3
2017-01-13,2017,1,13,8049,489,-0.023025009461420796,13,4
2017-01-14,2017,1,14,8050,359,-0.3320651104480139,14,5
2017-01-15,2017,1,15,8051,357,-0.3376517171566537,15,6
2017-01-16,2017,1,16,8052,458,-0.0885183148221078,16,0
2017-01-17,2017,1,17,8053,519,0.03651638422959586,17,1
2017-01-18,2017,1,18,8054,438,-0.13316858855984665,18,2
2017-01-19,2017,1,19,8055,458,-0.0885183148221078,19,3
2017-01-20,2017,1,20,8056,466,-0.07120186481064687,20,4
2017-01-21,2017,1,21,8057,428,-0.156264303354496,21,5
2017-01-22,2017,1,22,8058,373,-0.29380907929247724,22,6
2017-01-23,2017,1,23,8059,478,-0.04577676644483675,23,0
2017-01-24,2017,1,24,8060,524,0.04610418538474929,24,1
2017-01-25,2017,1,25,8061,521,0.040362542817074146,25,2
2017-01-26,2017,1,26,8062,498,-0.0047874219116398825,26,3
2017-01-27,2017,1,27,8063,525,0.04801076365533098,27,4
2017-01-28,2017,1,28,8064,440,-0.12861277202398594,28,5
2017-01-29,2017,1,29,8065,369,-0.3045908548957656,29,6
2017-01-30,2017,1,30,8066,466,-0.07120186481064687,30,0
2017-01-31,2017,1,31,8067,485,-0.031238607998809516,31,1
2017-02-01,2017,2,1,8068,502,0.0032126207554365057,32,2
2017-02-02,2017,2,2,8069,511,0.020982091267411646,33,3
2017-02-03,2017,2,3,8070,525,0.04801076365533098,34,4
2017-02-04,2017,2,4,8071,372,-0.2964936446631462,35,5
2017-02-05,2017,2,5,8072,377,-0.283142311488282,36,6
2017-02-06,2017,2,6,8073,442,-0.12407761685859466,37,0
2017-02-07,2017,2,7,8074,551,0.09634731021662175,38,1
2017-02-08,2017,2,8,8075,448,-0.1105942665213076,39,2
2017-02-09,2017,2,9,8076,518,0.03458774332319039,40,3
2017-02-10,2017,2,10,8077,506,0.01114917035117286,41,4
2017-02-11,2017,2,11,8078,402,-0.21893541031727165,42,5
2017-02-12,2017,2,12,8079,354,-0.34609058580251834,43,6
2017-02-13,2017,2,13,8080,478,-0.04577676644483675,44,0
2017-02-14,2017,2,14,8081,519,0.03651638422959586,45,1
2017-02-15,2017,2,15,8082,480,-0.04160139503435611,46,2
2017-02-16,2017,2,16,8083,468,-0.066919203018646,47,3
2017-02-17,2017,2,17,8084,502,0.0032126207554365057,48,4
2017-02-18,2017,2,18,8085,353,-0.34891944200299607,49,5
2017-02-19,2017,2,19,8086,349,-0.36031557673386566,50,6
2017-02-20,2017,2,20,8087,440,-0.12861277202398594,51,0
2017-02-21,2017,2,21,8088,463,-0.07766044485005867,52,1
2017-02-22,2017,2,22,8089,501,0.0012186021485719963,53,2
2017-02-23,2017,2,23,8090,427,-0.15860348570766825,54,3
2017-02-24,2017,2,24,8091,466,-0.07120186481064687,55,4
2017-02-25,2017,2,25,8092,361,-0.32650954060341186,56,5
2017-02-26,2017,2,26,8093,307,-0.4885397513490956,57,6
2017-02-27,2017,2,27,8094,461,-0.08198945593964423,58,0
2017-02-28,2017,2,28,8095,484,-0.03330259221966101,59,1
2017-03-01,2017,3,1,8096,462,-0.0798226078545539,60,2
2017-03-02,2017,3,2,8097,477,-0.04787100804795151,61,3
2017-03-03,2017,3,3,8098,492,-0.016908782443984704,62,4
2017-03-04,2017,3,4,8099,402,-0.21893541031727165,63,5
2017-03-05,2017,3,5,8100,362,-0.32374328711052175,64,6
2017-03-06,2017,3,6,8101,443,-0.12181772889115713,65,0
2017-03-07,2017,3,7,8102,487,-0.027123375853703034,66,1
2017-03-08,2017,3,8,8103,466,-0.07120186481064687,67,2
2017-03-09,2017,3,9,8104,430,-0.15160229024868468,68,3
2017-03-10,2017,3,10,8105,488,-0.025072093083145647,69,4
2017-03-11,2017,3,11,8106,349,-0.36031557673386566,70,5
2017-03-12,2017,3,12,8107,328,-0.42237389055214897,71,6
2017-03-13,2017,3,13,8108,438,-0.13316858855984665,72,0
2017-03-14,2017,3,14,8109,453,-0.09949537345325875,73,1
2017-03-15,2017,3,15,8110,485,-0.031238607998809516,74,2
2017-03-16,2017,3,16,8111,437,-0.13545430384070264,75,3
2017-03-17,2017,3,17,8112,453,-0.09949537345325875,76,4
2017-03-18,2017,3,18,8113,372,-0.2964936446631462,77,5
2017-03-19,2017,3,19,8114,354,-0.34609058580251834,78,6
2017-03-20,2017,3,20,8115,450,-0.10613991617192732,79,0
2017-03-21,2017,3,21,8116,470,-0.06265480423218847,80,1
2017-03-22,2017,3,22,8117,475,-0.05207269490165152,81,2
2017-03-23,2017,3,23,8118,498,-0.0047874219116398825,82,3
2017-03-24,2017,3,24,8119,498,-0.0047874219116398825,83,4
2017-03-25,2017,3,25,8120,384,-0.2647449463485659,84,5
2017-03-26,2017,3,26,8121,361,-0.32650954060341186,85,6
2017-03-27,2017,3,27,8122,457,-0.09070410804208806,86,0
2017-03-28,2017,3,28,8123,464,-0.07550294671003747,87,1
2017-03-29,2017,3,29,8124,484,-0.03330259221966101,88,2
2017-03-30,2017,3,30,8125,479,-0.043686901525377485,89,3
2017-03-31,2017,3,31,8126,481,-0.03952022883053154,90,4
2017-04-01,2017,4,1,8127,401,-0.22142607162972353,91,5
2017-04-02,2017,4,2,8128,308,-0.4852877159627183,92,6
2017-04-03,2017,4,3,8129,465,-0.07335009334893643,93,0
2017-04-04,2017,4,4,8130,475,-0.05207269490165152,94,1
2017-04-05,2017,4,5,8131,467,-0.06905824126739543,95,2
2017-04-06,2017,4,6,8132,451,-0.10392015943361442,96,3
2017-04-07,2017,4,7,8133,494,-0.012851981748370309,97,4
2017-04-08,2017,4,8,8134,380,-0.2752162462158613,98,5
2017-04-09,2017,4,9,8135,346,-0.3689487238785686,99,6
2017-04-10,2017,4,10,8136,472,-0.05840851335073735,100,0
2017-04-11,2017,4,11,8137,522,0.04228008894634606,101,1
2017-04-12,2017,4,12,8138,494,-0.012851981748370309,102,2
2017-04-13,2017,4,13,8139,494,-0.012851981748370309,103,3
2017-04-14,2017,4,14,8140,506,0.01114917035117286,104,4
2017-04-15,2017,4,15,8141,394,-0.23903658963835892,105,5
2017-04-16,2017,4,16,8142,369,-0.3045908548957656,106,6
2017-04-17,2017,4,17,8143,357,-0.3376517171566537,107,0
2017-04-18,2017,4,18,8144,447,-0.11282890432272394,108,1
2017-04-19,2017,4,19,8145,460,-0.08416100945315207,109,2
2017-04-20,2017,4,20,8146,468,-0.066919203018646,110,3
2017-04-21,2017,4,21,8147,538,0.07247106122549156,111,4
2017-04-22,2017,4,22,8148,396,-0.2339732876818122,112,5
2017-04-23,2017,4,23,8149,406,-0.20903433933456006,113,6
2017-04-24,2017,4,24,8150,501,0.0012186021485719963,114,0
2017-04-25,2017,4,25,8151,489,-0.023025009461420796,115,1
2017-04-26,2017,4,26,8152,533,0.06313392522955179,116,2
2017-04-27,2017,4,27,8153,444,-0.11956293650406802,117,3
2017-04-28,2017,4,28,8154,482,-0.03744338488569241,118,4
2017-04-29,2017,4,29,8155,445,-0.11731321677005256,119,5
2017-04-30,2017,4,30,8156,397,-0.2314512182491023,120,6
2017-05-01,2017,5,1,8157,475,-0.05207269490165152,121,0
2017-05-02,2017,5,2,8158,523,0.04419396512863013,122,1
2017-05-03,2017,5,3,8159,512,0.02293712610321511,123,2
2017-05-04,2017,5,4,8160,446,-0.11506854691622871,124,3
2017-05-05,2017,5,5,8161,436,-0.13774525558725847,125,4
2017-05-06,2017,5,6,8162,386,-0.2595501294714619,126,5
2017-05-07,2017,5,7,8163,389,-0.25180815531784645,127,6
2017-05-08,2017,5,8,8164,495,-0.01082973636760251,128,0
2017-05-09,2017,5,9,8165,502,0.0032126207554365057,129,1
2017-05-10,2017,5,10,8166,497,-0.006797472839664082,130,2
2017-05-11,2017,5,11,8167,511,0.020982091267411646,131,3
2017-05-12,2017,5,12,8168,476,-0.04996964470487272,132,4
2017-05-13,2017,5,13,8169,369,-0.3045908548957656,133,5
2017-05-14,2017,5,14,8170,359,-0.3320651104480139,134,6
2017-05-15,2017,5,15,8171,475,-0.05207269490165152,135,0
2017-05-16,2017,5,16,8172,501,0.0012186021485719963,136,1
2017-05-17,2017,5,17,8173,505,0.009170930339067029,137,2
2017-05-18,2017,5,18,8174,540,0.07618164062202722,138,3
2017-05-19,2017,5,19,8175,503,0.005202671163446407,139,4
2017-05-20,2017,5,20,8176,387,-0.25696280590651094,140,5
2017-05-21,2017,5,21,8177,377,-0.283142311488282,141,6
2017-05-22,2017,5,22,8178,513,0.02488834623447675,142,0
2017-05-23,2017,5,23,8179,524,0.04610418538474929,143,1
2017-05-24,2017,5,24,8180,484,-0.03330259221966101,144,2
2017-05-25,2017,5,25,8181,399,-0.22642608204642928,145,3
2017-05-26,2017,5,26,8182,499,-0.00278140318477414,146,4
2017-05-27,2017,5,27,8183,431,-0.149279408832545,147,5
2017-05-28,2017,5,28,8184,372,-0.2964936446631462,148,6
2017-05-29,2017,5,29,8185,475,-0.05207269490165152,149,0
2017-05-30,2017,5,30,8186,520,0.038441312639180374,150,1
2017-05-31,2017,5,31,8187,474,-0.05418017724121624,151,2
2017-06-01,2017,6,1,8188,492,-0.016908782443984704,152,3
2017-06-02,2017,6,2,8189,511,0.020982091267411646,153,4
2017-06-03,2017,6,3,8190,377,-0.283142311488282,154,5
2017-06-04,2017,6,4,8191,382,-0.26996689032971755,155,6
2017-06-05,2017,6,5,8192,367,-0.3100256508817225,156,0
2017-06-06,2017,6,6,8193,468,-0.066919203018646,157,1
2017-06-07,2017,6,7,8194,471,-0.060529404919874984,158,2
2017-06-08,2017,6,8,8195,483,-0.03537084528372003,159,3
2017-06-09,2017,6,9,8196,527,0.051813049605069564,160,4
2017-06-10,2017,6,10,8197,420,-0.17513278765887882,161,5
2017-06-11,2017,6,11,8198,364,-0.3182336312995521,162,6
2017-06-12,2017,6,12,8199,467,-0.06905824126739543,163,0
2017-06-13,2017,6,13,8200,486,-0.02917887503579906,164,1
2017-06-14,2017,6,14,8201,538,0.07247106122549156,165,2
2017-06-15,2017,6,15,8202,520,0.038441312639180374,166,3
2017-06-16,2017,6,16,8203,517,0.03265537557213635,167,4
2017-06-17,2017,6,17,8204,356,-0.34045676808426234,168,5
2017-06-18,2017,6,18,8205,416,-0.18470223867502955,169,6
2017-06-19,2017,6,19,8206,489,-0.023025009461420796,170,0
2017-06-20,2017,6,20,8207,460,-0.08416100945315207,171,1
2017-06-21,2017,6,21,8208,512,0.02293712610321511,172,2
2017-06-22,2017,6,22,8209,499,-0.00278140318477414,173,3
2017-06-23,2017,6,23,8210,495,-0.01082973636760251,174,4
2017-06-24,2017,6,24,8211,413,-0.1919399059752601,175,5
2017-06-25,2017,6,25,8212,358,-0.3348545125355925,176,6
2017-06-26,2017,6,26,8213,478,-0.04577676644483675,177,0
2017-06-27,2017,6,27,8214,583,0.1527996874141997,178,1
2017-06-28,2017,6,28,8215,536,0.06874666213450913,179,2
2017-06-29,2017,6,29,8216,497,-0.006797472839664082,180,3
2017-06-30,2017,6,30,8217,510,0.019023226782078777,181,4
2017-07-01,2017,7,1,8218,404,-0.21397262097514264,182,5
2017-07-02,2017,7,2,8219,421,-0.1727546652539114,183,6
2017-07-03,2017,7,3,8220,446,-0.11506854691622871,184,0
2017-07-04,2017,7,4,8221,485,-0.031238607998809516,185,1
2017-07-05,2017,7,5,8222,517,0.03265537557213635,186,2
2017-07-06,2017,7,6,8223,535,0.0668792479597138,187,3
2017-07-07,2017,7,7,8224,544,0.08356174791964978,188,4
2017-07-08,2017,7,8,8225,421,-0.1727546652539114,189,5
2017-07-09,2017,7,9,8226,401,-0.22142607162972353,190,6
2017-07-10,2017,7,10,8227,514,0.02683576651887243,191,0
2017-07-11,2017,7,11,8228,515,0.028779401727443366,192,1
2017-07-12,2017,7,12,8229,479,-0.043686901525377485,193,2
2017-07-13,2017,7,13,8230,533,0.06313392522955179,194,3
2017-07-14,2017,7,14,8231,545,0.08539829572695133,195,4
2017-07-15,2017,7,15,8232,423,-0.16801531989001484,196,5
2017-07-16,2017,7,16,8233,412,-0.19436414958676645,197,6
2017-07-17,2017,7,17,8234,501,0.0012186021485719963,198,0
2017-07-18,2017,7,18,8235,521,0.040362542817074146,199,1
2017-07-19,2017,7,19,8236,521,0.040362542817074146,200,2
2017-07-20,2017,7,20,8237,502,0.0032126207554365057,201,3
2017-07-21,2017,7,21,8238,538,0.07247106122549156,202,4
2017-07-22,2017,7,22,8239,457,-0.09070410804208806,203,5
2017-07-23,2017,7,23,8240,350,-0.3574543444528335,204,6
2017-07-24,2017,7,24,8241,519,0.03651638422959586,205,0
2017-07-25,2017,7,25,8242,545,0.08539829572695133,206,1
2017-07-26,2017,7,26,8243,561,0.11433340658640359,207,2
2017-07-27,2017,7,27,8244,537,0.07061059557257193,208,3
2017-07-28,2017,7,28,8245,524,0.04610418538474929,209,4
2017-07-29,2017,7,29,8246,434,-0.14234296483588793,210,5
2017-07-30,2017,7,30,8247,386,-0.2595501294714619,211,6
2017-07-31,2017,7,31,8248,531,0.05937452230564608,212,0
2017-08-01,2017,8,1,8249,514,0.02683576651887243,213,1
2017-08-02,2017,8,2,8250,548,0.0908877880117227,214,2
2017-08-03,2017,8,3,8251,553,0.09997050258604206,215,3
2017-08-04,2017,8,4,8252,566,0.12320657926689012,216,4
2017-08-05,2017,8,5,8253,423,-0.16801531989001484,217,5
2017-08-06,2017,8,6,8254,404,-0.21397262097514264,218,6
2017-08-07,2017,8,7,8255,502,0.0032126207554365057,219,0
2017-08-08,2017,8,8,8256,568,0.12673391978485854,220,1
2017-08-09,2017,8,9,8257,554,0.10177718781099099,221,2
2017-08-10,2017,8,10,8258,525,0.04801076365533098,222,3
2017-08-11,2017,8,11,8259,526,0.04991371380141699,223,4
2017-08-12,2017,8,12,8260,444,-0.11956293650406802,224,5
2017-08-13,2017,8,13,8261,350,-0.3574543444528335,225,6
2017-08-14,2017,8,14,8262,466,-0.07120186481064687,226,0
2017-08-15,2017,8,15,8263,542,0.07987850250335336,227,1
2017-08-16,2017,8,16,8264,540,0.07618164062202722,228,2
2017-08-17,2017,8,17,8265,514,0.02683576651887243,229,3
2017-08-18,2017,8,18,8266,531,0.05937452230564608,230,4
2017-08-19,2017,8,19,8267,400,-0.22392295182831073,231,5
2017-08-20,2017,8,20,8268,366,-0.3127541655349265,232,6
2017-08-21,2017,8,21,8269,493,-0.014878324893602708,233,0
2017-08-22,2017,8,22,8270,564,0.11966675256176608,234,1
2017-08-23,2017,8,23,8271,516,0.03071926654527006,235,2
2017-08-24,2017,8,24,8272,515,0.028779401727443366,236,3
2017-08-25,2017,8,25,8273,548,0.0908877880117227,237,4
2017-08-26,2017,8,26,8274,439,-0.13088808586112144,238,5
2017-08-27,2017,8,27,8275,414,-0.18952152511097844,239,6
2017-08-28,2017,8,28,8276,503,0.005202671163446407,240,0
2017-08-29,2017,8,29,8277,532,0.06125599040535152,241,1
2017-08-30,2017,8,30,8278,517,0.03265537557213635,242,2
2017-08-31,2017,8,31,8279,562,0.11611435095739826,243,3
2017-09-01,2017,9,1,8280,530,0.05748950760987465,244,4
2017-09-02,2017,9,2,8281,411,-0.1967942844400581,245,5
2017-09-03,2017,9,3,8282,373,-0.29380907929247724,246,6
2017-09-04,2017,9,4,8283,499,-0.00278140318477414,247,0
2017-09-05,2017,9,5,8284,534,0.06500834002390198,248,1
2017-09-06,2017,9,6,8285,529,0.05560093292200662,249,2
2017-09-07,2017,9,7,8286,504,0.007188769135075929,250,3
2017-09-08,2017,9,8,8287,548,0.0908877880117227,251,4
2017-09-09,2017,9,9,8288,444,-0.11956293650406802,252,5
2017-09-10,2017,9,10,8289,417,-0.18230127713749136,253,6
2017-09-11,2017,9,11,8290,468,-0.066919203018646,254,0
2017-09-12,2017,9,12,8291,567,0.12497180479145936,255,1
2017-09-13,2017,9,13,8292,523,0.04419396512863013,256,2
2017-09-14,2017,9,14,8293,526,0.04991371380141699,257,3
2017-09-15,2017,9,15,8294,520,0.038441312639180374,258,4
2017-09-16,2017,9,16,8295,427,-0.15860348570766825,259,5
2017-09-17,2017,9,17,8296,418,-0.1799060664115365,260,6
2017-09-18,2017,9,18,8297,532,0.06125599040535152,261,0
2017-09-19,2017,9,19,8298,532,0.06125599040535152,262,1
2017-09-20,2017,9,20,8299,556,0.10538079531428955,263,2
2017-09-21,2017,9,21,8300,528,0.053708784769968605,264,3
2017-09-22,2017,9,22,8301,506,0.01114917035117286,265,4
2017-09-23,2017,9,23,8302,447,-0.11282890432272394,266,5
2017-09-24,2017,9,24,8303,395,-0.23650173403517086,267,6
2017-09-25,2017,9,25,8304,544,0.08356174791964978,268,0
2017-09-26,2017,9,26,8305,503,0.005202671163446407,269,1
2017-09-27,2017,9,27,8306,580,0.14764060460417222,270,2
2017-09-28,2017,9,28,8307,531,0.05937452230564608,271,3
2017-09-29,2017,9,29,8308,520,0.038441312639180374,272,4
2017-09-30,2017,9,30,8309,396,-0.2339732876818122,273,5
2017-10-01,2017,10,1,8310,396,-0.2339732876818122,274,6
2017-10-02,2017,10,2,8311,478,-0.04577676644483675,275,0
2017-10-03,2017,10,3,8312,535,0.0668792479597138,276,1
2017-10-04,2017,10,4,8313,501,0.0012186021485719963,277,2
2017-10-05,2017,10,5,8314,510,0.019023226782078777,278,3
2017-10-06,2017,10,6,8315,515,0.028779401727443366,279,4
2017-10-07,2017,10,7,8316,428,-0.156264303354496,280,5
2017-10-08,2017,10,8,8317,388,-0.2543821593130193,281,6
2017-10-09,2017,10,9,8318,492,-0.016908782443984704,282,0
2017-10-10,2017,10,10,8319,551,0.09634731021662175,283,1
2017-10-11,2017,10,11,8320,519,0.03651638422959586,284,2
2017-10-12,2017,10,12,8321,534,0.06500834002390198,285,3
2017-10-13,2017,10,13,8322,482,-0.03744338488569241,286,4
2017-10-14,2017,10,14,8323,388,-0.2543821593130193,287,5
2017-10-15,2017,10,15,8324,378,-0.2804933033167051,288,6
2017-10-16,2017,10,16,8325,480,-0.04160139503435611,289,0
2017-10-17,2017,10,17,8326,548,0.0908877880117227,290,1
2017-10-18,2017,10,18,8327,496,-0.008811572211365326,291,2
2017-10-19,2017,10,19,8328,502,0.0032126207554365057,292,3
2017-10-20,2017,10,20,8329,515,0.028779401727443366,293,4
2017-10-21,2017,10,21,8330,375,-0.2884614729658819,294,5
2017-10-22,2017,10,22,8331,365,-0.31549014535380127,295,6
2017-10-23,2017,10,23,8332,498,-0.0047874219116398825,296,0
2017-10-24,2017,10,24,8333,466,-0.07120186481064687,297,1
2017-10-25,2017,10,25,8334,488,-0.025072093083145647,298,2
2017-10-26,2017,10,26,8335,474,-0.05418017724121624,299,3
2017-10-27,2017,10,27,8336,541,0.07803177991018878,300,4
2017-10-28,2017,10,28,8337,392,-0.2441256591458302,301,5
2017-10-29,2017,10,29,8338,399,-0.22642608204642928,302,6
2017-10-30,2017,10,30,8339,476,-0.04996964470487272,303,0
2017-10-31,2017,10,31,8340,506,0.01114917035117286,304,1
2017-11-01,2017,11,1,8341,488,-0.025072093083145647,305,2
2017-11-02,2017,11,2,8342,522,0.04228008894634606,306,3
2017-11-03,2017,11,3,8343,519,0.03651638422959586,307,4
2017-11-04,2017,11,4,8344,394,-0.23903658963835892,308,5
2017-11-05,2017,11,5,8345,388,-0.2543821593130193,309,6
2017-11-06,2017,11,6,8346,470,-0.06265480423218847,310,0
2017-11-07,2017,11,7,8347,533,0.06313392522955179,311,1
2017-11-08,2017,11,8,8348,499,-0.00278140318477414,312,2
2017-11-09,2017,11,9,8349,493,-0.014878324893602708,313,3
2017-11-10,2017,11,10,8350,527,0.051813049605069564,314,4
2017-11-11,2017,11,11,8351,398,-0.22893549365185503,315,5
2017-11-12,2017,11,12,8352,379,-0.2778512938538664,316,6
2017-11-13,2017,11,13,8353,472,-0.05840851335073735,317,0
2017-11-14,2017,11,14,8354,499,-0.00278140318477414,318,1
2017-11-15,2017,11,15,8355,516,0.03071926654527006,319,2
2017-11-16,2017,11,16,8356,509,0.017060517614229952,320,3
2017-11-17,2017,11,17,8357,510,0.019023226782078777,321,4
2017-11-18,2017,11,18,8358,386,-0.2595501294714619,322,5
2017-11-19,2017,11,19,8359,359,-0.3320651104480139,323,6
2017-11-20,2017,11,20,8360,432,-0.14696191069218248,324,0
2017-11-21,2017,11,21,8361,499,-0.00278140318477414,325,1
2017-11-22,2017,11,22,8362,500,-0.0007794005141010613,326,2
2017-11-23,2017,11,23,8363,487,-0.027123375853703034,327,3
2017-11-24,2017,11,24,8364,505,0.009170930339067029,328,4
2017-11-25,2017,11,25,8365,397,-0.2314512182491023,329,5
2017-11-26,2017,11,26,8366,354,-0.34609058580251834,330,6
2017-11-27,2017,11,27,8367,482,-0.03744338488569241,331,0
2017-11-28,2017,11,28,8368,528,0.053708784769968605,332,1
2017-11-29,2017,11,29,8369,460,-0.08416100945315207,333,2
2017-11-30,2017,11,30,8370,468,-0.066919203018646,334,3
2017-12-01,2017,12,1,8371,514,0.02683576651887243,335,4
2017-12-02,2017,12,2,8372,354,-0.34609058580251834,336,5
2017-12-03,2017,12,3,8373,370,-0.30188449329802264,337,6
2017-12-04,2017,12,4,8374,424,-0.16565404370433506,338,0
2017-12-05,2017,12,5,8375,412,-0.19436414958676645,339,1
2017-12-06,2017,12,6,8376,442,-0.12407761685859466,340,2
2017-12-07,2017,12,7,8377,506,0.01114917035117286,341,3
2017-12-08,2017,12,8,8378,535,0.0668792479597138,342,4
2017-12-09,2017,12,9,8379,385,-0.26214416464850854,343,5
2017-12-10,2017,12,10,8380,421,-0.1727546652539114,344,6
2017-12-11,2017,12,11,8381,474,-0.05418017724121624,345,0
2017-12-12,2017,12,12,8382,500,-0.0007794005141010613,346,1
2017-12-13,2017,12,13,8383,463,-0.07766044485005867,347,2
2017-12-14,2017,12,14,8384,469,-0.06478473049001338,348,3
2017-12-15,2017,12,15,8385,512,0.02293712610321511,349,4
2017-12-16,2017,12,16,8386,373,-0.29380907929247724,350,5
2017-12-17,2017,12,17,8387,386,-0.2595501294714619,351,6
2017-12-18,2017,12,18,8388,453,-0.09949537345325875,352,0
2017-12-19,2017,12,19,8389,486,-0.02917887503579906,353,1
2017-12-20,2017,12,20,8390,491,-0.01894337114177224,354,2
2017-12-21,2017,12,21,8391,513,0.02488834623447675,355,3
2017-12-22,2017,12,22,8392,497,-0.006797472839664082,356,4
2017-12-23,2017,12,23,8393,419,-0.1775165790141551,357,5
2017-12-24,2017,12,24,8394,333,-0.40724500895584886,358,6
2017-12-25,2017,12,25,8395,321,-0.4439463758062768,359,0
2017-12-26,2017,12,26,8396,300,-0.5116050242800917,360,1
2017-12-27,2017,12,27,8397,476,-0.04996964470487272,361,2
2017-12-28,2017,12,28,8398,535,0.0668792479597138,362,3
2017-12-29,2017,12,29,8399,558,0.10897146344501811,363,4
2017-12-30,2017,12,30,8400,388,-0.2543821593130193,364,5
2017-12-31,2017,12,31,8401,376,-0.28579835554639826,365,6
2018-01-01,2018,1,1,8402,322,-0.4408359533918844,1,0
2018-01-02,2018,1,2,8403,443,-0.12181772889115713,2,1
2018-01-03,2018,1,3,8404,480,-0.04160139503435611,3,2
2018-01-04,2018,1,4,8405,501,0.0012186021485719963,4,3
2018-01-05,2018,1,5,8406,524,0.04610418538474929,5,4
2018-01-06,2018,1,6,8407,389,-0.25180815531784645,6,5
2018-01-07,2018,1,7,8408,366,-0.3127541655349265,7,6
2018-01-08,2018,1,8,8409,441,-0.12634262348944678,8,0
2018-01-09,2018,1,9,8410,430,-0.15160229024868468,9,1
2018-01-10,2018,1,10,8411,519,0.03651638422959586,10,2
2018-01-11,2018,1,11,8412,454,-0.09729030089494478,11,3
2018-01-12,2018,1,12,8413,558,0.10897146344501811,12,4
2018-01-13,2018,1,13,8414,390,-0.24924075981260063,13,5
2018-01-14,2018,1,14,8415,374,-0.2911317015217608,14,6
2018-01-15,2018,1,15,8416,483,-0.03537084528372003,15,0
2018-01-16,2018,1,16,8417,511,0.020982091267411646,16,1
2018-01-17,2018,1,17,8418,475,-0.05207269490165152,17,2
2018-01-18,2018,1,18,8419,518,0.03458774332319039,18,3
2018-01-19,2018,1,19,8420,503,0.005202671163446407,19,4
2018-01-20,2018,1,20,8421,397,-0.2314512182491023,20,5
2018-01-21,2018,1,21,8422,394,-0.23903658963835892,21,6
2018-01-22,2018,1,22,8423,534,0.06500834002390198,22,0
2018-01-23,2018,1,23,8424,495,-0.01082973636760251,23,1
2018-01-24,2018,1,24,8425,474,-0.05418017724121624,24,2
2018-01-25,2018,1,25,8426,478,-0.04577676644483675,25,3
2018-01-26,2018,1,26,8427,491,-0.01894337114177224,26,4
2018-01-27,2018,1,27,8428,401,-0.22142607162972353,27,5
2018-01-28,2018,1,28,8429,383,-0.2673525097556468,28,6
2018-01-29,2018,1,29,8430,441,-0.12634262348944678,29,0
2018-01-30,2018,1,30,8431,465,-0.07335009334893643,30,1
2018-01-31,2018,1,31,8432,473,-0.056292110444359764,31,2
2018-02-01,2018,2,1,8433,474,-0.05418017724121624,32,3
2018-02-02,2018,2,2,8434,477,-0.04787100804795151,33,4
2018-02-03,2018,2,3,8435,394,-0.23903658963835892,34,5
2018-02-04,2018,2,4,8436,343,-0.3776570517703529,35,6
2018-02-05,2018,2,5,8437,449,-0.10836461119403848,36,0
2018-02-06,2018,2,6,8438,474,-0.05418017724121624,37,1
2018-02-07,2018,2,7,8439,478,-0.04577676644483675,38,2
2018-02-08,2018,2,8,8440,507,0.01312350465489037,39,3
2018-02-09,2018,2,9,8441,480,-0.04160139503435611,40,4
2018-02-10,2018,2,10,8442,343,-0.3776570517703529,41,5
2018-02-11,2018,2,11,8443,360,-0.3292834674861371,42,6
2018-02-12,2018,2,12,8444,428,-0.156264303354496,43,0
2018-02-13,2018,2,13,8445,477,-0.04787100804795151,44,1
2018-02-14,2018,2,14,8446,538,0.07247106122549156,45,2
2018-02-15,2018,2,15,8447,454,-0.09729030089494478,46,3
2018-02-16,2018,2,16,8448,478,-0.04577676644483675,47,4
2018-02-17,2018,2,17,8449,384,-0.2647449463485659,48,5
2018-02-18,2018,2,18,8450,343,-0.3776570517703529,49,6
2018-02-19,2018,2,19,8451,443,-0.12181772889115713,50,0
2018-02-20,2018,2,20,8452,490,-0.020982107831620526,51,1
2018-02-21,2018,2,21,8453,433,-0.14464977093380296,52,2
2018-02-22,2018,2,22,8454,470,-0.06265480423218847,53,3
2018-02-23,2018,2,23,8455,487,-0.027123375853703034,54,4
2018-02-24,2018,2,24,8456,382,-0.26996689032971755,55,5
2018-02-25,2018,2,25,8457,351,-0.354601275470427,56,6
2018-02-26,2018,2,26,8458,430,-0.15160229024868468,57,0
2018-02-27,2018,2,27,8459,449,-0.10836461119403848,58,1
2018-02-28,2018,2,28,8460,448,-0.1105942665213076,59,2
2018-03-01,2018,3,1,8461,457,-0.09070410804208806,60,3
2018-03-02,2018,3,2,8462,460,-0.08416100945315207,61,4
2018-03-03,2018,3,3,8463,365,-0.31549014535380127,62,5
2018-03-04,2018,3,4,8464,334,-0.4042465059595923,63,6
2018-03-05,2018,3,5,8465,423,-0.16801531989001484,64,0
2018-03-06,2018,3,6,8466,452,-0.10170531910406158,65,1
2018-03-07,2018,3,7,8467,483,-0.03537084528372003,66,2
2018-03-08,2018,3,8,8468,472,-0.05840851335073735,67,3
2018-03-09,2018,3,9,8469,485,-0.031238607998809516,68,4
2018-03-10,2018,3,10,8470,342,-0.38057676187368766,69,5
2018-03-11,2018,3,11,8471,358,-0.3348545125355925,70,6
2018-03-12,2018,3,12,8472,443,-0.12181772889115713,71,0
2018-03-13,2018,3,13,8473,409,-0.20167234289349095,72,1
2018-03-14,2018,3,14,8474,463,-0.07766044485005867,73,2
2018-03-15,2018,3,15,8475,443,-0.12181772889115713,74,3
2018-03-16,2018,3,16,8476,477,-0.04787100804795151,75,4
2018-03-17,2018,3,17,8477,366,-0.3127541655349265,76,5
2018-03-18,2018,3,18,8478,369,-0.3045908548957656,77,6
2018-03-19,2018,3,19,8479,469,-0.06478473049001338,78,0
2018-03-20,2018,3,20,8480,460,-0.08416100945315207,79,1
2018-03-21,2018,3,21,8481,470,-0.06265480423218847,80,2
2018-03-22,2018,3,22,8482,462,-0.0798226078545539,81,3
2018-03-23,2018,3,23,8483,506,0.01114917035117286,82,4
2018-03-24,2018,3,24,8484,378,-0.2804933033167051,83,5
2018-03-25,2018,3,25,8485,322,-0.4408359533918844,84,6
2018-03-26,2018,3,26,8486,425,-0.163298330011876,85,0
2018-03-27,2018,3,27,8487,463,-0.07766044485005867,86,1
2018-03-28,2018,3,28,8488,489,-0.023025009461420796,87,2
2018-03-29,2018,3,29,8489,491,-0.01894337114177224,88,3
2018-03-30,2018,3,30,8490,478,-0.04577676644483675,89,4
2018-03-31,2018,3,31,8491,394,-0.23903658963835892,90,5
2018-04-01,2018,4,1,8492,336,-0.39827633897308845,91,6
2018-04-02,2018,4,2,8493,331,-0.4132691235592298,92,0
2018-04-03,2018,4,3,8494,473,-0.056292110444359764,93,1
2018-04-04,2018,4,4,8495,505,0.009170930339067029,94,2
2018-04-05,2018,4,5,8496,483,-0.03537084528372003,95,3
2018-04-06,2018,4,6,8497,533,0.06313392522955179,96,4
2018-04-07,2018,4,7,8498,374,-0.2911317015217608,97,5
2018-04-08,2018,4,8,8499,384,-0.2647449463485659,98,6
2018-04-09,2018,4,9,8500,490,-0.020982107831620526,99,0
2018-04-10,2018,4,10,8501,478,-0.04577676644483675,100,1
2018-04-11,2018,4,11,8502,486,-0.02917887503579906,101,2
2018-04-12,2018,4,12,8503,460,-0.08416100945315207,102,3
2018-04-13,2018,4,13,8504,461,-0.08198945593964423,103,4
2018-04-14,2018,4,14,8505,409,-0.20167234289349095,104,5
2018-04-15,2018,4,15,8506,358,-0.3348545125355925,105,6
2018-04-16,2018,4,16,8507,465,-0.07335009334893643,106,0
2018-04-17,2018,4,17,8508,502,0.0032126207554365057,107,1
2018-04-18,2018,4,18,8509,511,0.020982091267411646,108,2
2018-04-19,2018,4,19,8510,486,-0.02917887503579906,109,3
2018-04-20,2018,4,20,8511,492,-0.016908782443984704,110,4
2018-04-21,2018,4,21,8512,356,-0.34045676808426234,111,5
2018-04-22,2018,4,22,8513,365,-0.31549014535380127,112,6
2018-04-23,2018,4,23,8514,464,-0.07550294671003747,113,0
2018-04-24,2018,4,24,8515,484,-0.03330259221966101,114,1
2018-04-25,2018,4,25,8516,566,0.12320657926689012,115,2
2018-04-26,2018,4,26,8517,481,-0.03952022883053154,116,3
2018-04-27,2018,4,27,8518,406,-0.20903433933456006,117,4
2018-04-28,2018,4,28,8519,385,-0.26214416464850854,118,5
2018-04-29,2018,4,29,8520,389,-0.25180815531784645,119,6
2018-04-30,2018,4,30,8521,498,-0.0047874219116398825,120,0
2018-05-01,2018,5,1,8522,525,0.04801076365533098,121,1
2018-05-02,2018,5,2,8523,511,0.020982091267411646,122,2
2018-05-03,2018,5,3,8524,548,0.0908877880117227,123,3
2018-05-04,2018,5,4,8525,450,-0.10613991617192732,124,4
2018-05-05,2018,5,5,8526,411,-0.1967942844400581,125,5
2018-05-06,2018,5,6,8527,401,-0.22142607162972353,126,6
2018-05-07,2018,5,7,8528,504,0.007188769135075929,127,0
2018-05-08,2018,5,8,8529,526,0.04991371380141699,128,1
2018-05-09,2018,5,9,8530,520,0.038441312639180374,129,2
2018-05-10,2018,5,10,8531,431,-0.149279408832545,130,3
2018-05-11,2018,5,11,8532,493,-0.014878324893602708,131,4
2018-05-12,2018,5,12,8533,396,-0.2339732876818122,132,5
2018-05-13,2018,5,13,8534,412,-0.19436414958676645,133,6
2018-05-14,2018,5,14,8535,519,0.03651638422959586,134,0
2018-05-15,2018,5,15,8536,451,-0.10392015943361442,135,1
2018-05-16,2018,5,16,8537,511,0.020982091267411646,136,2
2018-05-17,2018,5,17,8538,504,0.007188769135075929,137,3
2018-05-18,2018,5,18,8539,534,0.06500834002390198,138,4
2018-05-19,2018,5,19,8540,393,-0.2415778870670315,139,5
2018-05-20,2018,5,20,8541,395,-0.23650173403517086,140,6
2018-05-21,2018,5,21,8542,385,-0.26214416464850854,141,0
2018-05-22,2018,5,22,8543,517,0.03265537557213635,142,1
2018-05-23,2018,5,23,8544,551,0.09634731021662175,143,2
2018-05-24,2018,5,24,8545,484,-0.03330259221966101,144,3
2018-05-25,2018,5,25,8546,489,-0.023025009461420796,145,4
2018-05-26,2018,5,26,8547,396,-0.2339732876818122,146,5
2018-05-27,2018,5,27,8548,390,-0.24924075981260063,147,6
2018-05-28,2018,5,28,8549,502,0.0032126207554365057,148,0
2018-05-29,2018,5,29,8550,501,0.0012186021485719963,149,1
2018-05-30,2018,5,30,8551,486,-0.02917887503579906,150,2
2018-05-31,2018,5,31,8552,473,-0.056292110444359764,151,3
2018-06-01,2018,6,1,8553,546,0.08723147680861221,152,4
2018-06-02,2018,6,2,8554,394,-0.23903658963835892,153,5
2018-06-03,2018,6,3,8555,364,-0.3182336312995521,154,6
2018-06-04,2018,6,4,8556,489,-0.023025009461420796,155,0
2018-06-05,2018,6,5,8557,471,-0.060529404919874984,156,1
2018-06-06,2018,6,6,8558,481,-0.03952022883053154,157,2
2018-06-07,2018,6,7,8559,512,0.02293712610321511,158,3
2018-06-08,2018,6,8,8560,531,0.05937452230564608,159,4
2018-06-09,2018,6,9,8561,394,-0.23903658963835892,160,5
2018-06-10,2018,6,10,8562,388,-0.2543821593130193,161,6
2018-06-11,2018,6,11,8563,497,-0.006797472839664082,162,0
2018-06-12,2018,6,12,8564,496,-0.008811572211365326,163,1
2018-06-13,2018,6,13,8565,489,-0.023025009461420796,164,2
2018-06-14,2018,6,14,8566,515,0.028779401727443366,165,3
2018-06-15,2018,6,15,8567,544,0.08356174791964978,166,4
2018-06-16,2018,6,16,8568,402,-0.21893541031727165,167,5
2018-06-17,2018,6,17,8569,353,-0.34891944200299607,168,6
2018-06-18,2018,6,18,8570,507,0.01312350465489037,169,0
2018-06-19,2018,6,19,8571,534,0.06500834002390198,170,1
2018-06-20,2018,6,20,8572,545,0.08539829572695133,171,2
2018-06-21,2018,6,21,8573,504,0.007188769135075929,172,3
2018-06-22,2018,6,22,8574,518,0.03458774332319039,173,4
2018-06-23,2018,6,23,8575,394,-0.23903658963835892,174,5
2018-06-24,2018,6,24,8576,377,-0.283142311488282,175,6
2018-06-25,2018,6,25,8577,470,-0.06265480423218847,176,0
2018-06-26,2018,6,26,8578,530,0.05748950760987465,177,1
2018-06-27,2018,6,27,8579,504,0.007188769135075929,178,2
2018-06-28,2018,6,28,8580,481,-0.03952022883053154,179,3
2018-06-29,2018,6,29,8581,534,0.06500834002390198,180,4
2018-06-30,2018,6,30,8582,418,-0.1799060664115365,181,5
2018-07-01,2018,7,1,8583,394,-0.23903658963835892,182,6
2018-07-02,2018,7,2,8584,501,0.0012186021485719963,183,0
2018-07-03,2018,7,3,8585,529,0.05560093292200662,184,1
2018-07-04,2018,7,4,8586,487,-0.027123375853703034,185,2
2018-07-05,2018,7,5,8587,548,0.0908877880117227,186,3
2018-07-06,2018,7,6,8588,560,0.1125492847929021,187,4
2018-07-07,2018,7,7,8589,427,-0.15860348570766825,188,5
2018-07-08,2018,7,8,8590,370,-0.30188449329802264,189,6
2018-07-09,2018,7,9,8591,500,-0.0007794005141010613,190,0
2018-07-10,2018,7,10,8592,542,0.07987850250335336,191,1
2018-07-11,2018,7,11,8593,523,0.04419396512863013,192,2
2018-07-12,2018,7,12,8594,513,0.02488834623447675,193,3
2018-07-13,2018,7,13,8595,564,0.11966675256176608,194,4
2018-07-14,2018,7,14,8596,424,-0.16565404370433506,195,5
2018-07-15,2018,7,15,8597,443,-0.12181772889115713,196,6
2018-07-16,2018,7,16,8598,562,0.11611435095739826,197,0
2018-07-17,2018,7,17,8599,498,-0.0047874219116398825,198,1
2018-07-18,2018,7,18,8600,553,0.09997050258604206,199,2
2018-07-19,2018,7,19,8601,532,0.06125599040535152,200,3
2018-07-20,2018,7,20,8602,551,0.09634731021662175,201,4
2018-07-21,2018,7,21,8603,425,-0.163298330011876,202,5
2018-07-22,2018,7,22,8604,381,-0.2725881238095918,203,6
2018-07-23,2018,7,23,8605,493,-0.014878324893602708,204,0
2018-07-24,2018,7,24,8606,494,-0.012851981748370309,205,1
2018-07-25,2018,7,25,8607,565,0.12143823221014823,206,2
2018-07-26,2018,7,26,8608,545,0.08539829572695133,207,3
2018-07-27,2018,7,27,8609,513,0.02488834623447675,208,4
2018-07-28,2018,7,28,8610,415,-0.18710897870559454,209,5
2018-07-29,2018,7,29,8611,387,-0.25696280590651094,210,6
2018-07-30,2018,7,30,8612,500,-0.0007794005141010613,211,0
2018-07-31,2018,7,31,8613,549,0.09271094257323789,212,1
2018-08-01,2018,8,1,8614,532,0.06125599040535152,213,2
2018-08-02,2018,8,2,8615,534,0.06500834002390198,214,3
2018-08-03,2018,8,3,8616,523,0.04419396512863013,215,4
2018-08-04,2018,8,4,8617,422,-0.170382184900281,216,5
2018-08-05,2018,8,5,8618,370,-0.30188449329802264,217,6
2018-08-06,2018,8,6,8619,470,-0.06265480423218847,218,0
2018-08-07,2018,8,7,8620,519,0.03651638422959586,219,1
2018-08-08,2018,8,8,8621,556,0.10538079531428955,220,2
2018-08-09,2018,8,9,8622,505,0.009170930339067029,221,3
2018-08-10,2018,8,10,8623,511,0.020982091267411646,222,4
2018-08-11,2018,8,11,8624,413,-0.1919399059752601,223,5
2018-08-12,2018,8,12,8625,367,-0.3100256508817225,224,6
2018-08-13,2018,8,13,8626,493,-0.014878324893602708,225,0
2018-08-14,2018,8,14,8627,559,0.11076197421880644,226,1
2018-08-15,2018,8,15,8628,543,0.08172182099764269,227,2
2018-08-16,2018,8,16,8629,515,0.028779401727443366,228,3
2018-08-17,2018,8,17,8630,549,0.09271094257323789,229,4
2018-08-18,2018,8,18,8631,440,-0.12861277202398594,230,5
2018-08-19,2018,8,19,8632,404,-0.21397262097514264,231,6
2018-08-20,2018,8,20,8633,493,-0.014878324893602708,232,0
2018-08-21,2018,8,21,8634,486,-0.02917887503579906,233,1
2018-08-22,2018,8,22,8635,528,0.053708784769968605,234,2
2018-08-23,2018,8,23,8636,534,0.06500834002390198,235,3
2018-08-24,2018,8,24,8637,527,0.051813049605069564,236,4
2018-08-25,2018,8,25,8638,384,-0.2647449463485659,237,5
2018-08-26,2018,8,26,8639,397,-0.2314512182491023,238,6
2018-08-27,2018,8,27,8640,493,-0.014878324893602708,239,0
2018-08-28,2018,8,28,8641,503,0.005202671163446407,240,1
2018-08-29,2018,8,29,8642,482,-0.03744338488569241,241,2
2018-08-30,2018,8,30,8643,524,0.04610418538474929,242,3
2018-08-31,2018,8,31,8644,540,0.07618164062202722,243,4
2018-09-01,2018,9,1,8645,398,-0.22893549365185503,244,5
2018-09-02,2018,9,2,8646,397,-0.2314512182491023,245,6
2018-09-03,2018,9,3,8647,520,0.038441312639180374,246,0
2018-09-04,2018,9,4,8648,527,0.051813049605069564,247,1
2018-09-05,2018,9,5,8649,540,0.07618164062202722,248,2
2018-09-06,2018,9,6,8650,524,0.04610418538474929,249,3
2018-09-07,2018,9,7,8651,551,0.09634731021662175,250,4
2018-09-08,2018,9,8,8652,428,-0.156264303354496,251,5
2018-09-09,2018,9,9,8653,422,-0.170382184900281,252,6
2018-09-10,2018,9,10,8654,517,0.03265537557213635,253,0
2018-09-11,2018,9,11,8655,557,0.1071777409909913,254,1
2018-09-12,2018,9,12,8656,547,0.08906130348568847,255,2
2018-09-13,2018,9,13,8657,505,0.009170930339067029,256,3
2018-09-14,2018,9,14,8658,563,0.11789212920339767,257,4
2018-09-15,2018,9,15,8659,463,-0.07766044485005867,258,5
2018-09-16,2018,9,16,8660,406,-0.20903433933456006,259,6
2018-09-17,2018,9,17,8661,524,0.04610418538474929,260,0
2018-09-18,2018,9,18,8662,577,0.14245476757180686,261,1
2018-09-19,2018,9,19,8663,522,0.04228008894634606,262,2
2018-09-20,2018,9,20,8664,559,0.11076197421880644,263,3
2018-09-21,2018,9,21,8665,546,0.08723147680861221,264,4
2018-09-22,2018,9,22,8666,431,-0.149279408832545,265,5
2018-09-23,2018,9,23,8667,429,-0.15393058000827584,266,6
2018-09-24,2018,9,24,8668,494,-0.012851981748370309,267,0
2018-09-25,2018,9,25,8669,526,0.04991371380141699,268,1
2018-09-26,2018,9,26,8670,512,0.02293712610321511,269,2
2018-09-27,2018,9,27,8671,516,0.03071926654527006,270,3
2018-09-28,2018,9,28,8672,579,0.14591497863670255,271,4
2018-09-29,2018,9,29,8673,459,-0.0863372888757476,272,5
2018-09-30,2018,9,30,8674,394,-0.23903658963835892,273,6
2018-10-01,2018,10,1,8675,502,0.0032126207554365057,274,0
2018-10-02,2018,10,2,8676,523,0.04419396512863013,275,1
2018-10-03,2018,10,3,8677,511,0.020982091267411646,276,2
2018-10-04,2018,10,4,8678,510,0.019023226782078777,277,3
2018-10-05,2018,10,5,8679,544,0.08356174791964978,278,4
2018-10-06,2018,10,6,8680,429,-0.15393058000827584,279,5
2018-10-07,2018,10,7,8681,384,-0.2647449463485659,280,6
2018-10-08,2018,10,8,8682,525,0.04801076365533098,281,0
2018-10-09,2018,10,9,8683,510,0.019023226782078777,282,1
2018-10-10,2018,10,10,8684,501,0.0012186021485719963,283,2
2018-10-11,2018,10,11,8685,540,0.07618164062202722,284,3
2018-10-12,2018,10,12,8686,498,-0.0047874219116398825,285,4
2018-10-13,2018,10,13,8687,415,-0.18710897870559454,286,5
2018-10-14,2018,10,14,8688,335,-0.40125696711122627,287,6
2018-10-15,2018,10,15,8689,451,-0.10392015943361442,288,0
2018-10-16,2018,10,16,8690,478,-0.04577676644483675,289,1
2018-10-17,2018,10,17,8691,481,-0.03952022883053154,290,2
2018-10-18,2018,10,18,8692,480,-0.04160139503435611,291,3
2018-10-19,2018,10,19,8693,497,-0.006797472839664082,292,4
2018-10-20,2018,10,20,8694,393,-0.2415778870670315,293,5
2018-10-21,2018,10,21,8695,360,-0.3292834674861371,294,6
2018-10-22,2018,10,22,8696,492,-0.016908782443984704,295,0
2018-10-23,2018,10,23,8697,456,-0.09289468942190668,296,1
2018-10-24,2018,10,24,8698,480,-0.04160139503435611,297,2
2018-10-25,2018,10,25,8699,454,-0.09729030089494478,298,3
2018-10-26,2018,10,26,8700,496,-0.008811572211365326,299,4
2018-10-27,2018,10,27,8701,404,-0.21397262097514264,300,5
2018-10-28,2018,10,28,8702,371,-0.29918543632885763,301,6
2018-10-29,2018,10,29,8703,455,-0.09509007998534234,302,0
2018-10-30,2018,10,30,8704,474,-0.05418017724121624,303,1
2018-10-31,2018,10,31,8705,464,-0.07550294671003747,304,2
2018-11-01,2018,11,1,8706,503,0.005202671163446407,305,3
2018-11-02,2018,11,2,8707,484,-0.03330259221966101,306,4
2018-11-03,2018,11,3,8708,361,-0.32650954060341186,307,5
2018-11-04,2018,11,4,8709,400,-0.22392295182831073,308,6
2018-11-05,2018,11,5,8710,456,-0.09289468942190668,309,0
2018-11-06,2018,11,6,8711,462,-0.0798226078545539,310,1
2018-11-07,2018,11,7,8712,485,-0.031238607998809516,311,2
2018-11-08,2018,11,8,8713,482,-0.03744338488569241,312,3
2018-11-09,2018,11,9,8714,500,-0.0007794005141010613,313,4
2018-11-10,2018,11,10,8715,419,-0.1775165790141551,314,5
2018-11-11,2018,11,11,8716,411,-0.1967942844400581,315,6
2018-11-12,2018,11,12,8717,469,-0.06478473049001338,316,0
2018-11-13,2018,11,13,8718,460,-0.08416100945315207,317,1
2018-11-14,2018,11,14,8719,471,-0.060529404919874984,318,2
2018-11-15,2018,11,15,8720,484,-0.03330259221966101,319,3
2018-11-16,2018,11,16,8721,497,-0.006797472839664082,320,4
2018-11-17,2018,11,17,8722,389,-0.25180815531784645,321,5
2018-11-18,2018,11,18,8723,347,-0.36606271898943366,322,6
2018-11-19,2018,11,19,8724,496,-0.008811572211365326,323,0
2018-11-20,2018,11,20,8725,505,0.009170930339067029,324,1
2018-11-21,2018,11,21,8726,503,0.005202671163446407,325,2
2018-11-22,2018,11,22,8727,490,-0.020982107831620526,326,3
2018-11-23,2018,11,23,8728,454,-0.09729030089494478,327,4
2018-11-24,2018,11,24,8729,389,-0.25180815531784645,328,5
2018-11-25,2018,11,25,8730,321,-0.4439463758062768,329,6
2018-11-26,2018,11,26,8731,474,-0.05418017724121624,330,0
2018-11-27,2018,11,27,8732,480,-0.04160139503435611,331,1
2018-11-28,2018,11,28,8733,450,-0.10613991617192732,332,2
2018-11-29,2018,11,29,8734,442,-0.12407761685859466,333,3
2018-11-30,2018,11,30,8735,484,-0.03330259221966101,334,4
2018-12-01,2018,12,1,8736,368,-0.30730456076736185,335,5
2018-12-02,2018,12,2,8737,351,-0.354601275470427,336,6
2018-12-03,2018,12,3,8738,471,-0.060529404919874984,337,0
2018-12-04,2018,12,4,8739,445,-0.11731321677005256,338,1
2018-12-05,2018,12,5,8740,379,-0.2778512938538664,339,2
2018-12-06,2018,12,6,8741,433,-0.14464977093380296,340,3
2018-12-07,2018,12,7,8742,482,-0.03744338488569241,341,4
2018-12-08,2018,12,8,8743,382,-0.26996689032971755,342,5
2018-12-09,2018,12,9,8744,375,-0.2884614729658819,343,6
2018-12-10,2018,12,10,8745,440,-0.12861277202398594,344,0
2018-12-11,2018,12,11,8746,488,-0.025072093083145647,345,1
2018-12-12,2018,12,12,8747,463,-0.07766044485005867,346,2
2018-12-13,2018,12,13,8748,439,-0.13088808586112144,347,3
2018-12-14,2018,12,14,8749,448,-0.1105942665213076,348,4
2018-12-15,2018,12,15,8750,333,-0.40724500895584886,349,5
2018-12-16,2018,12,16,8751,351,-0.354601275470427,350,6
2018-12-17,2018,12,17,8752,460,-0.08416100945315207,351,0
2018-12-18,2018,12,18,8753,476,-0.04996964470487272,352,1
2018-12-19,2018,12,19,8754,514,0.02683576651887243,353,2
2018-12-20,2018,12,20,8755,485,-0.031238607998809516,354,3
2018-12-21,2018,12,21,8756,503,0.005202671163446407,355,4
2018-12-22,2018,12,22,8757,400,-0.22392295182831073,356,5
2018-12-23,2018,12,23,8758,346,-0.3689487238785686,357,6
2018-12-24,2018,12,24,8759,463,-0.07766044485005867,358,0
2018-12-25,2018,12,25,8760,314,-0.46599451302803935,359,1
2018-12-26,2018,12,26,8761,320,-0.4470665031425205,360,2
2018-12-27,2018,12,27,8762,469,-0.06478473049001338,361,3
2018-12-28,2018,12,28,8763,501,0.0012186021485719963,362,4
2018-12-29,2018,12,29,8764,419,-0.1775165790141551,363,5
2018-12-30,2018,12,30,8765,359,-0.3320651104480139,364,6
2018-12-31,2018,12,31,8766,415,-0.18710897870559454,365,0
2019-01-01,2019,1,1,8767,320,-0.4470665031425205,1,1
2019-01-02,2019,1,2,8768,458,-0.0885183148221078,2,2
2019-01-03,2019,1,3,8769,512,0.02293712610321511,3,3
2019-01-04,2019,1,4,8770,499,-0.00278140318477414,4,4
2019-01-05,2019,1,5,8771,423,-0.16801531989001484,5,5
2019-01-06,2019,1,6,8772,371,-0.29918543632885763,6,6
2019-01-07,2019,1,7,8773,491,-0.01894337114177224,7,0
2019-01-08,2019,1,8,8774,522,0.04228008894634606,8,1
2019-01-09,2019,1,9,8775,479,-0.043686901525377485,9,2
2019-01-10,2019,1,10,8776,466,-0.07120186481064687,10,3
2019-01-11,2019,1,11,8777,506,0.01114917035117286,11,4
2019-01-12,2019,1,12,8778,393,-0.2415778870670315,12,5
2019-01-13,2019,1,13,8779,379,-0.2778512938538664,13,6
2019-01-14,2019,1,14,8780,468,-0.066919203018646,14,0
2019-01-15,2019,1,15,8781,482,-0.03744338488569241,15,1
2019-01-16,2019,1,16,8782,436,-0.13774525558725847,16,2
2019-01-17,2019,1,17,8783,494,-0.012851981748370309,17,3
2019-01-18,2019,1,18,8784,500,-0.0007794005141010613,18,4
2019-01-19,2019,1,19,8785,409,-0.20167234289349095,19,5
2019-01-20,2019,1,20,8786,378,-0.2804933033167051,20,6
2019-01-21,2019,1,21,8787,501,0.0012186021485719963,21,0
2019-01-22,2019,1,22,8788,480,-0.04160139503435611,22,1
2019-01-23,2019,1,23,8789,477,-0.04787100804795151,23,2
2019-01-24,2019,1,24,8790,437,-0.13545430384070264,24,3
2019-01-25,2019,1,25,8791,526,0.04991371380141699,25,4
2019-01-26,2019,1,26,8792,417,-0.18230127713749136,26,5
2019-01-27,2019,1,27,8793,396,-0.2339732876818122,27,6
2019-01-28,2019,1,28,8794,487,-0.027123375853703034,28,0
2019-01-29,2019,1,29,8795,490,-0.020982107831620526,29,1
2019-01-30,2019,1,30,8796,490,-0.020982107831620526,30,2
2019-01-31,2019,1,31,8797,496,-0.008811572211365326,31,3
2019-02-01,2019,2,1,8798,544,0.08356174791964978,32,4
2019-02-02,2019,2,2,8799,438,-0.13316858855984665,33,5
2019-02-03,2019,2,3,8800,349,-0.36031557673386566,34,6
2019-02-04,2019,2,4,8801,454,-0.09729030089494478,35,0
2019-02-05,2019,2,5,8802,463,-0.07766044485005867,36,1
2019-02-06,2019,2,6,8803,447,-0.11282890432272394,37,2
2019-02-07,2019,2,7,8804,423,-0.16801531989001484,38,3
2019-02-08,2019,2,8,8805,487,-0.027123375853703034,39,4
2019-02-09,2019,2,9,8806,374,-0.2911317015217608,40,5
2019-02-10,2019,2,10,8807,326,-0.42849011756958505,41,6
2019-02-11,2019,2,11,8808,460,-0.08416100945315207,42,0
2019-02-12,2019,2,12,8809,461,-0.08198945593964423,43,1
2019-02-13,2019,2,13,8810,463,-0.07766044485005867,44,2
2019-02-14,2019,2,14,8811,478,-0.04577676644483675,45,3
2019-02-15,2019,2,15,8812,490,-0.020982107831620526,46,4
2019-02-16,2019,2,16,8813,356,-0.34045676808426234,47,5
2019-02-17,2019,2,17,8814,341,-0.38350502165277606,48,6
2019-02-18,2019,2,18,8815,459,-0.0863372888757476,49,0
2019-02-19,2019,2,19,8816,489,-0.023025009461420796,50,1
2019-02-20,2019,2,20,8817,422,-0.170382184900281,51,2
2019-02-21,2019,2,21,8818,461,-0.08198945593964423,52,3
2019-02-22,2019,2,22,8819,508,0.01509394864218921,53,4
2019-02-23,2019,2,23,8820,379,-0.2778512938538664,54,5
2019-02-24,2019,2,24,8821,348,-0.3631850191618185,55,6
2019-02-25,2019,2,25,8822,401,-0.22142607162972353,56,0
2019-02-26,2019,2,26,8823,438,-0.13316858855984665,57,1
2019-02-27,2019,2,27,8824,452,-0.10170531910406158,58,2
2019-02-28,2019,2,28,8825,431,-0.149279408832545,59,3
2019-03-01,2019,3,1,8826,468,-0.066919203018646,60,4
2019-03-02,2019,3,2,8827,388,-0.2543821593130193,61,5
2019-03-03,2019,3,3,8828,365,-0.31549014535380127,62,6
2019-03-04,2019,3,4,8829,438,-0.13316858855984665,63,0
2019-03-05,2019,3,5,8830,476,-0.04996964470487272,64,1
2019-03-06,2019,3,6,8831,433,-0.14464977093380296,65,2
2019-03-07,2019,3,7,8832,490,-0.020982107831620526,66,3
2019-03-08,2019,3,8,8833,427,-0.15860348570766825,67,4
2019-03-09,2019,3,9,8834,357,-0.3376517171566537,68,5
2019-03-10,2019,3,10,8835,349,-0.36031557673386566,69,6
2019-03-11,2019,3,11,8836,448,-0.1105942665213076,70,0
2019-03-12,2019,3,12,8837,470,-0.06265480423218847,71,1
2019-03-13,2019,3,13,8838,469,-0.06478473049001338,72,2
2019-03-14,2019,3,14,8839,459,-0.0863372888757476,73,3
2019-03-15,2019,3,15,8840,482,-0.03744338488569241,74,4
2019-03-16,2019,3,16,8841,405,-0.21150043182975356,75,5
2019-03-17,2019,3,17,8842,352,-0.35175632333819573,76,6
2019-03-18,2019,3,18,8843,449,-0.10836461119403848,77,0
2019-03-19,2019,3,19,8844,500,-0.0007794005141010613,78,1
2019-03-20,2019,3,20,8845,463,-0.07766044485005867,79,2
2019-03-21,2019,3,21,8846,461,-0.08198945593964423,80,3
2019-03-22,2019,3,22,8847,481,-0.03952022883053154,81,4
2019-03-23,2019,3,23,8848,402,-0.21893541031727165,82,5
2019-03-24,2019,3,24,8849,341,-0.38350502165277606,83,6
2019-03-25,2019,3,25,8850,447,-0.11282890432272394,84,0
2019-03-26,2019,3,26,8851,466,-0.07120186481064687,85,1
2019-03-27,2019,3,27,8852,449,-0.10836461119403848,86,2
2019-03-28,2019,3,28,8853,527,0.051813049605069564,87,3
2019-03-29,2019,3,29,8854,510,0.019023226782078777,88,4
2019-03-30,2019,3,30,8855,390,-0.24924075981260063,89,5
2019-03-31,2019,3,31,8856,376,-0.28579835554639826,90,6
2019-04-01,2019,4,1,8857,425,-0.163298330011876,91,0
2019-04-02,2019,4,2,8858,492,-0.016908782443984704,92,1
2019-04-03,2019,4,3,8859,456,-0.09289468942190668,93,2
2019-04-04,2019,4,4,8860,475,-0.05207269490165152,94,3
2019-04-05,2019,4,5,8861,503,0.005202671163446407,95,4
2019-04-06,2019,4,6,8862,398,-0.22893549365185503,96,5
2019-04-07,2019,4,7,8863,375,-0.2884614729658819,97,6
2019-04-08,2019,4,8,8864,443,-0.12181772889115713,98,0
2019-04-09,2019,4,9,8865,506,0.01114917035117286,99,1
2019-04-10,2019,4,10,8866,503,0.005202671163446407,100,2
2019-04-11,2019,4,11,8867,488,-0.025072093083145647,101,3
2019-04-12,2019,4,12,8868,523,0.04419396512863013,102,4
2019-04-13,2019,4,13,8869,401,-0.22142607162972353,103,5
2019-04-14,2019,4,14,8870,397,-0.2314512182491023,104,6
2019-04-15,2019,4,15,8871,467,-0.06905824126739543,105,0
2019-04-16,2019,4,16,8872,451,-0.10392015943361442,106,1
2019-04-17,2019,4,17,8873,480,-0.04160139503435611,107,2
2019-04-18,2019,4,18,8874,490,-0.020982107831620526,108,3
2019-04-19,2019,4,19,8875,537,0.07061059557257193,109,4
2019-04-20,2019,4,20,8876,407,-0.20657431349369773,110,5
2019-04-21,2019,4,21,8877,399,-0.22642608204642928,111,6
2019-04-22,2019,4,22,8878,372,-0.2964936446631462,112,0
2019-04-23,2019,4,23,8879,507,0.01312350465489037,113,1
2019-04-24,2019,4,24,8880,489,-0.023025009461420796,114,2
2019-04-25,2019,4,25,8881,543,0.08172182099764269,115,3
2019-04-26,2019,4,26,8882,469,-0.06478473049001338,116,4
2019-04-27,2019,4,27,8883,387,-0.25696280590651094,117,5
2019-04-28,2019,4,28,8884,381,-0.2725881238095918,118,6
2019-04-29,2019,4,29,8885,469,-0.06478473049001338,119,0
2019-04-30,2019,4,30,8886,475,-0.05207269490165152,120,1
2019-05-01,2019,5,1,8887,502,0.0032126207554365057,121,2
2019-05-02,2019,5,2,8888,485,-0.031238607998809516,122,3
2019-05-03,2019,5,3,8889,518,0.03458774332319039,123,4
2019-05-04,2019,5,4,8890,412,-0.19436414958676645,124,5
2019-05-05,2019,5,5,8891,353,-0.34891944200299607,125,6
2019-05-06,2019,5,6,8892,471,-0.060529404919874984,126,0
2019-05-07,2019,5,7,8893,503,0.005202671163446407,127,1
2019-05-08,2019,5,8,8894,492,-0.016908782443984704,128,2
2019-05-09,2019,5,9,8895,489,-0.023025009461420796,129,3
2019-05-10,2019,5,10,8896,538,0.07247106122549156,130,4
2019-05-11,2019,5,11,8897,400,-0.22392295182831073,131,5
2019-05-12,2019,5,12,8898,359,-0.3320651104480139,132,6
2019-05-13,2019,5,13,8899,466,-0.07120186481064687,133,0
2019-05-14,2019,5,14,8900,486,-0.02917887503579906,134,1
2019-05-15,2019,5,15,8901,492,-0.016908782443984704,135,2
2019-05-16,2019,5,16,8902,450,-0.10613991617192732,136,3
2019-05-17,2019,5,17,8903,477,-0.04787100804795151,137,4
2019-05-18,2019,5,18,8904,393,-0.2415778870670315,138,5
2019-05-19,2019,5,19,8905,383,-0.2673525097556468,139,6
2019-05-20,2019,5,20,8906,493,-0.014878324893602708,140,0
2019-05-21,2019,5,21,8907,484,-0.03330259221966101,141,1
2019-05-22,2019,5,22,8908,459,-0.0863372888757476,142,2
2019-05-23,2019,5,23,8909,508,0.01509394864218921,143,3
2019-05-24,2019,5,24,8910,490,-0.020982107831620526,144,4
2019-05-25,2019,5,25,8911,414,-0.18952152511097844,145,5
2019-05-26,2019,5,26,8912,367,-0.3100256508817225,146,6
2019-05-27,2019,5,27,8913,522,0.04228008894634606,147,0
2019-05-28,2019,5,28,8914,474,-0.05418017724121624,148,1
2019-05-29,2019,5,29,8915,490,-0.020982107831620526,149,2
2019-05-30,2019,5,30,8916,458,-0.0885183148221078,150,3
2019-05-31,2019,5,31,8917,512,0.02293712610321511,151,4
2019-06-01,2019,6,1,8918,427,-0.15860348570766825,152,5
2019-06-02,2019,6,2,8919,401,-0.22142607162972353,153,6
2019-06-03,2019,6,3,8920,479,-0.043686901525377485,154,0
2019-06-04,2019,6,4,8921,455,-0.09509007998534234,155,1
2019-06-05,2019,6,5,8922,555,0.10358061481014179,156,2
2019-06-06,2019,6,6,8923,500,-0.0007794005141010613,157,3
2019-06-07,2019,6,7,8924,521,0.040362542817074146,158,4
2019-06-08,2019,6,8,8925,412,-0.19436414958676645,159,5
2019-06-09,2019,6,9,8926,380,-0.2752162462158613,160,6
2019-06-10,2019,6,10,8927,391,-0.24667993895092696,161,0
2019-06-11,2019,6,11,8928,502,0.0032126207554365057,162,1
2019-06-12,2019,6,12,8929,531,0.05937452230564608,163,2
2019-06-13,2019,6,13,8930,527,0.051813049605069564,164,3
2019-06-14,2019,6,14,8931,539,0.07432807197270441,165,4
2019-06-15,2019,6,15,8932,408,-0.204120324532131,166,5
2019-06-16,2019,6,16,8933,385,-0.26214416464850854,167,6
2019-06-17,2019,6,17,8934,497,-0.006797472839664082,168,0
2019-06-18,2019,6,18,8935,472,-0.05840851335073735,169,1
2019-06-19,2019,6,19,8936,522,0.04228008894634606,170,2
2019-06-20,2019,6,20,8937,505,0.009170930339067029,171,3
2019-06-21,2019,6,21,8938,521,0.040362542817074146,172,4
2019-06-22,2019,6,22,8939,408,-0.204120324532131,173,5
2019-06-23,2019,6,23,8940,460,-0.08416100945315207,174,6
2019-06-24,2019,6,24,8941,512,0.02293712610321511,175,0
2019-06-25,2019,6,25,8942,502,0.0032126207554365057,176,1
2019-06-26,2019,6,26,8943,507,0.01312350465489037,177,2
2019-06-27,2019,6,27,8944,517,0.03265537557213635,178,3
2019-06-28,2019,6,28,8945,535,0.0668792479597138,179,4
2019-06-29,2019,6,29,8946,415,-0.18710897870559454,180,5
2019-06-30,2019,6,30,8947,435,-0.1400414678476087,181,6
2019-07-01,2019,7,1,8948,517,0.03265537557213635,182,0
2019-07-02,2019,7,2,8949,555,0.10358061481014179,183,1
2019-07-03,2019,7,3,8950,519,0.03651638422959586,184,2
2019-07-04,2019,7,4,8951,513,0.02488834623447675,185,3
2019-07-05,2019,7,5,8952,538,0.07247106122549156,186,4
2019-07-06,2019,7,6,8953,452,-0.10170531910406158,187,5
2019-07-07,2019,7,7,8954,415,-0.18710897870559454,188,6
2019-07-08,2019,7,8,8955,495,-0.01082973636760251,189,0
2019-07-09,2019,7,9,8956,523,0.04419396512863013,190,1
2019-07-10,2019,7,10,8957,511,0.020982091267411646,191,2
2019-07-11,2019,7,11,8958,517,0.03265537557213635,192,3
2019-07-12,2019,7,12,8959,589,0.163038684715294,193,4
2019-07-13,2019,7,13,8960,435,-0.1400414678476087,194,5
2019-07-14,2019,7,14,8961,427,-0.15860348570766825,195,6
2019-07-15,2019,7,15,8962,487,-0.027123375853703034,196,0
2019-07-16,2019,7,16,8963,505,0.009170930339067029,197,1
2019-07-17,2019,7,17,8964,549,0.09271094257323789,198,2
2019-07-18,2019,7,18,8965,488,-0.025072093083145647,199,3
2019-07-19,2019,7,19,8966,521,0.040362542817074146,200,4
2019-07-20,2019,7,20,8967,427,-0.15860348570766825,201,5
2019-07-21,2019,7,21,8968,374,-0.2911317015217608,202,6
2019-07-22,2019,7,22,8969,522,0.04228008894634606,203,0
2019-07-23,2019,7,23,8970,511,0.020982091267411646,204,1
2019-07-24,2019,7,24,8971,493,-0.014878324893602708,205,2
2019-07-25,2019,7,25,8972,549,0.09271094257323789,206,3
2019-07-26,2019,7,26,8973,560,0.1125492847929021,207,4
2019-07-27,2019,7,27,8974,447,-0.11282890432272394,208,5
2019-07-28,2019,7,28,8975,411,-0.1967942844400581,209,6
2019-07-29,2019,7,29,8976,499,-0.00278140318477414,210,0
2019-07-30,2019,7,30,8977,550,0.09453077929022377,211,1
2019-07-31,2019,7,31,8978,562,0.11611435095739826,212,2
2019-08-01,2019,8,1,8979,517,0.03265537557213635,213,3
2019-08-02,2019,8,2,8980,522,0.04228008894634606,214,4
2019-08-03,2019,8,3,8981,461,-0.08198945593964423,215,5
2019-08-04,2019,8,4,8982,394,-0.23903658963835892,216,6
2019-08-05,2019,8,5,8983,503,0.005202671163446407,217,0
2019-08-06,2019,8,6,8984,550,0.09453077929022377,218,1
2019-08-07,2019,8,7,8985,495,-0.01082973636760251,219,2
2019-08-08,2019,8,8,8986,531,0.05937452230564608,220,3
2019-08-09,2019,8,9,8987,551,0.09634731021662175,221,4
2019-08-10,2019,8,10,8988,431,-0.149279408832545,222,5
2019-08-11,2019,8,11,8989,394,-0.23903658963835892,223,6
2019-08-12,2019,8,12,8990,506,0.01114917035117286,224,0
2019-08-13,2019,8,13,8991,516,0.03071926654527006,225,1
2019-08-14,2019,8,14,8992,585,0.1562243482955638,226,2
2019-08-15,2019,8,15,8993,508,0.01509394864218921,227,3
2019-08-16,2019,8,16,8994,498,-0.0047874219116398825,228,4
2019-08-17,2019,8,17,8995,458,-0.0885183148221078,229,5
2019-08-18,2019,8,18,8996,383,-0.2673525097556468,230,6
2019-08-19,2019,8,19,8997,522,0.04228008894634606,231,0
2019-08-20,2019,8,20,8998,540,0.07618164062202722,232,1
2019-08-21,2019,8,21,8999,508,0.01509394864218921,233,2
2019-08-22,2019,8,22,9000,544,0.08356174791964978,234,3
2019-08-23,2019,8,23,9001,530,0.05748950760987465,235,4
2019-08-24,2019,8,24,9002,445,-0.11731321677005256,236,5
2019-08-25,2019,8,25,9003,433,-0.14464977093380296,237,6
2019-08-26,2019,8,26,9004,540,0.07618164062202722,238,0
2019-08-27,2019,8,27,9005,545,0.08539829572695133,239,1
2019-08-28,2019,8,28,9006,505,0.009170930339067029,240,2
2019-08-29,2019,8,29,9007,563,0.11789212920339767,241,3
2019-08-30,2019,8,30,9008,527,0.051813049605069564,242,4
2019-08-31,2019,8,31,9009,420,-0.17513278765887882,243,5
2019-09-01,2019,9,1,9010,406,-0.20903433933456006,244,6
2019-09-02,2019,9,2,9011,533,0.06313392522955179,245,0
2019-09-03,2019,9,3,9012,505,0.009170930339067029,246,1
2019-09-04,2019,9,4,9013,531,0.05937452230564608,247,2
2019-09-05,2019,9,5,9014,530,0.05748950760987465,248,3
2019-09-06,2019,9,6,9015,522,0.04228008894634606,249,4
2019-09-07,2019,9,7,9016,379,-0.2778512938538664,250,5
2019-09-08,2019,9,8,9017,410,-0.1992303392379392,251,6
2019-09-09,2019,9,9,9018,560,0.1125492847929021,252,0
2019-09-10,2019,9,10,9019,513,0.02488834623447675,253,1
2019-09-11,2019,9,11,9020,578,0.14418636973608467,254,2
2019-09-12,2019,9,12,9021,533,0.06313392522955179,255,3
2019-09-13,2019,9,13,9022,533,0.06313392522955179,256,4
2019-09-14,2019,9,14,9023,442,-0.12407761685859466,257,5
2019-09-15,2019,9,15,9024,411,-0.1967942844400581,258,6
2019-09-16,2019,9,16,9025,482,-0.03744338488569241,259,0
2019-09-17,2019,9,17,9026,571,0.1320017107197175,260,1
2019-09-18,2019,9,18,9027,529,0.05560093292200662,261,2
2019-09-19,2019,9,19,9028,567,0.12497180479145936,262,3
2019-09-20,2019,9,20,9029,563,0.11789212920339767,263,4
2019-09-21,2019,9,21,9030,472,-0.05840851335073735,264,5
2019-09-22,2019,9,22,9031,451,-0.10392015943361442,265,6
2019-09-23,2019,9,23,9032,544,0.08356174791964978,266,0
2019-09-24,2019,9,24,9033,548,0.0908877880117227,267,1
2019-09-25,2019,9,25,9034,532,0.06125599040535152,268,2
2019-09-26,2019,9,26,9035,550,0.09453077929022377,269,3
2019-09-27,2019,9,27,9036,524,0.04610418538474929,270,4
2019-09-28,2019,9,28,9037,446,-0.11506854691622871,271,5
2019-09-29,2019,9,29,9038,424,-0.16565404370433506,272,6
2019-09-30,2019,9,30,9039,527,0.051813049605069564,273,0
2019-10-01,2019,10,1,9040,564,0.11966675256176608,274,1
2019-10-02,2019,10,2,9041,478,-0.04577676644483675,275,2
2019-10-03,2019,10,3,9042,511,0.020982091267411646,276,3
2019-10-04,2019,10,4,9043,530,0.05748950760987465,277,4
2019-10-05,2019,10,5,9044,449,-0.10836461119403848,278,5
2019-10-06,2019,10,6,9045,376,-0.28579835554639826,279,6
2019-10-07,2019,10,7,9046,522,0.04228008894634606,280,0
2019-10-08,2019,10,8,9047,515,0.028779401727443366,281,1
2019-10-09,2019,10,9,9048,513,0.02488834623447675,282,2
2019-10-10,2019,10,10,9049,522,0.04228008894634606,283,3
2019-10-11,2019,10,11,9050,504,0.007188769135075929,284,4
2019-10-12,2019,10,12,9051,428,-0.156264303354496,285,5
2019-10-13,2019,10,13,9052,411,-0.1967942844400581,286,6
2019-10-14,2019,10,14,9053,509,0.017060517614229952,287,0
2019-10-15,2019,10,15,9054,487,-0.027123375853703034,288,1
2019-10-16,2019,10,16,9055,490,-0.020982107831620526,289,2
2019-10-17,2019,10,17,9056,461,-0.08198945593964423,290,3
2019-10-18,2019,10,18,9057,530,0.05748950760987465,291,4
2019-10-19,2019,10,19,9058,401,-0.22142607162972353,292,5
2019-10-20,2019,10,20,9059,398,-0.22893549365185503,293,6
2019-10-21,2019,10,21,9060,472,-0.05840851335073735,294,0
2019-10-22,2019,10,22,9061,445,-0.11731321677005256,295,1
2019-10-23,2019,10,23,9062,456,-0.09289468942190668,296,2
2019-10-24,2019,10,24,9063,497,-0.006797472839664082,297,3
2019-10-25,2019,10,25,9064,453,-0.09949537345325875,298,4
2019-10-26,2019,10,26,9065,402,-0.21893541031727165,299,5
2019-10-27,2019,10,27,9066,368,-0.30730456076736185,300,6
2019-10-28,2019,10,28,9067,462,-0.0798226078545539,301,0
2019-10-29,2019,10,29,9068,535,0.0668792479597138,302,1
2019-10-30,2019,10,30,9069,485,-0.031238607998809516,303,2
2019-10-31,2019,10,31,9070,512,0.02293712610321511,304,3
2019-11-01,2019,11,1,9071,514,0.02683576651887243,305,4
2019-11-02,2019,11,2,9072,408,-0.204120324532131,306,5
2019-11-03,2019,11,3,9073,391,-0.24667993895092696,307,6
2019-11-04,2019,11,4,9074,467,-0.06905824126739543,308,0
2019-11-05,2019,11,5,9075,500,-0.0007794005141010613,309,1
2019-11-06,2019,11,6,9076,484,-0.03330259221966101,310,2
2019-11-07,2019,11,7,9077,466,-0.07120186481064687,311,3
2019-11-08,2019,11,8,9078,526,0.04991371380141699,312,4
2019-11-09,2019,11,9,9079,414,-0.18952152511097844,313,5
2019-11-10,2019,11,10,9080,368,-0.30730456076736185,314,6
2019-11-11,2019,11,11,9081,472,-0.05840851335073735,315,0
2019-11-12,2019,11,12,9082,515,0.028779401727443366,316,1
2019-11-13,2019,11,13,9083,484,-0.03330259221966101,317,2
2019-11-14,2019,11,14,9084,499,-0.00278140318477414,318,3
2019-11-15,2019,11,15,9085,469,-0.06478473049001338,319,4
2019-11-16,2019,11,16,9086,383,-0.2673525097556468,320,5
2019-11-17,2019,11,17,9087,343,-0.3776570517703529,321,6
2019-11-18,2019,11,18,9088,439,-0.13088808586112144,322,0
2019-11-19,2019,11,19,9089,496,-0.008811572211365326,323,1
2019-11-20,2019,11,20,9090,471,-0.060529404919874984,324,2
2019-11-21,2019,11,21,9091,473,-0.056292110444359764,325,3
2019-11-22,2019,11,22,9092,542,0.07987850250335336,326,4
2019-11-23,2019,11,23,9093,402,-0.21893541031727165,327,5
2019-11-24,2019,11,24,9094,372,-0.2964936446631462,328,6
2019-11-25,2019,11,25,9095,442,-0.12407761685859466,329,0
2019-11-26,2019,11,26,9096,520,0.038441312639180374,330,1
2019-11-27,2019,11,27,9097,500,-0.0007794005141010613,331,2
2019-11-28,2019,11,28,9098,473,-0.056292110444359764,332,3
2019-11-29,2019,11,29,9099,457,-0.09070410804208806,333,4
2019-11-30,2019,11,30,9100,377,-0.283142311488282,334,5
2019-12-01,2019,12,1,9101,377,-0.283142311488282,335,6
2019-12-02,2019,12,2,9102,457,-0.09070410804208806,336,0
2019-12-03,2019,12,3,9103,453,-0.09949537345325875,337,1
2019-12-04,2019,12,4,9104,455,-0.09509007998534234,338,2
2019-12-05,2019,12,5,9105,416,-0.18470223867502955,339,3
2019-12-06,2019,12,6,9106,462,-0.0798226078545539,340,4
2019-12-07,2019,12,7,9107,377,-0.283142311488282,341,5
2019-12-08,2019,12,8,9108,343,-0.3776570517703529,342,6
2019-12-09,2019,12,9,9109,431,-0.149279408832545,343,0
2019-12-10,2019,12,10,9110,464,-0.07550294671003747,344,1
2019-12-11,2019,12,11,9111,449,-0.10836461119403848,345,2
2019-12-12,2019,12,12,9112,414,-0.18952152511097844,346,3
2019-12-13,2019,12,13,9113,462,-0.0798226078545539,347,4
2019-12-14,2019,12,14,9114,368,-0.30730456076736185,348,5
2019-12-15,2019,12,15,9115,362,-0.32374328711052175,349,6
2019-12-16,2019,12,16,9116,419,-0.1775165790141551,350,0
2019-12-17,2019,12,17,9117,447,-0.11282890432272394,351,1
2019-12-18,2019,12,18,9118,468,-0.066919203018646,352,2
2019-12-19,2019,12,19,9119,496,-0.008811572211365326,353,3
2019-12-20,2019,12,20,9120,498,-0.0047874219116398825,354,4
2019-12-21,2019,12,21,9121,391,-0.24667993895092696,355,5
2019-12-22,2019,12,22,9122,367,-0.3100256508817225,356,6
2019-12-23,2019,12,23,9123,462,-0.0798226078545539,357,0
2019-12-24,2019,12,24,9124,483,-0.03537084528372003,358,1
2019-12-25,2019,12,25,9125,322,-0.4408359533918844,359,2
2019-12-26,2019,12,26,9126,280,-0.5805978957670432,360,3
2019-12-27,2019,12,27,9127,429,-0.15393058000827584,361,4
2019-12-28,2019,12,28,9128,399,-0.22642608204642928,362,5
2019-12-29,2019,12,29,9129,364,-0.3182336312995521,363,6
2019-12-30,2019,12,30,9130,479,-0.043686901525377485,364,0
2019-12-31,2019,12,31,9131,411,-0.1967942844400581,365,1
2020-01-01,2020,1,1,9132,321,-0.4439463758062768,1,2
2020-01-02,2020,1,2,9133,450,-0.10613991617192732,2,3
2020-01-03,2020,1,3,9134,540,0.07618164062202722,3,4
2020-01-04,2020,1,4,9135,415,-0.18710897870559454,4,5
2020-01-05,2020,1,5,9136,335,-0.40125696711122627,5,6
2020-01-06,2020,1,6,9137,468,-0.066919203018646,6,0
2020-01-07,2020,1,7,9138,511,0.020982091267411646,7,1
2020-01-08,2020,1,8,9139,481,-0.03952022883053154,8,2
2020-01-09,2020,1,9,9140,498,-0.0047874219116398825,9,3
2020-01-10,2020,1,10,9141,525,0.04801076365533098,10,4
2020-01-11,2020,1,11,9142,379,-0.2778512938538664,11,5
2020-01-12,2020,1,12,9143,391,-0.24667993895092696,12,6
2020-01-13,2020,1,13,9144,483,-0.03537084528372003,13,0
2020-01-14,2020,1,14,9145,467,-0.06905824126739543,14,1
2020-01-15,2020,1,15,9146,495,-0.01082973636760251,15,2
2020-01-16,2020,1,16,9147,444,-0.11956293650406802,16,3
2020-01-17,2020,1,17,9148,507,0.01312350465489037,17,4
2020-01-18,2020,1,18,9149,398,-0.22893549365185503,18,5
2020-01-19,2020,1,19,9150,383,-0.2673525097556468,19,6
2020-01-20,2020,1,20,9151,487,-0.027123375853703034,20,0
2020-01-21,2020,1,21,9152,510,0.019023226782078777,21,1
2020-01-22,2020,1,22,9153,457,-0.09070410804208806,22,2
2020-01-23,2020,1,23,9154,494,-0.012851981748370309,23,3
2020-01-24,2020,1,24,9155,485,-0.031238607998809516,24,4
2020-01-25,2020,1,25,9156,400,-0.22392295182831073,25,5
2020-01-26,2020,1,26,9157,362,-0.32374328711052175,26,6
2020-01-27,2020,1,27,9158,464,-0.07550294671003747,27,0
2020-01-28,2020,1,28,9159,494,-0.012851981748370309,28,1
2020-01-29,2020,1,29,9160,486,-0.02917887503579906,29,2
2020-01-30,2020,1,30,9161,447,-0.11282890432272394,30,3
2020-01-31,2020,1,31,9162,498,-0.0047874219116398825,31,4
2020-02-01,2020,2,1,9163,391,-0.24667993895092696,32,5
2020-02-02,2020,2,2,9164,397,-0.2314512182491023,33,6
2020-02-03,2020,2,3,9165,490,-0.020982107831620526,34,0
2020-02-04,2020,2,4,9166,502,0.0032126207554365057,35,1
2020-02-05,2020,2,5,9167,484,-0.03330259221966101,36,2
2020-02-06,2020,2,6,9168,443,-0.12181772889115713,37,3
2020-02-07,2020,2,7,9169,459,-0.0863372888757476,38,4
2020-02-08,2020,2,8,9170,387,-0.25696280590651094,39,5
2020-02-09,2020,2,9,9171,314,-0.46599451302803935,40,6
2020-02-10,2020,2,10,9172,473,-0.056292110444359764,41,0
2020-02-11,2020,2,11,9173,462,-0.0798226078545539,42,1
2020-02-12,2020,2,12,9174,461,-0.08198945593964423,43,2
2020-02-13,2020,2,13,9175,434,-0.14234296483588793,44,3
2020-02-14,2020,2,14,9176,498,-0.0047874219116398825,45,4
2020-02-15,2020,2,15,9177,380,-0.2752162462158613,46,5
2020-02-16,2020,2,16,9178,360,-0.3292834674861371,47,6
2020-02-17,2020,2,17,9179,476,-0.04996964470487272,48,0
2020-02-18,2020,2,18,9180,445,-0.11731321677005256,49,1
2020-02-19,2020,2,19,9181,445,-0.11731321677005256,50,2
2020-02-20,2020,2,20,9182,547,0.08906130348568847,51,3
2020-02-21,2020,2,21,9183,518,0.03458774332319039,52,4
2020-02-22,2020,2,22,9184,404,-0.21397262097514264,53,5
2020-02-23,2020,2,23,9185,378,-0.2804933033167051,54,6
2020-02-24,2020,2,24,9186,439,-0.13088808586112144,55,0
2020-02-25,2020,2,25,9187,484,-0.03330259221966101,56,1
2020-02-26,2020,2,26,9188,470,-0.06265480423218847,57,2
2020-02-27,2020,2,27,9189,490,-0.020982107831620526,58,3
2020-02-28,2020,2,28,9190,502,0.0032126207554365057,59,4
2020-02-29,2020,2,29,9191,362,-0.32374328711052175,60,5
2020-03-01,2020,3,1,9192,342,-0.38057676187368766,61,6
2020-03-02,2020,3,2,9193,456,-0.09289468942190668,62,0
2020-03-03,2020,3,3,9194,524,0.04610418538474929,63,1
2020-03-04,2020,3,4,9195,492,-0.016908782443984704,64,2
2020-03-05,2020,3,5,9196,461,-0.08198945593964423,65,3
2020-03-06,2020,3,6,9197,513,0.02488834623447675,66,4
2020-03-07,2020,3,7,9198,374,-0.2911317015217608,67,5
2020-03-08,2020,3,8,9199,382,-0.26996689032971755,68,6
2020-03-09,2020,3,9,9200,503,0.005202671163446407,69,0
2020-03-10,2020,3,10,9201,449,-0.10836461119403848,70,1
2020-03-11,2020,3,11,9202,454,-0.09729030089494478,71,2
2020-03-12,2020,3,12,9203,444,-0.11956293650406802,72,3
2020-03-13,2020,3,13,9204,435,-0.1400414678476087,73,4
2020-03-14,2020,3,14,9205,355,-0.34326970946087704,74,5
2020-03-15,2020,3,15,9206,372,-0.2964936446631462,75,6
2020-03-16,2020,3,16,9207,423,-0.16801531989001484,76,0
2020-03-17,2020,3,17,9208,485,-0.031238607998809516,77,1
2020-03-18,2020,3,18,9209,448,-0.1105942665213076,78,2
2020-03-19,2020,3,19,9210,486,-0.02917887503579906,79,3
2020-03-20,2020,3,20,9211,461,-0.08198945593964423,80,4
2020-03-21,2020,3,21,9212,359,-0.3320651104480139,81,5
2020-03-22,2020,3,22,9213,355,-0.34326970946087704,82,6
2020-03-23,2020,3,23,9214,462,-0.0798226078545539,83,0
2020-03-24,2020,3,24,9215,494,-0.012851981748370309,84,1
2020-03-25,2020,3,25,9216,462,-0.0798226078545539,85,2
2020-03-26,2020,3,26,9217,473,-0.056292110444359764,86,3
2020-03-27,2020,3,27,9218,454,-0.09729030089494478,87,4
2020-03-28,2020,3,28,9219,364,-0.3182336312995521,88,5
2020-03-29,2020,3,29,9220,330,-0.41629484447576676,89,6
2020-03-30,2020,3,30,9221,438,-0.13316858855984665,90,0
2020-03-31,2020,3,31,9222,502,0.0032126207554365057,91,1
2020-04-01,2020,4,1,9223,451,-0.10392015943361442,92,2
2020-04-02,2020,4,2,9224,490,-0.020982107831620526,93,3
2020-04-03,2020,4,3,9225,479,-0.043686901525377485,94,4
2020-04-04,2020,4,4,9226,391,-0.24667993895092696,95,5
2020-04-05,2020,4,5,9227,372,-0.2964936446631462,96,6
2020-04-06,2020,4,6,9228,443,-0.12181772889115713,97,0
2020-04-07,2020,4,7,9229,499,-0.00278140318477414,98,1
2020-04-08,2020,4,8,9230,504,0.007188769135075929,99,2
2020-04-09,2020,4,9,9231,479,-0.043686901525377485,100,3
2020-04-10,2020,4,10,9232,485,-0.031238607998809516,101,4
2020-04-11,2020,4,11,9233,358,-0.3348545125355925,102,5
2020-04-12,2020,4,12,9234,382,-0.26996689032971755,103,6
2020-04-13,2020,4,13,9235,352,-0.35175632333819573,104,0
2020-04-14,2020,4,14,9236,447,-0.11282890432272394,105,1
2020-04-15,2020,4,15,9237,472,-0.05840851335073735,106,2
2020-04-16,2020,4,16,9238,487,-0.027123375853703034,107,3
2020-04-17,2020,4,17,9239,507,0.01312350465489037,108,4
2020-04-18,2020,4,18,9240,389,-0.25180815531784645,109,5
2020-04-19,2020,4,19,9241,359,-0.3320651104480139,110,6
2020-04-20,2020,4,20,9242,488,-0.025072093083145647,111,0
2020-04-21,2020,4,21,9243,432,-0.14696191069218248,112,1
2020-04-22,2020,4,22,9244,469,-0.06478473049001338,113,2
2020-04-23,2020,4,23,9245,490,-0.020982107831620526,114,3
2020-04-24,2020,4,24,9246,508,0.01509394864218921,115,4
2020-04-25,2020,4,25,9247,386,-0.2595501294714619,116,5
2020-04-26,2020,4,26,9248,356,-0.34045676808426234,117,6
2020-04-27,2020,4,27,9249,377,-0.283142311488282,118,0
2020-04-28,2020,4,28,9250,511,0.020982091267411646,119,1
2020-04-29,2020,4,29,9251,503,0.005202671163446407,120,2
2020-04-30,2020,4,30,9252,500,-0.0007794005141010613,121,3
2020-05-01,2020,5,1,9253,529,0.05560093292200662,122,4
2020-05-02,2020,5,2,9254,371,-0.29918543632885763,123,5
2020-05-03,2020,5,3,9255,377,-0.283142311488282,124,6
2020-05-04,2020,5,4,9256,444,-0.11956293650406802,125,0
2020-05-05,2020,5,5,9257,420,-0.17513278765887882,126,1
2020-05-06,2020,5,6,9258,504,0.007188769135075929,127,2
2020-05-07,2020,5,7,9259,460,-0.08416100945315207,128,3
2020-05-08,2020,5,8,9260,469,-0.06478473049001338,129,4
2020-05-09,2020,5,9,9261,424,-0.16565404370433506,130,5
2020-05-10,2020,5,10,9262,375,-0.2884614729658819,131,6
2020-05-11,2020,5,11,9263,462,-0.0798226078545539,132,0
2020-05-12,2020,5,12,9264,458,-0.0885183148221078,133,1
2020-05-13,2020,5,13,9265,490,-0.020982107831620526,134,2
2020-05-14,2020,5,14,9266,442,-0.12407761685859466,135,3
2020-05-15,2020,5,15,9267,468,-0.066919203018646,136,4
2020-05-16,2020,5,16,9268,399,-0.22642608204642928,137,5
2020-05-17,2020,5,17,9269,370,-0.30188449329802264,138,6
2020-05-18,2020,5,18,9270,480,-0.04160139503435611,139,0
2020-05-19,2020,5,19,9271,469,-0.06478473049001338,140,1
2020-05-20,2020,5,20,9272,478,-0.04577676644483675,141,2
2020-05-21,2020,5,21,9273,421,-0.1727546652539114,142,3
2020-05-22,2020,5,22,9274,520,0.038441312639180374,143,4
2020-05-23,2020,5,23,9275,412,-0.19436414958676645,144,5
2020-05-24,2020,5,24,9276,371,-0.29918543632885763,145,6
2020-05-25,2020,5,25,9277,443,-0.12181772889115713,146,0
2020-05-26,2020,5,26,9278,449,-0.10836461119403848,147,1
2020-05-27,2020,5,27,9279,483,-0.03537084528372003,148,2
2020-05-28,2020,5,28,9280,491,-0.01894337114177224,149,3
2020-05-29,2020,5,29,9281,500,-0.0007794005141010613,150,4
2020-05-30,2020,5,30,9282,417,-0.18230127713749136,151,5
2020-05-31,2020,5,31,9283,383,-0.2673525097556468,152,6
2020-06-01,2020,6,1,9284,402,-0.21893541031727165,153,0
2020-06-02,2020,6,2,9285,521,0.040362542817074146,154,1
2020-06-03,2020,6,3,9286,510,0.019023226782078777,155,2
2020-06-04,2020,6,4,9287,489,-0.023025009461420796,156,3
2020-06-05,2020,6,5,9288,530,0.05748950760987465,157,4
2020-06-06,2020,6,6,9289,419,-0.1775165790141551,158,5
2020-06-07,2020,6,7,9290,414,-0.18952152511097844,159,6
2020-06-08,2020,6,8,9291,464,-0.07550294671003747,160,0
2020-06-09,2020,6,9,9292,446,-0.11506854691622871,161,1
2020-06-10,2020,6,10,9293,475,-0.05207269490165152,162,2
2020-06-11,2020,6,11,9294,452,-0.10170531910406158,163,3
2020-06-12,2020,6,12,9295,499,-0.00278140318477414,164,4
2020-06-13,2020,6,13,9296,455,-0.09509007998534234,165,5
2020-06-14,2020,6,14,9297,372,-0.2964936446631462,166,6
2020-06-15,2020,6,15,9298,482,-0.03744338488569241,167,0
2020-06-16,2020,6,16,9299,489,-0.023025009461420796,168,1
2020-06-17,2020,6,17,9300,473,-0.056292110444359764,169,2
2020-06-18,2020,6,18,9301,509,0.017060517614229952,170,3
2020-06-19,2020,6,19,9302,503,0.005202671163446407,171,4
2020-06-20,2020,6,20,9303,413,-0.1919399059752601,172,5
2020-06-21,2020,6,21,9304,382,-0.26996689032971755,173,6
2020-06-22,2020,6,22,9305,476,-0.04996964470487272,174,0
2020-06-23,2020,6,23,9306,497,-0.006797472839664082,175,1
2020-06-24,2020,6,24,9307,509,0.017060517614229952,176,2
2020-06-25,2020,6,25,9308,496,-0.008811572211365326,177,3
2020-06-26,2020,6,26,9309,492,-0.016908782443984704,178,4
2020-06-27,2020,6,27,9310,454,-0.09729030089494478,179,5
2020-06-28,2020,6,28,9311,401,-0.22142607162972353,180,6
2020-06-29,2020,6,29,9312,433,-0.14464977093380296,181,0
2020-06-30,2020,6,30,9313,459,-0.0863372888757476,182,1
2020-07-01,2020,7,1,9314,530,0.05748950760987465,183,2
2020-07-02,2020,7,2,9315,587,0.15963732089180377,184,3
2020-07-03,2020,7,3,9316,532,0.06125599040535152,185,4
2020-07-04,2020,7,4,9317,432,-0.14696191069218248,186,5
2020-07-05,2020,7,5,9318,415,-0.18710897870559454,187,6
2020-07-06,2020,7,6,9319,494,-0.012851981748370309,188,0
2020-07-07,2020,7,7,9320,532,0.06125599040535152,189,1
2020-07-08,2020,7,8,9321,513,0.02488834623447675,190,2
2020-07-09,2020,7,9,9322,523,0.04419396512863013,191,3
2020-07-10,2020,7,10,9323,555,0.10358061481014179,192,4
2020-07-11,2020,7,11,9324,409,-0.20167234289349095,193,5
2020-07-12,2020,7,12,9325,397,-0.2314512182491023,194,6
2020-07-13,2020,7,13,9326,519,0.03651638422959586,195,0
2020-07-14,2020,7,14,9327,531,0.05937452230564608,196,1
2020-07-15,2020,7,15,9328,570,0.13024886189230303,197,2
2020-07-16,2020,7,16,9329,534,0.06500834002390198,198,3
2020-07-17,2020,7,17,9330,576,0.14072016175959845,199,4
2020-07-18,2020,7,18,9331,437,-0.13545430384070264,200,5
2020-07-19,2020,7,19,9332,484,-0.03330259221966101,201,6
2020-07-20,2020,7,20,9333,494,-0.012851981748370309,202,0
2020-07-21,2020,7,21,9334,504,0.007188769135075929,203,1
2020-07-22,2020,7,22,9335,546,0.08723147680861221,204,2
2020-07-23,2020,7,23,9336,541,0.07803177991018878,205,3
2020-07-24,2020,7,24,9337,538,0.07247106122549156,206,4
2020-07-25,2020,7,25,9338,446,-0.11506854691622871,207,5
2020-07-26,2020,7,26,9339,382,-0.26996689032971755,208,6
2020-07-27,2020,7,27,9340,531,0.05937452230564608,209,0
2020-07-28,2020,7,28,9341,508,0.01509394864218921,210,1
2020-07-29,2020,7,29,9342,517,0.03265537557213635,211,2
2020-07-30,2020,7,30,9343,519,0.03651638422959586,212,3
2020-07-31,2020,7,31,9344,512,0.02293712610321511,213,4
2020-08-01,2020,8,1,9345,437,-0.13545430384070264,214,5
2020-08-02,2020,8,2,9346,418,-0.1799060664115365,215,6
2020-08-03,2020,8,3,9347,496,-0.008811572211365326,216,0
2020-08-04,2020,8,4,9348,513,0.02488834623447675,217,1
2020-08-05,2020,8,5,9349,523,0.04419396512863013,218,2
2020-08-06,2020,8,6,9350,512,0.02293712610321511,219,3
2020-08-07,2020,8,7,9351,565,0.12143823221014823,220,4
2020-08-08,2020,8,8,9352,413,-0.1919399059752601,221,5
2020-08-09,2020,8,9,9353,379,-0.2778512938538664,222,6
2020-08-10,2020,8,10,9354,531,0.05937452230564608,223,0
2020-08-11,2020,8,11,9355,530,0.05748950760987465,224,1
2020-08-12,2020,8,12,9356,525,0.04801076365533098,225,2
2020-08-13,2020,8,13,9357,512,0.02293712610321511,226,3
2020-08-14,2020,8,14,9358,523,0.04419396512863013,227,4
2020-08-15,2020,8,15,9359,407,-0.20657431349369773,228,5
2020-08-16,2020,8,16,9360,417,-0.18230127713749136,229,6
2020-08-17,2020,8,17,9361,518,0.03458774332319039,230,0
2020-08-18,2020,8,18,9362,513,0.02488834623447675,231,1
2020-08-19,2020,8,19,9363,530,0.05748950760987465,232,2
2020-08-20,2020,8,20,9364,533,0.06313392522955179,233,3
2020-08-21,2020,8,21,9365,547,0.08906130348568847,234,4
2020-08-22,2020,8,22,9366,389,-0.25180815531784645,235,5
2020-08-23,2020,8,23,9367,366,-0.3127541655349265,236,6
2020-08-24,2020,8,24,9368,487,-0.027123375853703034,237,0
2020-08-25,2020,8,25,9369,518,0.03458774332319039,238,1
2020-08-26,2020,8,26,9370,555,0.10358061481014179,239,2
2020-08-27,2020,8,27,9371,536,0.06874666213450913,240,3
2020-08-28,2020,8,28,9372,558,0.10897146344501811,241,4
2020-08-29,2020,8,29,9373,450,-0.10613991617192732,242,5
2020-08-30,2020,8,30,9374,419,-0.1775165790141551,243,6
2020-08-31,2020,8,31,9375,467,-0.06905824126739543,244,0
2020-09-01,2020,9,1,9376,497,-0.006797472839664082,245,1
2020-09-02,2020,9,2,9377,555,0.10358061481014179,246,2
2020-09-03,2020,9,3,9378,537,0.07061059557257193,247,3
2020-09-04,2020,9,4,9379,540,0.07618164062202722,248,4
2020-09-05,2020,9,5,9380,464,-0.07550294671003747,249,5
2020-09-06,2020,9,6,9381,428,-0.156264303354496,250,6
2020-09-07,2020,9,7,9382,521,0.040362542817074146,251,0
2020-09-08,2020,9,8,9383,483,-0.03537084528372003,252,1
2020-09-09,2020,9,9,9384,561,0.11433340658640359,253,2
2020-09-10,2020,9,10,9385,533,0.06313392522955179,254,3
2020-09-11,2020,9,11,9386,526,0.04991371380141699,255,4
2020-09-12,2020,9,12,9387,402,-0.21893541031727165,256,5
2020-09-13,2020,9,13,9388,382,-0.26996689032971755,257,6
2020-09-14,2020,9,14,9389,483,-0.03537084528372003,258,0
2020-09-15,2020,9,15,9390,515,0.028779401727443366,259,1
2020-09-16,2020,9,16,9391,582,0.15108294879514503,260,2
2020-09-17,2020,9,17,9392,512,0.02293712610321511,261,3
2020-09-18,2020,9,18,9393,541,0.07803177991018878,262,4
2020-09-19,2020,9,19,9394,431,-0.149279408832545,263,5
2020-09-20,2020,9,20,9395,467,-0.06905824126739543,264,6
2020-09-21,2020,9,21,9396,476,-0.04996964470487272,265,0
2020-09-22,2020,9,22,9397,550,0.09453077929022377,266,1
2020-09-23,2020,9,23,9398,533,0.06313392522955179,267,2
2020-09-24,2020,9,24,9399,520,0.038441312639180374,268,3
2020-09-25,2020,9,25,9400,520,0.038441312639180374,269,4
2020-09-26,2020,9,26,9401,456,-0.09289468942190668,270,5
2020-09-27,2020,9,27,9402,404,-0.21397262097514264,271,6
2020-09-28,2020,9,28,9403,498,-0.0047874219116398825,272,0
2020-09-29,2020,9,29,9404,518,0.03458774332319039,273,1
2020-09-30,2020,9,30,9405,513,0.02488834623447675,274,2
2020-10-01,2020,10,1,9406,546,0.08723147680861221,275,3
2020-10-02,2020,10,2,9407,504,0.007188769135075929,276,4
2020-10-03,2020,10,3,9408,438,-0.13316858855984665,277,5
2020-10-04,2020,10,4,9409,391,-0.24667993895092696,278,6
2020-10-05,2020,10,5,9410,518,0.03458774332319039,279,0
2020-10-06,2020,10,6,9411,514,0.02683576651887243,280,1
2020-10-07,2020,10,7,9412,505,0.009170930339067029,281,2
2020-10-08,2020,10,8,9413,468,-0.066919203018646,282,3
2020-10-09,2020,10,9,9414,508,0.01509394864218921,283,4
2020-10-10,2020,10,10,9415,439,-0.13088808586112144,284,5
2020-10-11,2020,10,11,9416,404,-0.21397262097514264,285,6
2020-10-12,2020,10,12,9417,474,-0.05418017724121624,286,0
2020-10-13,2020,10,13,9418,491,-0.01894337114177224,287,1
2020-10-14,2020,10,14,9419,499,-0.00278140318477414,288,2
2020-10-15,2020,10,15,9420,498,-0.0047874219116398825,289,3
2020-10-16,2020,10,16,9421,524,0.04610418538474929,290,4
2020-10-17,2020,10,17,9422,377,-0.283142311488282,291,5
2020-10-18,2020,10,18,9423,364,-0.3182336312995521,292,6
2020-10-19,2020,10,19,9424,444,-0.11956293650406802,293,0
2020-10-20,2020,10,20,9425,501,0.0012186021485719963,294,1
2020-10-21,2020,10,21,9426,483,-0.03537084528372003,295,2
2020-10-22,2020,10,22,9427,487,-0.027123375853703034,296,3
2020-10-23,2020,10,23,9428,485,-0.031238607998809516,297,4
2020-10-24,2020,10,24,9429,381,-0.2725881238095918,298,5
2020-10-25,2020,10,25,9430,383,-0.2673525097556468,299,6
2020-10-26,2020,10,26,9431,448,-0.1105942665213076,300,0
2020-10-27,2020,10,27,9432,511,0.020982091267411646,301,1
2020-10-28,2020,10,28,9433,515,0.028779401727443366,302,2
2020-10-29,2020,10,29,9434,489,-0.023025009461420796,303,3
2020-10-30,2020,10,30,9435,516,0.03071926654527006,304,4
2020-10-31,2020,10,31,9436,391,-0.24667993895092696,305,5
2020-11-01,2020,11,1,9437,405,-0.21150043182975356,306,6
2020-11-02,2020,11,2,9438,504,0.007188769135075929,307,0
2020-11-03,2020,11,3,9439,518,0.03458774332319039,308,1
2020-11-04,2020,11,4,9440,447,-0.11282890432272394,309,2
2020-11-05,2020,11,5,9441,528,0.053708784769968605,310,3
2020-11-06,2020,11,6,9442,536,0.06874666213450913,311,4
2020-11-07,2020,11,7,9443,427,-0.15860348570766825,312,5
2020-11-08,2020,11,8,9444,347,-0.36606271898943366,313,6
2020-11-09,2020,11,9,9445,491,-0.01894337114177224,314,0
2020-11-10,2020,11,10,9446,502,0.0032126207554365057,315,1
2020-11-11,2020,11,11,9447,501,0.0012186021485719963,316,2
2020-11-12,2020,11,12,9448,495,-0.01082973636760251,317,3
2020-11-13,2020,11,13,9449,518,0.03458774332319039,318,4
2020-11-14,2020,11,14,9450,376,-0.28579835554639826,319,5
2020-11-15,2020,11,15,9451,383,-0.2673525097556468,320,6
2020-11-16,2020,11,16,9452,472,-0.05840851335073735,321,0
2020-11-17,2020,11,17,9453,491,-0.01894337114177224,322,1
2020-11-18,2020,11,18,9454,464,-0.07550294671003747,323,2
2020-11-19,2020,11,19,9455,486,-0.02917887503579906,324,3
2020-11-20,2020,11,20,9456,482,-0.03744338488569241,325,4
2020-11-21,2020,11,21,9457,371,-0.29918543632885763,326,5
2020-11-22,2020,11,22,9458,368,-0.30730456076736185,327,6
2020-11-23,2020,11,23,9459,443,-0.12181772889115713,328,0
2020-11-24,2020,11,24,9460,466,-0.07120186481064687,329,1
2020-11-25,2020,11,25,9461,461,-0.08198945593964423,330,2
2020-11-26,2020,11,26,9462,475,-0.05207269490165152,331,3
2020-11-27,2020,11,27,9463,465,-0.07335009334893643,332,4
2020-11-28,2020,11,28,9464,393,-0.2415778870670315,333,5
2020-11-29,2020,11,29,9465,333,-0.40724500895584886,334,6
2020-11-30,2020,11,30,9466,381,-0.2725881238095918,335,0
2020-12-01,2020,12,1,9467,421,-0.1727546652539114,336,1
2020-12-02,2020,12,2,9468,485,-0.031238607998809516,337,2
2020-12-03,2020,12,3,9469,462,-0.0798226078545539,338,3
2020-12-04,2020,12,4,9470,431,-0.149279408832545,339,4
2020-12-05,2020,12,5,9471,367,-0.3100256508817225,340,5
2020-12-06,2020,12,6,9472,339,-0.38938739155584257,341,6
2020-12-07,2020,12,7,9473,467,-0.06905824126739543,342,0
2020-12-08,2020,12,8,9474,407,-0.20657431349369773,343,1
2020-12-09,2020,12,9,9475,499,-0.00278140318477414,344,2
2020-12-10,2020,12,10,9476,427,-0.15860348570766825,345,3
2020-12-11,2020,12,11,9477,481,-0.03952022883053154,346,4
2020-12-12,2020,12,12,9478,372,-0.2964936446631462,347,5
2020-12-13,2020,12,13,9479,312,-0.4723843111268104,348,6
2020-12-14,2020,12,14,9480,470,-0.06265480423218847,349,0
2020-12-15,2020,12,15,9481,453,-0.09949537345325875,350,1
2020-12-16,2020,12,16,9482,408,-0.204120324532131,351,2
2020-12-17,2020,12,17,9483,455,-0.09509007998534234,352,3
2020-12-18,2020,12,18,9484,463,-0.07766044485005867,353,4
2020-12-19,2020,12,19,9485,403,-0.21645093698960974,354,5
2020-12-20,2020,12,20,9486,365,-0.31549014535380127,355,6
2020-12-21,2020,12,21,9487,478,-0.04577676644483675,356,0
2020-12-22,2020,12,22,9488,488,-0.025072093083145647,357,1
2020-12-23,2020,12,23,9489,486,-0.02917887503579906,358,2
2020-12-24,2020,12,24,9490,389,-0.25180815531784645,359,3
2020-12-25,2020,12,25,9491,347,-0.36606271898943366,360,4
2020-12-26,2020,12,26,9492,295,-0.528412142596473,361,5
2020-12-27,2020,12,27,9493,360,-0.3292834674861371,362,6
2020-12-28,2020,12,28,9494,472,-0.05840851335073735,363,0
2020-12-29,2020,12,29,9495,520,0.038441312639180374,364,1
2020-12-30,2020,12,30,9496,488,-0.025072093083145647,365,2
2020-12-31,2020,12,31,9497,436,-0.13774525558725847,366,3
2021-01-01,2021,1,1,9498,359,-0.3320651104480139,1,4
2021-01-02,2021,1,2,9499,381,-0.2725881238095918,2,5
2021-01-03,2021,1,3,9500,361,-0.32650954060341186,3,6
2021-01-04,2021,1,4,9501,486,-0.02917887503579906,4,0
2021-01-05,2021,1,5,9502,471,-0.060529404919874984,5,1
2021-01-06,2021,1,6,9503,498,-0.0047874219116398825,6,2
2021-01-07,2021,1,7,9504,460,-0.08416100945315207,7,3
2021-01-08,2021,1,8,9505,503,0.005202671163446407,8,4
2021-01-09,2021,1,9,9506,405,-0.21150043182975356,9,5
2021-01-10,2021,1,10,9507,364,-0.3182336312995521,10,6
2021-01-11,2021,1,11,9508,440,-0.12861277202398594,11,0
2021-01-12,2021,1,12,9509,503,0.005202671163446407,12,1
2021-01-13,2021,1,13,9510,442,-0.12407761685859466,13,2
2021-01-14,2021,1,14,9511,459,-0.0863372888757476,14,3
2021-01-15,2021,1,15,9512,517,0.03265537557213635,15,4
2021-01-16,2021,1,16,9513,371,-0.29918543632885763,16,5
2021-01-17,2021,1,17,9514,359,-0.3320651104480139,17,6
2021-01-18,2021,1,18,9515,484,-0.03330259221966101,18,0
2021-01-19,2021,1,19,9516,464,-0.07550294671003747,19,1
2021-01-20,2021,1,20,9517,511,0.020982091267411646,20,2
2021-01-21,2021,1,21,9518,501,0.0012186021485719963,21,3
2021-01-22,2021,1,22,9519,559,0.11076197421880644,22,4
2021-01-23,2021,1,23,9520,403,-0.21645093698960974,23,5
2021-01-24,2021,1,24,9521,428,-0.156264303354496,24,6
2021-01-25,2021,1,25,9522,469,-0.06478473049001338,25,0
2021-01-26,2021,1,26,9523,488,-0.025072093083145647,26,1
2021-01-27,2021,1,27,9524,444,-0.11956293650406802,27,2
2021-01-28,2021,1,28,9525,477,-0.04787100804795151,28,3
2021-01-29,2021,1,29,9526,536,0.06874666213450913,29,4
2021-01-30,2021,1,30,9527,397,-0.2314512182491023,30,5
2021-01-31,2021,1,31,9528,402,-0.21893541031727165,31,6
2021-02-01,2021,2,1,9529,492,-0.016908782443984704,32,0
2021-02-02,2021,2,2,9530,506,0.01114917035117286,33,1
2021-02-03,2021,2,3,9531,498,-0.0047874219116398825,34,2
2021-02-04,2021,2,4,9532,477,-0.04787100804795151,35,3
2021-02-05,2021,2,5,9533,535,0.0668792479597138,36,4
2021-02-06,2021,2,6,9534,412,-0.19436414958676645,37,5
2021-02-07,2021,2,7,9535,396,-0.2339732876818122,38,6
2021-02-08,2021,2,8,9536,502,0.0032126207554365057,39,0
2021-02-09,2021,2,9,9537,523,0.04419396512863013,40,1
2021-02-10,2021,2,10,9538,546,0.08723147680861221,41,2
2021-02-11,2021,2,11,9539,506,0.01114917035117286,42,3
2021-02-12,2021,2,12,9540,539,0.07432807197270441,43,4
2021-02-13,2021,2,13,9541,474,-0.05418017724121624,44,5
2021-02-14,2021,2,14,9542,403,-0.21645093698960974,45,6
2021-02-15,2021,2,15,9543,483,-0.03537084528372003,46,0
2021-02-16,2021,2,16,9544,545,0.08539829572695133,47,1
2021-02-17,2021,2,17,9545,492,-0.016908782443984704,48,2
2021-02-18,2021,2,18,9546,472,-0.05840851335073735,49,3
2021-02-19,2021,2,19,9547,536,0.06874666213450913,50,4
2021-02-20,2021,2,20,9548,408,-0.204120324532131,51,5
2021-02-21,2021,2,21,9549,435,-0.1400414678476087,52,6
2021-02-22,2021,2,22,9550,496,-0.008811572211365326,53,0
2021-02-23,2021,2,23,9551,534,0.06500834002390198,54,1
2021-02-24,2021,2,24,9552,510,0.019023226782078777,55,2
2021-02-25,2021,2,25,9553,460,-0.08416100945315207,56,3
2021-02-26,2021,2,26,9554,524,0.04610418538474929,57,4
2021-02-27,2021,2,27,9555,373,-0.29380907929247724,58,5
2021-02-28,2021,2,28,9556,397,-0.2314512182491023,59,6
2021-03-01,2021,3,1,9557,497,-0.006797472839664082,60,0
2021-03-02,2021,3,2,9558,496,-0.008811572211365326,61,1
2021-03-03,2021,3,3,9559,528,0.053708784769968605,62,2
2021-03-04,2021,3,4,9560,517,0.03265537557213635,63,3
2021-03-05,2021,3,5,9561,511,0.020982091267411646,64,4
2021-03-06,2021,3,6,9562,428,-0.156264303354496,65,5
2021-03-07,2021,3,7,9563,400,-0.22392295182831073,66,6
2021-03-08,2021,3,8,9564,505,0.009170930339067029,67,0
2021-03-09,2021,3,9,9565,509,0.017060517614229952,68,1
2021-03-10,2021,3,10,9566,500,-0.0007794005141010613,69,2
2021-03-11,2021,3,11,9567,520,0.038441312639180374,70,3
2021-03-12,2021,3,12,9568,540,0.07618164062202722,71,4
2021-03-13,2021,3,13,9569,417,-0.18230127713749136,72,5
2021-03-14,2021,3,14,9570,393,-0.2415778870670315,73,6
2021-03-15,2021,3,15,9571,483,-0.03537084528372003,74,0
2021-03-16,2021,3,16,9572,487,-0.027123375853703034,75,1
2021-03-17,2021,3,17,9573,528,0.053708784769968605,76,2
2021-03-18,2021,3,18,9574,483,-0.03537084528372003,77,3
2021-03-19,2021,3,19,9575,474,-0.05418017724121624,78,4
2021-03-20,2021,3,20,9576,424,-0.16565404370433506,79,5
2021-03-21,2021,3,21,9577,408,-0.204120324532131,80,6
2021-03-22,2021,3,22,9578,487,-0.027123375853703034,81,0
2021-03-23,2021,3,23,9579,494,-0.012851981748370309,82,1
2021-03-24,2021,3,24,9580,472,-0.05840851335073735,83,2
2021-03-25,2021,3,25,9581,501,0.0012186021485719963,84,3
2021-03-26,2021,3,26,9582,503,0.005202671163446407,85,4
2021-03-27,2021,3,27,9583,446,-0.11506854691622871,86,5
2021-03-28,2021,3,28,9584,358,-0.3348545125355925,87,6
2021-03-29,2021,3,29,9585,506,0.01114917035117286,88,0
2021-03-30,2021,3,30,9586,571,0.1320017107197175,89,1
2021-03-31,2021,3,31,9587,503,0.005202671163446407,90,2
2021-04-01,2021,4,1,9588,480,-0.04160139503435611,91,3
2021-04-02,2021,4,2,9589,506,0.01114917035117286,92,4
2021-04-03,2021,4,3,9590,426,-0.1609481526669224,93,5
2021-04-04,2021,4,4,9591,398,-0.22893549365185503,94,6
2021-04-05,2021,4,5,9592,402,-0.21893541031727165,95,0
2021-04-06,2021,4,6,9593,474,-0.05418017724121624,96,1
2021-04-07,2021,4,7,9594,530,0.05748950760987465,97,2
2021-04-08,2021,4,8,9595,513,0.02488834623447675,98,3
2021-04-09,2021,4,9,9596,523,0.04419396512863013,99,4
2021-04-10,2021,4,10,9597,407,-0.20657431349369773,100,5
2021-04-11,2021,4,11,9598,404,-0.21397262097514264,101,6
2021-04-12,2021,4,12,9599,487,-0.027123375853703034,102,0
2021-04-13,2021,4,13,9600,494,-0.012851981748370309,103,1
2021-04-14,2021,4,14,9601,492,-0.016908782443984704,104,2
2021-04-15,2021,4,15,9602,500,-0.0007794005141010613,105,3
2021-04-16,2021,4,16,9603,563,0.11789212920339767,106,4
2021-04-17,2021,4,17,9604,424,-0.16565404370433506,107,5
2021-04-18,2021,4,18,9605,392,-0.2441256591458302,108,6
2021-04-19,2021,4,19,9606,496,-0.008811572211365326,109,0
2021-04-20,2021,4,20,9607,524,0.04610418538474929,110,1
2021-04-21,2021,4,21,9608,587,0.15963732089180377,111,2
2021-04-22,2021,4,22,9609,525,0.04801076365533098,112,3
2021-04-23,2021,4,23,9610,542,0.07987850250335336,113,4
2021-04-24,2021,4,24,9611,443,-0.12181772889115713,114,5
2021-04-25,2021,4,25,9612,402,-0.21893541031727165,115,6
2021-04-26,2021,4,26,9613,519,0.03651638422959586,116,0
2021-04-27,2021,4,27,9614,443,-0.12181772889115713,117,1
2021-04-28,2021,4,28,9615,537,0.07061059557257193,118,2
2021-04-29,2021,4,29,9616,510,0.019023226782078777,119,3
2021-04-30,2021,4,30,9617,562,0.11611435095739826,120,4
2021-05-01,2021,5,1,9618,453,-0.09949537345325875,121,5
2021-05-02,2021,5,2,9619,394,-0.23903658963835892,122,6
2021-05-03,2021,5,3,9620,495,-0.01082973636760251,123,0
2021-05-04,2021,5,4,9621,487,-0.027123375853703034,124,1
2021-05-05,2021,5,5,9622,430,-0.15160229024868468,125,2
2021-05-06,2021,5,6,9623,541,0.07803177991018878,126,3
2021-05-07,2021,5,7,9624,555,0.10358061481014179,127,4
2021-05-08,2021,5,8,9625,466,-0.07120186481064687,128,5
2021-05-09,2021,5,9,9626,373,-0.29380907929247724,129,6
2021-05-10,2021,5,10,9627,503,0.005202671163446407,130,0
2021-05-11,2021,5,11,9628,528,0.053708784769968605,131,1
2021-05-12,2021,5,12,9629,543,0.08172182099764269,132,2
2021-05-13,2021,5,13,9630,456,-0.09289468942190668,133,3
2021-05-14,2021,5,14,9631,527,0.051813049605069564,134,4
2021-05-15,2021,5,15,9632,412,-0.19436414958676645,135,5
2021-05-16,2021,5,16,9633,404,-0.21397262097514264,136,6
2021-05-17,2021,5,17,9634,482,-0.03744338488569241,137,0
2021-05-18,2021,5,18,9635,512,0.02293712610321511,138,1
2021-05-19,2021,5,19,9636,516,0.03071926654527006,139,2
2021-05-20,2021,5,20,9637,486,-0.02917887503579906,140,3
2021-05-21,2021,5,21,9638,544,0.08356174791964978,141,4
2021-05-22,2021,5,22,9639,438,-0.13316858855984665,142,5
2021-05-23,2021,5,23,9640,390,-0.24924075981260063,143,6
2021-05-24,2021,5,24,9641,420,-0.17513278765887882,144,0
2021-05-25,2021,5,25,9642,496,-0.008811572211365326,145,1
2021-05-26,2021,5,26,9643,534,0.06500834002390198,146,2
2021-05-27,2021,5,27,9644,516,0.03071926654527006,147,3
2021-05-28,2021,5,28,9645,539,0.07432807197270441,148,4
2021-05-29,2021,5,29,9646,443,-0.12181772889115713,149,5
2021-05-30,2021,5,30,9647,416,-0.18470223867502955,150,6
2021-05-31,2021,5,31,9648,495,-0.01082973636760251,151,0
2021-06-01,2021,6,1,9649,500,-0.0007794005141010613,152,1
2021-06-02,2021,6,2,9650,538,0.07247106122549156,153,2
2021-06-03,2021,6,3,9651,537,0.07061059557257193,154,3
2021-06-04,2021,6,4,9652,529,0.05560093292200662,155,4
2021-06-05,2021,6,5,9653,435,-0.1400414678476087,156,5
2021-06-06,2021,6,6,9654,400,-0.22392295182831073,157,6
2021-06-07,2021,6,7,9655,491,-0.01894337114177224,158,0
2021-06-08,2021,6,8,9656,504,0.007188769135075929,159,1
2021-06-09,2021,6,9,9657,507,0.01312350465489037,160,2
2021-06-10,2021,6,10,9658,511,0.020982091267411646,161,3
2021-06-11,2021,6,11,9659,544,0.08356174791964978,162,4
2021-06-12,2021,6,12,9660,421,-0.1727546652539114,163,5
2021-06-13,2021,6,13,9661,387,-0.25696280590651094,164,6
2021-06-14,2021,6,14,9662,485,-0.031238607998809516,165,0
2021-06-15,2021,6,15,9663,530,0.05748950760987465,166,1
2021-06-16,2021,6,16,9664,506,0.01114917035117286,167,2
2021-06-17,2021,6,17,9665,571,0.1320017107197175,168,3
2021-06-18,2021,6,18,9666,548,0.0908877880117227,169,4
2021-06-19,2021,6,19,9667,457,-0.09070410804208806,170,5
2021-06-20,2021,6,20,9668,400,-0.22392295182831073,171,6
2021-06-21,2021,6,21,9669,509,0.017060517614229952,172,0
2021-06-22,2021,6,22,9670,515,0.028779401727443366,173,1
2021-06-23,2021,6,23,9671,521,0.040362542817074146,174,2
2021-06-24,2021,6,24,9672,508,0.01509394864218921,175,3
2021-06-25,2021,6,25,9673,515,0.028779401727443366,176,4
2021-06-26,2021,6,26,9674,444,-0.11956293650406802,177,5
2021-06-27,2021,6,27,9675,418,-0.1799060664115365,178,6
2021-06-28,2021,6,28,9676,521,0.040362542817074146,179,0
2021-06-29,2021,6,29,9677,523,0.04419396512863013,180,1
2021-06-30,2021,6,30,9678,543,0.08172182099764269,181,2
2021-07-01,2021,7,1,9679,536,0.06874666213450913,182,3
2021-07-02,2021,7,2,9680,553,0.09997050258604206,183,4
2021-07-03,2021,7,3,9681,479,-0.043686901525377485,184,5
2021-07-04,2021,7,4,9682,434,-0.14234296483588793,185,6
2021-07-05,2021,7,5,9683,506,0.01114917035117286,186,0
2021-07-06,2021,7,6,9684,530,0.05748950760987465,187,1
2021-07-07,2021,7,7,9685,565,0.12143823221014823,188,2
2021-07-08,2021,7,8,9686,531,0.05937452230564608,189,3
2021-07-09,2021,7,9,9687,572,0.1337514924435051,190,4
2021-07-10,2021,7,10,9688,465,-0.07335009334893643,191,5
2021-07-11,2021,7,11,9689,415,-0.18710897870559454,192,6
2021-07-12,2021,7,12,9690,521,0.040362542817074146,193,0
2021-07-13,2021,7,13,9691,545,0.08539829572695133,194,1
2021-07-14,2021,7,14,9692,534,0.06500834002390198,195,2
2021-07-15,2021,7,15,9693,543,0.08172182099764269,196,3
2021-07-16,2021,7,16,9694,585,0.1562243482955638,197,4
2021-07-17,2021,7,17,9695,493,-0.014878324893602708,198,5
2021-07-18,2021,7,18,9696,432,-0.14696191069218248,199,6
2021-07-19,2021,7,19,9697,503,0.005202671163446407,200,0
2021-07-20,2021,7,20,9698,567,0.12497180479145936,201,1
2021-07-21,2021,7,21,9699,546,0.08723147680861221,202,2
2021-07-22,2021,7,22,9700,544,0.08356174791964978,203,3
2021-07-23,2021,7,23,9701,592,0.1681191359477129,204,4
2021-07-24,2021,7,24,9702,482,-0.03744338488569241,205,5
2021-07-25,2021,7,25,9703,406,-0.20903433933456006,206,6
2021-07-26,2021,7,26,9704,560,0.1125492847929021,207,0
2021-07-27,2021,7,27,9705,561,0.11433340658640359,208,1
2021-07-28,2021,7,28,9706,562,0.11611435095739826,209,2
2021-07-29,2021,7,29,9707,544,0.08356174791964978,210,3
2021-07-30,2021,7,30,9708,550,0.09453077929022377,211,4
2021-07-31,2021,7,31,9709,440,-0.12861277202398594,212,5
2021-08-01,2021,8,1,9710,413,-0.1919399059752601,213,6
2021-08-02,2021,8,2,9711,516,0.03071926654527006,214,0
2021-08-03,2021,8,3,9712,564,0.11966675256176608,215,1
2021-08-04,2021,8,4,9713,562,0.11611435095739826,216,2
2021-08-05,2021,8,5,9714,524,0.04610418538474929,217,3
2021-08-06,2021,8,6,9715,586,0.15793229064071984,218,4
2021-08-07,2021,8,7,9716,478,-0.04577676644483675,219,5
2021-08-08,2021,8,8,9717,413,-0.1919399059752601,220,6
2021-08-09,2021,8,9,9718,532,0.06125599040535152,221,0
2021-08-10,2021,8,10,9719,524,0.04610418538474929,222,1
2021-08-11,2021,8,11,9720,564,0.11966675256176608,223,2
2021-08-12,2021,8,12,9721,535,0.0668792479597138,224,3
2021-08-13,2021,8,13,9722,540,0.07618164062202722,225,4
2021-08-14,2021,8,14,9723,469,-0.06478473049001338,226,5
2021-08-15,2021,8,15,9724,431,-0.149279408832545,227,6
2021-08-16,2021,8,16,9725,527,0.051813049605069564,228,0
2021-08-17,2021,8,17,9726,544,0.08356174791964978,229,1
2021-08-18,2021,8,18,9727,585,0.1562243482955638,230,2
2021-08-19,2021,8,19,9728,576,0.14072016175959845,231,3
2021-08-20,2021,8,20,9729,544,0.08356174791964978,232,4
2021-08-21,2021,8,21,9730,479,-0.043686901525377485,233,5
2021-08-22,2021,8,22,9731,439,-0.13088808586112144,234,6
2021-08-23,2021,8,23,9732,509,0.017060517614229952,235,0
2021-08-24,2021,8,24,9733,554,0.10177718781099099,236,1
2021-08-25,2021,8,25,9734,543,0.08172182099764269,237,2
2021-08-26,2021,8,26,9735,516,0.03071926654527006,238,3
2021-08-27,2021,8,27,9736,579,0.14591497863670255,239,4
2021-08-28,2021,8,28,9737,445,-0.11731321677005256,240,5
2021-08-29,2021,8,29,9738,417,-0.18230127713749136,241,6
2021-08-30,2021,8,30,9739,488,-0.025072093083145647,242,0
2021-08-31,2021,8,31,9740,550,0.09453077929022377,243,1
2021-09-01,2021,9,1,9741,578,0.14418636973608467,244,2
2021-09-02,2021,9,2,9742,539,0.07432807197270441,245,3
2021-09-03,2021,9,3,9743,542,0.07987850250335336,246,4
2021-09-04,2021,9,4,9744,478,-0.04577676644483675,247,5
2021-09-05,2021,9,5,9745,425,-0.163298330011876,248,6
2021-09-06,2021,9,6,9746,571,0.1320017107197175,249,0
2021-09-07,2021,9,7,9747,618,0.211100958521398,250,1
2021-09-08,2021,9,8,9748,552,0.09816054734080248,251,2
2021-09-09,2021,9,9,9749,564,0.11966675256176608,252,3
2021-09-10,2021,9,10,9750,581,0.14936325791561852,253,4
2021-09-11,2021,9,11,9751,477,-0.04787100804795151,254,5
2021-09-12,2021,9,12,9752,403,-0.21645093698960974,255,6
2021-09-13,2021,9,13,9753,567,0.12497180479145936,256,0
2021-09-14,2021,9,14,9754,549,0.09271094257323789,257,1
2021-09-15,2021,9,15,9755,593,0.16980690006143276,258,2
2021-09-16,2021,9,16,9756,570,0.13024886189230303,259,3
2021-09-17,2021,9,17,9757,592,0.1681191359477129,260,4
2021-09-18,2021,9,18,9758,460,-0.08416100945315207,261,5
2021-09-19,2021,9,19,9759,426,-0.1609481526669224,262,6
2021-09-20,2021,9,20,9760,542,0.07987850250335336,263,0
2021-09-21,2021,9,21,9761,599,0.17987409917915648,264,1
2021-09-22,2021,9,22,9762,581,0.14936325791561852,265,2
2021-09-23,2021,9,23,9763,584,0.15451348389193428,266,3
2021-09-24,2021,9,24,9764,622,0.2175525938028867,267,4
2021-09-25,2021,9,25,9765,447,-0.11282890432272394,268,5
2021-09-26,2021,9,26,9766,462,-0.0798226078545539,269,6
2021-09-27,2021,9,27,9767,584,0.15451348389193428,270,0
2021-09-28,2021,9,28,9768,573,0.13549821777844687,271,1
2021-09-29,2021,9,29,9769,543,0.08172182099764269,272,2
2021-09-30,2021,9,30,9770,582,0.15108294879514503,273,3
2021-10-01,2021,10,1,9771,585,0.1562243482955638,274,4
2021-10-02,2021,10,2,9772,477,-0.04787100804795151,275,5
2021-10-03,2021,10,3,9773,448,-0.1105942665213076,276,6
2021-10-04,2021,10,4,9774,543,0.08172182099764269,277,0
2021-10-05,2021,10,5,9775,524,0.04610418538474929,278,1
2021-10-06,2021,10,6,9776,506,0.01114917035117286,279,2
2021-10-07,2021,10,7,9777,539,0.07432807197270441,280,3
2021-10-08,2021,10,8,9778,546,0.08723147680861221,281,4
2021-10-09,2021,10,9,9779,445,-0.11731321677005256,282,5
2021-10-10,2021,10,10,9780,418,-0.1799060664115365,283,6
2021-10-11,2021,10,11,9781,506,0.01114917035117286,284,0
2021-10-12,2021,10,12,9782,551,0.09634731021662175,285,1
2021-10-13,2021,10,13,9783,529,0.05560093292200662,286,2
2021-10-14,2021,10,14,9784,532,0.06125599040535152,287,3
2021-10-15,2021,10,15,9785,589,0.163038684715294,288,4
2021-10-16,2021,10,16,9786,442,-0.12407761685859466,289,5
2021-10-17,2021,10,17,9787,390,-0.24924075981260063,290,6
2021-10-18,2021,10,18,9788,514,0.02683576651887243,291,0
2021-10-19,2021,10,19,9789,537,0.07061059557257193,292,1
2021-10-20,2021,10,20,9790,541,0.07803177991018878,293,2
2021-10-21,2021,10,21,9791,539,0.07432807197270441,294,3
2021-10-22,2021,10,22,9792,508,0.01509394864218921,295,4
2021-10-23,2021,10,23,9793,464,-0.07550294671003747,296,5
2021-10-24,2021,10,24,9794,396,-0.2339732876818122,297,6
2021-10-25,2021,10,25,9795,515,0.028779401727443366,298,0
2021-10-26,2021,10,26,9796,569,0.1284929351900382,299,1
2021-10-27,2021,10,27,9797,578,0.14418636973608467,300,2
2021-10-28,2021,10,28,9798,518,0.03458774332319039,301,3
2021-10-29,2021,10,29,9799,504,0.007188769135075929,302,4
2021-10-30,2021,10,30,9800,502,0.0032126207554365057,303,5
2021-10-31,2021,10,31,9801,438,-0.13316858855984665,304,6
2021-11-01,2021,11,1,9802,511,0.020982091267411646,305,0
2021-11-02,2021,11,2,9803,533,0.06313392522955179,306,1
2021-11-03,2021,11,3,9804,529,0.05560093292200662,307,2
2021-11-04,2021,11,4,9805,534,0.06500834002390198,308,3
2021-11-05,2021,11,5,9806,518,0.03458774332319039,309,4
2021-11-06,2021,11,6,9807,423,-0.16801531989001484,310,5
2021-11-07,2021,11,7,9808,409,-0.20167234289349095,311,6
2021-11-08,2021,11,8,9809,515,0.028779401727443366,312,0
2021-11-09,2021,11,9,9810,523,0.04419396512863013,313,1
2021-11-10,2021,11,10,9811,529,0.05560093292200662,314,2
2021-11-11,2021,11,11,9812,493,-0.014878324893602708,315,3
2021-11-12,2021,11,12,9813,500,-0.0007794005141010613,316,4
2021-11-13,2021,11,13,9814,429,-0.15393058000827584,317,5
2021-11-14,2021,11,14,9815,422,-0.170382184900281,318,6
2021-11-15,2021,11,15,9816,505,0.009170930339067029,319,0
2021-11-16,2021,11,16,9817,553,0.09997050258604206,320,1
2021-11-17,2021,11,17,9818,489,-0.023025009461420796,321,2
2021-11-18,2021,11,18,9819,505,0.009170930339067029,322,3
2021-11-19,2021,11,19,9820,553,0.09997050258604206,323,4
2021-11-20,2021,11,20,9821,434,-0.14234296483588793,324,5
2021-11-21,2021,11,21,9822,412,-0.19436414958676645,325,6
2021-11-22,2021,11,22,9823,490,-0.020982107831620526,326,0
2021-11-23,2021,11,23,9824,489,-0.023025009461420796,327,1
2021-11-24,2021,11,24,9825,516,0.03071926654527006,328,2
2021-11-25,2021,11,25,9826,506,0.01114917035117286,329,3
2021-11-26,2021,11,26,9827,528,0.053708784769968605,330,4
2021-11-27,2021,11,27,9828,459,-0.0863372888757476,331,5
2021-11-28,2021,11,28,9829,388,-0.2543821593130193,332,6
2021-11-29,2021,11,29,9830,459,-0.0863372888757476,333,0
2021-11-30,2021,11,30,9831,502,0.0032126207554365057,334,1
2021-12-01,2021,12,1,9832,507,0.01312350465489037,335,2
2021-12-02,2021,12,2,9833,515,0.028779401727443366,336,3
2021-12-03,2021,12,3,9834,507,0.01312350465489037,337,4
2021-12-04,2021,12,4,9835,380,-0.2752162462158613,338,5
2021-12-05,2021,12,5,9836,343,-0.3776570517703529,339,6
2021-12-06,2021,12,6,9837,491,-0.01894337114177224,340,0
2021-12-07,2021,12,7,9838,482,-0.03744338488569241,341,1
2021-12-08,2021,12,8,9839,499,-0.00278140318477414,342,2
2021-12-09,2021,12,9,9840,463,-0.07766044485005867,343,3
2021-12-10,2021,12,10,9841,474,-0.05418017724121624,344,4
2021-12-11,2021,12,11,9842,406,-0.20903433933456006,345,5
2021-12-12,2021,12,12,9843,392,-0.2441256591458302,346,6
2021-12-13,2021,12,13,9844,500,-0.0007794005141010613,347,0
2021-12-14,2021,12,14,9845,479,-0.043686901525377485,348,1
2021-12-15,2021,12,15,9846,506,0.01114917035117286,349,2
2021-12-16,2021,12,16,9847,517,0.03265537557213635,350,3
2021-12-17,2021,12,17,9848,530,0.05748950760987465,351,4
2021-12-18,2021,12,18,9849,390,-0.24924075981260063,352,5
2021-12-19,2021,12,19,9850,361,-0.32650954060341186,353,6
2021-12-20,2021,12,20,9851,468,-0.066919203018646,354,0
2021-12-21,2021,12,21,9852,539,0.07432807197270441,355,1
2021-12-22,2021,12,22,9853,502,0.0032126207554365057,356,2
2021-12-23,2021,12,23,9854,486,-0.02917887503579906,357,3
2021-12-24,2021,12,24,9855,478,-0.04577676644483675,358,4
2021-12-25,2021,12,25,9856,362,-0.32374328711052175,359,5
2021-12-26,2021,12,26,9857,323,-0.4377351757136362,360,6
2021-12-27,2021,12,27,9858,455,-0.09509007998534234,361,0
2021-12-28,2021,12,28,9859,505,0.009170930339067029,362,1
2021-12-29,2021,12,29,9860,471,-0.060529404919874984,363,2
2021-12-30,2021,12,30,9861,490,-0.020982107831620526,364,3
2021-12-31,2021,12,31,9862,423,-0.16801531989001484,365,4
2022-01-01,2022,1,1,9863,310,-0.4788152014571008,1,5
2022-01-02,2022,1,2,9864,379,-0.2778512938538664,2,6
2022-01-03,2022,1,3,9865,488,-0.025072093083145647,3,0
2022-01-04,2022,1,4,9866,522,0.04228008894634606,4,1
2022-01-05,2022,1,5,9867,508,0.01509394864218921,5,2
2022-01-06,2022,1,6,9868,490,-0.020982107831620526,6,3
2022-01-07,2022,1,7,9869,489,-0.023025009461420796,7,4
2022-01-08,2022,1,8,9870,431,-0.149279408832545,8,5
2022-01-09,2022,1,9,9871,388,-0.2543821593130193,9,6
2022-01-10,2022,1,10,9872,460,-0.08416100945315207,10,0
2022-01-11,2022,1,11,9873,443,-0.12181772889115713,11,1
2022-01-12,2022,1,12,9874,483,-0.03537084528372003,12,2
2022-01-13,2022,1,13,9875,476,-0.04996964470487272,13,3
2022-01-14,2022,1,14,9876,489,-0.023025009461420796,14,4
2022-01-15,2022,1,15,9877,383,-0.2673525097556468,15,5
2022-01-16,2022,1,16,9878,391,-0.24667993895092696,16,6
2022-01-17,2022,1,17,9879,487,-0.027123375853703034,17,0
2022-01-18,2022,1,18,9880,466,-0.07120186481064687,18,1
2022-01-19,2022,1,19,9881,502,0.0032126207554365057,19,2
2022-01-20,2022,1,20,9882,494,-0.012851981748370309,20,3
2022-01-21,2022,1,21,9883,490,-0.020982107831620526,21,4
2022-01-22,2022,1,22,9884,384,-0.2647449463485659,22,5
2022-01-23,2022,1,23,9885,365,-0.31549014535380127,23,6
2022-01-24,2022,1,24,9886,496,-0.008811572211365326,24,0
2022-01-25,2022,1,25,9887,494,-0.012851981748370309,25,1
2022-01-26,2022,1,26,9888,463,-0.07766044485005867,26,2
2022-01-27,2022,1,27,9889,533,0.06313392522955179,27,3
2022-01-28,2022,1,28,9890,471,-0.060529404919874984,28,4
2022-01-29,2022,1,29,9891,422,-0.170382184900281,29,5
2022-01-30,2022,1,30,9892,358,-0.3348545125355925,30,6
2022-01-31,2022,1,31,9893,492,-0.016908782443984704,31,0
2022-02-01,2022,2,1,9894,485,-0.031238607998809516,32,1
2022-02-02,2022,2,2,9895,543,0.08172182099764269,33,2
2022-02-03,2022,2,3,9896,519,0.03651638422959586,34,3
2022-02-04,2022,2,4,9897,528,0.053708784769968605,35,4
2022-02-05,2022,2,5,9898,421,-0.1727546652539114,36,5
2022-02-06,2022,2,6,9899,361,-0.32650954060341186,37,6
2022-02-07,2022,2,7,9900,477,-0.04787100804795151,38,0
2022-02-08,2022,2,8,9901,488,-0.025072093083145647,39,1
2022-02-09,2022,2,9,9902,484,-0.03330259221966101,40,2
2022-02-10,2022,2,10,9903,515,0.028779401727443366,41,3
2022-02-11,2022,2,11,9904,487,-0.027123375853703034,42,4
2022-02-12,2022,2,12,9905,366,-0.3127541655349265,43,5
2022-02-13,2022,2,13,9906,378,-0.2804933033167051,44,6
2022-02-14,2022,2,14,9907,496,-0.008811572211365326,45,0
2022-02-15,2022,2,15,9908,447,-0.11282890432272394,46,1
2022-02-16,2022,2,16,9909,495,-0.01082973636760251,47,2
2022-02-17,2022,2,17,9910,460,-0.08416100945315207,48,3
2022-02-18,2022,2,18,9911,454,-0.09729030089494478,49,4
2022-02-19,2022,2,19,9912,386,-0.2595501294714619,50,5
2022-02-20,2022,2,20,9913,371,-0.29918543632885763,51,6
2022-02-21,2022,2,21,9914,432,-0.14696191069218248,52,0
2022-02-22,2022,2,22,9915,551,0.09634731021662175,53,1
2022-02-23,2022,2,23,9916,486,-0.02917887503579906,54,2
2022-02-24,2022,2,24,9917,472,-0.05840851335073735,55,3
2022-02-25,2022,2,25,9918,459,-0.0863372888757476,56,4
2022-02-26,2022,2,26,9919,394,-0.23903658963835892,57,5
2022-02-27,2022,2,27,9920,366,-0.3127541655349265,58,6
2022-02-28,2022,2,28,9921,434,-0.14234296483588793,59,0
2022-03-01,2022,3,1,9922,471,-0.060529404919874984,60,1
2022-03-02,2022,3,2,9923,455,-0.09509007998534234,61,2
2022-03-03,2022,3,3,9924,507,0.01312350465489037,62,3
2022-03-04,2022,3,4,9925,453,-0.09949537345325875,63,4
2022-03-05,2022,3,5,9926,384,-0.2647449463485659,64,5
2022-03-06,2022,3,6,9927,329,-0.41932974817092084,65,6
2022-03-07,2022,3,7,9928,491,-0.01894337114177224,66,0
2022-03-08,2022,3,8,9929,446,-0.11506854691622871,67,1
2022-03-09,2022,3,9,9930,476,-0.04996964470487272,68,2
2022-03-10,2022,3,10,9931,452,-0.10170531910406158,69,3
2022-03-11,2022,3,11,9932,490,-0.020982107831620526,70,4
2022-03-12,2022,3,12,9933,429,-0.15393058000827584,71,5
2022-03-13,2022,3,13,9934,348,-0.3631850191618185,72,6
2022-03-14,2022,3,14,9935,452,-0.10170531910406158,73,0
2022-03-15,2022,3,15,9936,449,-0.10836461119403848,74,1
2022-03-16,2022,3,16,9937,456,-0.09289468942190668,75,2
2022-03-17,2022,3,17,9938,447,-0.11282890432272394,76,3
2022-03-18,2022,3,18,9939,467,-0.06905824126739543,77,4
2022-03-19,2022,3,19,9940,353,-0.34891944200299607,78,5
2022-03-20,2022,3,20,9941,341,-0.38350502165277606,79,6
2022-03-21,2022,3,21,9942,426,-0.1609481526669224,80,0
2022-03-22,2022,3,22,9943,480,-0.04160139503435611,81,1
2022-03-23,2022,3,23,9944,430,-0.15160229024868468,82,2
2022-03-24,2022,3,24,9945,456,-0.09289468942190668,83,3
2022-03-25,2022,3,25,9946,474,-0.05418017724121624,84,4
2022-03-26,2022,3,26,9947,369,-0.3045908548957656,85,5
2022-03-27,2022,3,27,9948,322,-0.4408359533918844,86,6
2022-03-28,2022,3,28,9949,470,-0.06265480423218847,87,0
2022-03-29,2022,3,29,9950,491,-0.01894337114177224,88,1
2022-03-30,2022,3,30,9951,481,-0.03952022883053154,89,2
2022-03-31,2022,3,31,9952,485,-0.031238607998809516,90,3
2022-04-01,2022,4,1,9953,430,-0.15160229024868468,91,4
2022-04-02,2022,4,2,9954,361,-0.32650954060341186,92,5
2022-04-03,2022,4,3,9955,373,-0.29380907929247724,93,6
2022-04-04,2022,4,4,9956,432,-0.14696191069218248,94,0
2022-04-05,2022,4,5,9957,462,-0.0798226078545539,95,1
2022-04-06,2022,4,6,9958,421,-0.1727546652539114,96,2
2022-04-07,2022,4,7,9959,457,-0.09070410804208806,97,3
2022-04-08,2022,4,8,9960,458,-0.0885183148221078,98,4
2022-04-09,2022,4,9,9961,369,-0.3045908548957656,99,5
2022-04-10,2022,4,10,9962,347,-0.36606271898943366,100,6
2022-04-11,2022,4,11,9963,421,-0.1727546652539114,101,0
2022-04-12,2022,4,12,9964,460,-0.08416100945315207,102,1
2022-04-13,2022,4,13,9965,441,-0.12634262348944678,103,2
2022-04-14,2022,4,14,9966,484,-0.03330259221966101,104,3
2022-04-15,2022,4,15,9967,484,-0.03330259221966101,105,4
2022-04-16,2022,4,16,9968,393,-0.2415778870670315,106,5
2022-04-17,2022,4,17,9969,343,-0.3776570517703529,107,6
2022-04-18,2022,4,18,9970,390,-0.24924075981260063,108,0
2022-04-19,2022,4,19,9971,463,-0.07766044485005867,109,1
2022-04-20,2022,4,20,9972,469,-0.06478473049001338,110,2
2022-04-21,2022,4,21,9973,472,-0.05840851335073735,111,3
2022-04-22,2022,4,22,9974,500,-0.0007794005141010613,112,4
2022-04-23,2022,4,23,9975,408,-0.204120324532131,113,5
2022-04-24,2022,4,24,9976,409,-0.20167234289349095,114,6
2022-04-25,2022,4,25,9977,449,-0.10836461119403848,115,0
2022-04-26,2022,4,26,9978,489,-0.023025009461420796,116,1
2022-04-27,2022,4,27,9979,390,-0.24924075981260063,117,2
2022-04-28,2022,4,28,9980,427,-0.15860348570766825,118,3
2022-04-29,2022,4,29,9981,488,-0.025072093083145647,119,4
2022-04-30,2022,4,30,9982,396,-0.2339732876818122,120,5
2022-05-01,2022,5,1,9983,375,-0.2884614729658819,121,6
2022-05-02,2022,5,2,9984,512,0.02293712610321511,122,0
2022-05-03,2022,5,3,9985,505,0.009170930339067029,123,1
2022-05-04,2022,5,4,9986,468,-0.066919203018646,124,2
2022-05-05,2022,5,5,9987,418,-0.1799060664115365,125,3
2022-05-06,2022,5,6,9988,479,-0.043686901525377485,126,4
2022-05-07,2022,5,7,9989,389,-0.25180815531784645,127,5
2022-05-08,2022,5,8,9990,339,-0.38938739155584257,128,6
2022-05-09,2022,5,9,9991,419,-0.1775165790141551,129,0
2022-05-10,2022,5,10,9992,490,-0.020982107831620526,130,1
2022-05-11,2022,5,11,9993,470,-0.06265480423218847,131,2
2022-05-12,2022,5,12,9994,467,-0.06905824126739543,132,3
2022-05-13,2022,5,13,9995,476,-0.04996964470487272,133,4
2022-05-14,2022,5,14,9996,432,-0.14696191069218248,134,5
2022-05-15,2022,5,15,9997,398,-0.22893549365185503,135,6
2022-05-16,2022,5,16,9998,503,0.005202671163446407,136,0
2022-05-17,2022,5,17,9999,501,0.0012186021485719963,137,1
2022-05-18,2022,5,18,10000,513,0.02488834623447675,138,2
2022-05-19,2022,5,19,10001,454,-0.09729030089494478,139,3
2022-05-20,2022,5,20,10002,452,-0.10170531910406158,140,4
2022-05-21,2022,5,21,10003,382,-0.26996689032971755,141,5
2022-05-22,2022,5,22,10004,365,-0.31549014535380127,142,6
2022-05-23,2022,5,23,10005,520,0.038441312639180374,143,0
2022-05-24,2022,5,24,10006,558,0.10897146344501811,144,1
2022-05-25,2022,5,25,10007,476,-0.04996964470487272,145,2
2022-05-26,2022,5,26,10008,427,-0.15860348570766825,146,3
2022-05-27,2022,5,27,10009,497,-0.006797472839664082,147,4
2022-05-28,2022,5,28,10010,387,-0.25696280590651094,148,5
2022-05-29,2022,5,29,10011,384,-0.2647449463485659,149,6
2022-05-30,2022,5,30,10012,497,-0.006797472839664082,150,0
2022-05-31,2022,5,31,10013,458,-0.0885183148221078,151,1
2022-06-01,2022,6,1,10014,495,-0.01082973636760251,152,2
2022-06-02,2022,6,2,10015,491,-0.01894337114177224,153,3
2022-06-03,2022,6,3,10016,519,0.03651638422959586,154,4
2022-06-04,2022,6,4,10017,413,-0.1919399059752601,155,5
2022-06-05,2022,6,5,10018,394,-0.23903658963835892,156,6
2022-06-06,2022,6,6,10019,407,-0.20657431349369773,157,0
2022-06-07,2022,6,7,10020,532,0.06125599040535152,158,1
2022-06-08,2022,6,8,10021,545,0.08539829572695133,159,2
2022-06-09,2022,6,9,10022,494,-0.012851981748370309,160,3
2022-06-10,2022,6,10,10023,514,0.02683576651887243,161,4
2022-06-11,2022,6,11,10024,389,-0.25180815531784645,162,5
2022-06-12,2022,6,12,10025,380,-0.2752162462158613,163,6
2022-06-13,2022,6,13,10026,484,-0.03330259221966101,164,0
2022-06-14,2022,6,14,10027,461,-0.08198945593964423,165,1
2022-06-15,2022,6,15,10028,482,-0.03744338488569241,166,2
2022-06-16,2022,6,16,10029,526,0.04991371380141699,167,3
2022-06-17,2022,6,17,10030,496,-0.008811572211365326,168,4
2022-06-18,2022,6,18,10031,394,-0.23903658963835892,169,5
2022-06-19,2022,6,19,10032,363,-0.320984664671442,170,6
2022-06-20,2022,6,20,10033,461,-0.08198945593964423,171,0
2022-06-21,2022,6,21,10034,501,0.0012186021485719963,172,1
2022-06-22,2022,6,22,10035,522,0.04228008894634606,173,2
2022-06-23,2022,6,23,10036,513,0.02488834623447675,174,3
2022-06-24,2022,6,24,10037,531,0.05937452230564608,175,4
2022-06-25,2022,6,25,10038,436,-0.13774525558725847,176,5
2022-06-26,2022,6,26,10039,379,-0.2778512938538664,177,6
2022-06-27,2022,6,27,10040,449,-0.10836461119403848,178,0
2022-06-28,2022,6,28,10041,493,-0.014878324893602708,179,1
2022-06-29,2022,6,29,10042,496,-0.008811572211365326,180,2
2022-06-30,2022,6,30,10043,532,0.06125599040535152,181,3
2022-07-01,2022,7,1,10044,518,0.03458774332319039,182,4
2022-07-02,2022,7,2,10045,380,-0.2752162462158613,183,5
2022-07-03,2022,7,3,10046,412,-0.19436414958676645,184,6
2022-07-04,2022,7,4,10047,474,-0.05418017724121624,185,0
2022-07-05,2022,7,5,10048,487,-0.027123375853703034,186,1
2022-07-06,2022,7,6,10049,513,0.02488834623447675,187,2
2022-07-07,2022,7,7,10050,522,0.04228008894634606,188,3
2022-07-08,2022,7,8,10051,539,0.07432807197270441,189,4
2022-07-09,2022,7,9,10052,413,-0.1919399059752601,190,5
2022-07-10,2022,7,10,10053,420,-0.17513278765887882,191,6
2022-07-11,2022,7,11,10054,486,-0.02917887503579906,192,0
2022-07-12,2022,7,12,10055,492,-0.016908782443984704,193,1
2022-07-13,2022,7,13,10056,505,0.009170930339067029,194,2
2022-07-14,2022,7,14,10057,503,0.005202671163446407,195,3
2022-07-15,2022,7,15,10058,505,0.009170930339067029,196,4
2022-07-16,2022,7,16,10059,412,-0.19436414958676645,197,5
2022-07-17,2022,7,17,10060,396,-0.2339732876818122,198,6
2022-07-18,2022,7,18,10061,508,0.01509394864218921,199,0
2022-07-19,2022,7,19,10062,524,0.04610418538474929,200,1
2022-07-20,2022,7,20,10063,505,0.009170930339067029,201,2
2022-07-21,2022,7,21,10064,497,-0.006797472839664082,202,3
2022-07-22,2022,7,22,10065,538,0.07247106122549156,203,4
2022-07-23,2022,7,23,10066,437,-0.13545430384070264,204,5
2022-07-24,2022,7,24,10067,436,-0.13774525558725847,205,6
2022-07-25,2022,7,25,10068,537,0.07061059557257193,206,0
2022-07-26,2022,7,26,10069,510,0.019023226782078777,207,1
2022-07-27,2022,7,27,10070,558,0.10897146344501811,208,2
2022-07-28,2022,7,28,10071,543,0.08172182099764269,209,3
2022-07-29,2022,7,29,10072,505,0.009170930339067029,210,4
2022-07-30,2022,7,30,10073,403,-0.21645093698960974,211,5
2022-07-31,2022,7,31,10074,405,-0.21150043182975356,212,6
2022-08-01,2022,8,1,10075,475,-0.05207269490165152,213,0
2022-08-02,2022,8,2,10076,503,0.005202671163446407,214,1
2022-08-03,2022,8,3,10077,554,0.10177718781099099,215,2
2022-08-04,2022,8,4,10078,527,0.051813049605069564,216,3
2022-08-05,2022,8,5,10079,537,0.07061059557257193,217,4
2022-08-06,2022,8,6,10080,405,-0.21150043182975356,218,5
2022-08-07,2022,8,7,10081,386,-0.2595501294714619,219,6
2022-08-08,2022,8,8,10082,526,0.04991371380141699,220,0
2022-08-09,2022,8,9,10083,496,-0.008811572211365326,221,1
2022-08-10,2022,8,10,10084,503,0.005202671163446407,222,2
2022-08-11,2022,8,11,10085,516,0.03071926654527006,223,3
2022-08-12,2022,8,12,10086,555,0.10358061481014179,224,4
2022-08-13,2022,8,13,10087,460,-0.08416100945315207,225,5
2022-08-14,2022,8,14,10088,420,-0.17513278765887882,226,6
2022-08-15,2022,8,15,10089,523,0.04419396512863013,227,0
2022-08-16,2022,8,16,10090,498,-0.0047874219116398825,228,1
2022-08-17,2022,8,17,10091,540,0.07618164062202722,229,2
2022-08-18,2022,8,18,10092,551,0.09634731021662175,230,3
2022-08-19,2022,8,19,10093,519,0.03651638422959586,231,4
2022-08-20,2022,8,20,10094,426,-0.1609481526669224,232,5
2022-08-21,2022,8,21,10095,383,-0.2673525097556468,233,6
2022-08-22,2022,8,22,10096,508,0.01509394864218921,234,0
2022-08-23,2022,8,23,10097,529,0.05560093292200662,235,1
2022-08-24,2022,8,24,10098,533,0.06313392522955179,236,2
2022-08-25,2022,8,25,10099,502,0.0032126207554365057,237,3
2022-08-26,2022,8,26,10100,541,0.07803177991018878,238,4
2022-08-27,2022,8,27,10101,404,-0.21397262097514264,239,5
2022-08-28,2022,8,28,10102,397,-0.2314512182491023,240,6
2022-08-29,2022,8,29,10103,493,-0.014878324893602708,241,0
2022-08-30,2022,8,30,10104,539,0.07432807197270441,242,1
2022-08-31,2022,8,31,10105,493,-0.014878324893602708,243,2
2022-09-01,2022,9,1,10106,547,0.08906130348568847,244,3
2022-09-02,2022,9,2,10107,523,0.04419396512863013,245,4
2022-09-03,2022,9,3,10108,439,-0.13088808586112144,246,5
2022-09-04,2022,9,4,10109,440,-0.12861277202398594,247,6
2022-09-05,2022,9,5,10110,527,0.051813049605069564,248,0
2022-09-06,2022,9,6,10111,531,0.05937452230564608,249,1
2022-09-07,2022,9,7,10112,512,0.02293712610321511,250,2
2022-09-08,2022,9,8,10113,544,0.08356174791964978,251,3
2022-09-09,2022,9,9,10114,580,0.14764060460417222,252,4
2022-09-10,2022,9,10,10115,418,-0.1799060664115365,253,5
2022-09-11,2022,9,11,10116,419,-0.1775165790141551,254,6
2022-09-12,2022,9,12,10117,549,0.09271094257323789,255,0
2022-09-13,2022,9,13,10118,521,0.040362542817074146,256,1
2022-09-14,2022,9,14,10119,524,0.04610418538474929,257,2
2022-09-15,2022,9,15,10120,521,0.040362542817074146,258,3
2022-09-16,2022,9,16,10121,526,0.04991371380141699,259,4
2022-09-17,2022,9,17,10122,414,-0.18952152511097844,260,5
2022-09-18,2022,9,18,10123,415,-0.18710897870559454,261,6
2022-09-19,2022,9,19,10124,509,0.017060517614229952,262,0
2022-09-20,2022,9,20,10125,557,0.1071777409909913,263,1
2022-09-21,2022,9,21,10126,551,0.09634731021662175,264,2
2022-09-22,2022,9,22,10127,536,0.06874666213450913,265,3
2022-09-23,2022,9,23,10128,534,0.06500834002390198,266,4
2022-09-24,2022,9,24,10129,440,-0.12861277202398594,267,5
2022-09-25,2022,9,25,10130,447,-0.11282890432272394,268,6
2022-09-26,2022,9,26,10131,549,0.09271094257323789,269,0
2022-09-27,2022,9,27,10132,540,0.07618164062202722,270,1
2022-09-28,2022,9,28,10133,498,-0.0047874219116398825,271,2
2022-09-29,2022,9,29,10134,550,0.09453077929022377,272,3
2022-09-30,2022,9,30,10135,551,0.09634731021662175,273,4
2022-10-01,2022,10,1,10136,458,-0.0885183148221078,274,5
2022-10-02,2022,10,2,10137,410,-0.1992303392379392,275,6
2022-10-03,2022,10,3,10138,479,-0.043686901525377485,276,0
2022-10-04,2022,10,4,10139,490,-0.020982107831620526,277,1
2022-10-05,2022,10,5,10140,538,0.07247106122549156,278,2
2022-10-06,2022,10,6,10141,519,0.03651638422959586,279,3
2022-10-07,2022,10,7,10142,500,-0.0007794005141010613,280,4
2022-10-08,2022,10,8,10143,437,-0.13545430384070264,281,5
2022-10-09,2022,10,9,10144,425,-0.163298330011876,282,6
2022-10-10,2022,10,10,10145,495,-0.01082973636760251,283,0
2022-10-11,2022,10,11,10146,487,-0.027123375853703034,284,1
2022-10-12,2022,10,12,10147,503,0.005202671163446407,285,2
2022-10-13,2022,10,13,10148,507,0.01312350465489037,286,3
2022-10-14,2022,10,14,10149,497,-0.006797472839664082,287,4
2022-10-15,2022,10,15,10150,383,-0.2673525097556468,288,5
2022-10-16,2022,10,16,10151,412,-0.19436414958676645,289,6
2022-10-17,2022,10,17,10152,465,-0.07335009334893643,290,0
2022-10-18,2022,10,18,10153,510,0.019023226782078777,291,1
2022-10-19,2022,10,19,10154,488,-0.025072093083145647,292,2
2022-10-20,2022,10,20,10155,508,0.01509394864218921,293,3
2022-10-21,2022,10,21,10156,510,0.019023226782078777,294,4
2022-10-22,2022,10,22,10157,409,-0.20167234289349095,295,5
2022-10-23,2022,10,23,10158,395,-0.23650173403517086,296,6
2022-10-24,2022,10,24,10159,491,-0.01894337114177224,297,0
2022-10-25,2022,10,25,10160,487,-0.027123375853703034,298,1
2022-10-26,2022,10,26,10161,470,-0.06265480423218847,299,2
2022-10-27,2022,10,27,10162,465,-0.07335009334893643,300,3
2022-10-28,2022,10,28,10163,467,-0.06905824126739543,301,4
2022-10-29,2022,10,29,10164,406,-0.20903433933456006,302,5
2022-10-30,2022,10,30,10165,398,-0.22893549365185503,303,6
2022-10-31,2022,10,31,10166,449,-0.10836461119403848,304,0
2022-11-01,2022,11,1,10167,451,-0.10392015943361442,305,1
2022-11-02,2022,11,2,10168,494,-0.012851981748370309,306,2
2022-11-03,2022,11,3,10169,498,-0.0047874219116398825,307,3
2022-11-04,2022,11,4,10170,503,0.005202671163446407,308,4
2022-11-05,2022,11,5,10171,394,-0.23903658963835892,309,5
2022-11-06,2022,11,6,10172,359,-0.3320651104480139,310,6
2022-11-07,2022,11,7,10173,438,-0.13316858855984665,311,0
2022-11-08,2022,11,8,10174,480,-0.04160139503435611,312,1
2022-11-09,2022,11,9,10175,489,-0.023025009461420796,313,2
2022-11-10,2022,11,10,10176,423,-0.16801531989001484,314,3
2022-11-11,2022,11,11,10177,459,-0.0863372888757476,315,4
2022-11-12,2022,11,12,10178,380,-0.2752162462158613,316,5
2022-11-13,2022,11,13,10179,336,-0.39827633897308845,317,6
2022-11-14,2022,11,14,10180,479,-0.043686901525377485,318,0
2022-11-15,2022,11,15,10181,463,-0.07766044485005867,319,1
2022-11-16,2022,11,16,10182,477,-0.04787100804795151,320,2
2022-11-17,2022,11,17,10183,511,0.020982091267411646,321,3
2022-11-18,2022,11,18,10184,488,-0.025072093083145647,322,4
2022-11-19,2022,11,19,10185,366,-0.3127541655349265,323,5
2022-11-20,2022,11,20,10186,347,-0.36606271898943366,324,6
2022-11-21,2022,11,21,10187,439,-0.13088808586112144,325,0
2022-11-22,2022,11,22,10188,502,0.0032126207554365057,326,1
2022-11-23,2022,11,23,10189,499,-0.00278140318477414,327,2
2022-11-24,2022,11,24,10190,442,-0.12407761685859466,328,3
2022-11-25,2022,11,25,10191,454,-0.09729030089494478,329,4
2022-11-26,2022,11,26,10192,363,-0.320984664671442,330,5
2022-11-27,2022,11,27,10193,343,-0.3776570517703529,331,6
2022-11-28,2022,11,28,10194,418,-0.1799060664115365,332,0
2022-11-29,2022,11,29,10195,455,-0.09509007998534234,333,1
2022-11-30,2022,11,30,10196,450,-0.10613991617192732,334,2
2022-12-01,2022,12,1,10197,469,-0.06478473049001338,335,3
2022-12-02,2022,12,2,10198,443,-0.12181772889115713,336,4
2022-12-03,2022,12,3,10199,347,-0.36606271898943366,337,5
2022-12-04,2022,12,4,10200,356,-0.34045676808426234,338,6
2022-12-05,2022,12,5,10201,385,-0.26214416464850854,339,0
2022-12-06,2022,12,6,10202,465,-0.07335009334893643,340,1
2022-12-07,2022,12,7,10203,496,-0.008811572211365326,341,2
2022-12-08,2022,12,8,10204,457,-0.09070410804208806,342,3
2022-12-09,2022,12,9,10205,447,-0.11282890432272394,343,4
2022-12-10,2022,12,10,10206,393,-0.2415778870670315,344,5
2022-12-11,2022,12,11,10207,345,-0.3718430819049331,345,6
2022-12-12,2022,12,12,10208,431,-0.149279408832545,346,0
2022-12-13,2022,12,13,10209,421,-0.1727546652539114,347,1
2022-12-14,2022,12,14,10210,477,-0.04787100804795151,348,2
2022-12-15,2022,12,15,10211,466,-0.07120186481064687,349,3
2022-12-16,2022,12,16,10212,454,-0.09729030089494478,350,4
2022-12-17,2022,12,17,10213,337,-0.39530456858393115,351,5
2022-12-18,2022,12,18,10214,365,-0.31549014535380127,352,6
2022-12-19,2022,12,19,10215,472,-0.05840851335073735,353,0
2022-12-20,2022,12,20,10216,481,-0.03952022883053154,354,1
2022-12-21,2022,12,21,10217,478,-0.04577676644483675,355,2
2022-12-22,2022,12,22,10218,452,-0.10170531910406158,356,3
2022-12-23,2022,12,23,10219,472,-0.05840851335073735,357,4
2022-12-24,2022,12,24,10220,365,-0.31549014535380127,358,5
2022-12-25,2022,12,25,10221,300,-0.5116050242800917,359,6
2022-12-26,2022,12,26,10222,256,-0.6702100544567302,360,0
2022-12-27,2022,12,27,10223,382,-0.26996689032971755,361,1
2022-12-28,2022,12,28,10224,479,-0.043686901525377485,362,2
2022-12-29,2022,12,29,10225,468,-0.066919203018646,363,3
2022-12-30,2022,12,30,10226,441,-0.12634262348944678,364,4
2022-12-31,2022,12,31,10227,374,-0.2911317015217608,365,5
2023-01-01,2023,1,1,10228,291,-0.5420642317648002,1,6
2023-01-02,2023,1,2,10229,408,-0.204120324532131,2,0
2023-01-03,2023,1,3,10230,437,-0.13545430384070264,3,1
2023-01-04,2023,1,4,10231,434,-0.14234296483588793,4,2
2023-01-05,2023,1,5,10232,496,-0.008811572211365326,5,3
2023-01-06,2023,1,6,10233,450,-0.10613991617192732,6,4
2023-01-07,2023,1,7,10234,338,-0.39234160345327407,7,5
2023-01-08,2023,1,8,10235,343,-0.3776570517703529,8,6
2023-01-09,2023,1,9,10236,467,-0.06905824126739543,9,0
2023-01-10,2023,1,10,10237,443,-0.12181772889115713,10,1
2023-01-11,2023,1,11,10238,432,-0.14696191069218248,11,2
2023-01-12,2023,1,12,10239,419,-0.1775165790141551,12,3
2023-01-13,2023,1,13,10240,444,-0.11956293650406802,13,4
2023-01-14,2023,1,14,10241,358,-0.3348545125355925,14,5
2023-01-15,2023,1,15,10242,386,-0.2595501294714619,15,6
2023-01-16,2023,1,16,10243,452,-0.10170531910406158,16,0
2023-01-17,2023,1,17,10244,463,-0.07766044485005867,17,1
2023-01-18,2023,1,18,10245,491,-0.01894337114177224,18,2
2023-01-19,2023,1,19,10246,418,-0.1799060664115365,19,3
2023-01-20,2023,1,20,10247,448,-0.1105942665213076,20,4
2023-01-21,2023,1,21,10248,374,-0.2911317015217608,21,5
2023-01-22,2023,1,22,10249,366,-0.3127541655349265,22,6
2023-01-23,2023,1,23,10250,464,-0.07550294671003747,23,0
2023-01-24,2023,1,24,10251,442,-0.12407761685859466,24,1
2023-01-25,2023,1,25,10252,506,0.01114917035117286,25,2
2023-01-26,2023,1,26,10253,466,-0.07120186481064687,26,3
2023-01-27,2023,1,27,10254,504,0.007188769135075929,27,4
2023-01-28,2023,1,28,10255,411,-0.1967942844400581,28,5
2023-01-29,2023,1,29,10256,353,-0.34891944200299607,29,6
2023-01-30,2023,1,30,10257,466,-0.07120186481064687,30,0
2023-01-31,2023,1,31,10258,458,-0.0885183148221078,31,1
2023-02-01,2023,2,1,10259,458,-0.0885183148221078,32,2
2023-02-02,2023,2,2,10260,480,-0.04160139503435611,33,3
2023-02-03,2023,2,3,10261,489,-0.023025009461420796,34,4
2023-02-04,2023,2,4,10262,372,-0.2964936446631462,35,5
2023-02-05,2023,2,5,10263,361,-0.32650954060341186,36,6
2023-02-06,2023,2,6,10264,445,-0.11731321677005256,37,0
2023-02-07,2023,2,7,10265,433,-0.14464977093380296,38,1
2023-02-08,2023,2,8,10266,451,-0.10392015943361442,39,2
2023-02-09,2023,2,9,10267,455,-0.09509007998534234,40,3
2023-02-10,2023,2,10,10268,490,-0.020982107831620526,41,4
2023-02-11,2023,2,11,10269,425,-0.163298330011876,42,5
2023-02-12,2023,2,12,10270,379,-0.2778512938538664,43,6
2023-02-13,2023,2,13,10271,412,-0.19436414958676645,44,0
2023-02-14,2023,2,14,10272,474,-0.05418017724121624,45,1
2023-02-15,2023,2,15,10273,466,-0.07120186481064687,46,2
2023-02-16,2023,2,16,10274,467,-0.06905824126739543,47,3
2023-02-17,2023,2,17,10275,473,-0.056292110444359764,48,4
2023-02-18,2023,2,18,10276,392,-0.2441256591458302,49,5
2023-02-19,2023,2,19,10277,344,-0.3747458415628945,50,6
2023-02-20,2023,2,20,10278,412,-0.19436414958676645,51,0
2023-02-21,2023,2,21,10279,440,-0.12861277202398594,52,1
2023-02-22,2023,2,22,10280,470,-0.06265480423218847,53,2
2023-02-23,2023,2,23,10281,477,-0.04787100804795151,54,3
2023-02-24,2023,2,24,10282,496,-0.008811572211365326,55,4
2023-02-25,2023,2,25,10283,368,-0.30730456076736185,56,5
2023-02-26,2023,2,26,10284,364,-0.3182336312995521,57,6
2023-02-27,2023,2,27,10285,448,-0.1105942665213076,58,0
2023-02-28,2023,2,28,10286,456,-0.09289468942190668,59,1
2023-03-01,2023,3,1,10287,508,0.01509394864218921,60,2
2023-03-02,2023,3,2,10288,489,-0.023025009461420796,61,3
2023-03-03,2023,3,3,10289,484,-0.03330259221966101,62,4
2023-03-04,2023,3,4,10290,392,-0.2441256591458302,63,5
2023-03-05,2023,3,5,10291,332,-0.41025253001980416,64,6
2023-03-06,2023,3,6,10292,475,-0.05207269490165152,65,0
2023-03-07,2023,3,7,10293,443,-0.12181772889115713,66,1
2023-03-08,2023,3,8,10294,440,-0.12861277202398594,67,2
2023-03-09,2023,3,9,10295,462,-0.0798226078545539,68,3
2023-03-10,2023,3,10,10296,473,-0.056292110444359764,69,4
2023-03-11,2023,3,11,10297,374,-0.2911317015217608,70,5
2023-03-12,2023,3,12,10298,361,-0.32650954060341186,71,6
2023-03-13,2023,3,13,10299,466,-0.07120186481064687,72,0
2023-03-14,2023,3,14,10300,476,-0.04996964470487272,73,1
2023-03-15,2023,3,15,10301,477,-0.04787100804795151,74,2
2023-03-16,2023,3,16,10302,426,-0.1609481526669224,75,3
2023-03-17,2023,3,17,10303,476,-0.04996964470487272,76,4
2023-03-18,2023,3,18,10304,370,-0.30188449329802264,77,5
2023-03-19,2023,3,19,10305,344,-0.3747458415628945,78,6
2023-03-20,2023,3,20,10306,447,-0.11282890432272394,79,0
2023-03-21,2023,3,21,10307,494,-0.012851981748370309,80,1
2023-03-22,2023,3,22,10308,462,-0.0798226078545539,81,2
2023-03-23,2023,3,23,10309,495,-0.01082973636760251,82,3
2023-03-24,2023,3,24,10310,481,-0.03952022883053154,83,4
2023-03-25,2023,3,25,10311,378,-0.2804933033167051,84,5
2023-03-26,2023,3,26,10312,365,-0.31549014535380127,85,6
2023-03-27,2023,3,27,10313,449,-0.10836461119403848,86,0
2023-03-28,2023,3,28,10314,476,-0.04996964470487272,87,1
2023-03-29,2023,3,29,10315,466,-0.07120186481064687,88,2
2023-03-30,2023,3,30,10316,471,-0.060529404919874984,89,3
2023-03-31,2023,3,31,10317,466,-0.07120186481064687,90,4
2023-04-01,2023,4,1,10318,387,-0.25696280590651094,91,5
2023-04-02,2023,4,2,10319,326,-0.42849011756958505,92,6
2023-04-03,2023,4,3,10320,436,-0.13774525558725847,93,0
2023-04-04,2023,4,4,10321,454,-0.09729030089494478,94,1
2023-04-05,2023,4,5,10322,441,-0.12634262348944678,95,2
2023-04-06,2023,4,6,10323,438,-0.13316858855984665,96,3
2023-04-07,2023,4,7,10324,457,-0.09070410804208806,97,4
2023-04-08,2023,4,8,10325,406,-0.20903433933456006,98,5
2023-04-09,2023,4,9,10326,343,-0.3776570517703529,99,6
2023-04-10,2023,4,10,10327,346,-0.3689487238785686,100,0
2023-04-11,2023,4,11,10328,480,-0.04160139503435611,101,1
2023-04-12,2023,4,12,10329,488,-0.025072093083145647,102,2
2023-04-13,2023,4,13,10330,474,-0.05418017724121624,103,3
2023-04-14,2023,4,14,10331,464,-0.07550294671003747,104,4
2023-04-15,2023,4,15,10332,383,-0.2673525097556468,105,5
2023-04-16,2023,4,16,10333,350,-0.3574543444528335,106,6
2023-04-17,2023,4,17,10334,445,-0.11731321677005256,107,0
2023-04-18,2023,4,18,10335,483,-0.03537084528372003,108,1
2023-04-19,2023,4,19,10336,467,-0.06905824126739543,109,2
2023-04-20,2023,4,20,10337,489,-0.023025009461420796,110,3
2023-04-21,2023,4,21,10338,469,-0.06478473049001338,111,4
2023-04-22,2023,4,22,10339,392,-0.2441256591458302,112,5
2023-04-23,2023,4,23,10340,381,-0.2725881238095918,113,6
2023-04-24,2023,4,24,10341,456,-0.09289468942190668,114,0
2023-04-25,2023,4,25,10342,475,-0.05207269490165152,115,1
2023-04-26,2023,4,26,10343,495,-0.01082973636760251,116,2
2023-04-27,2023,4,27,10344,396,-0.2339732876818122,117,3
2023-04-28,2023,4,28,10345,491,-0.01894337114177224,118,4
2023-04-29,2023,4,29,10346,390,-0.24924075981260063,119,5
2023-04-30,2023,4,30,10347,359,-0.3320651104480139,120,6
2023-05-01,2023,5,1,10348,519,0.03651638422959586,121,0
2023-05-02,2023,5,2,10349,502,0.0032126207554365057,122,1
2023-05-03,2023,5,3,10350,513,0.02488834623447675,123,2
2023-05-04,2023,5,4,10351,482,-0.03744338488569241,124,3
2023-05-05,2023,5,5,10352,444,-0.11956293650406802,125,4
2023-05-06,2023,5,6,10353,374,-0.2911317015217608,126,5
2023-05-07,2023,5,7,10354,396,-0.2339732876818122,127,6
2023-05-08,2023,5,8,10355,504,0.007188769135075929,128,0
2023-05-09,2023,5,9,10356,515,0.028779401727443366,129,1
2023-05-10,2023,5,10,10357,468,-0.066919203018646,130,2
2023-05-11,2023,5,11,10358,511,0.020982091267411646,131,3
2023-05-12,2023,5,12,10359,549,0.09271094257323789,132,4
2023-05-13,2023,5,13,10360,374,-0.2911317015217608,133,5
2023-05-14,2023,5,14,10361,380,-0.2752162462158613,134,6
2023-05-15,2023,5,15,10362,483,-0.03537084528372003,135,0
2023-05-16,2023,5,16,10363,491,-0.01894337114177224,136,1
2023-05-17,2023,5,17,10364,527,0.051813049605069564,137,2
2023-05-18,2023,5,18,10365,443,-0.12181772889115713,138,3
2023-05-19,2023,5,19,10366,464,-0.07550294671003747,139,4
2023-05-20,2023,5,20,10367,426,-0.1609481526669224,140,5
2023-05-21,2023,5,21,10368,382,-0.26996689032971755,141,6
2023-05-22,2023,5,22,10369,472,-0.05840851335073735,142,0
2023-05-23,2023,5,23,10370,501,0.0012186021485719963,143,1
2023-05-24,2023,5,24,10371,524,0.04610418538474929,144,2
2023-05-25,2023,5,25,10372,450,-0.10613991617192732,145,3
2023-05-26,2023,5,26,10373,495,-0.01082973636760251,146,4
2023-05-27,2023,5,27,10374,415,-0.18710897870559454,147,5
2023-05-28,2023,5,28,10375,386,-0.2595501294714619,148,6
2023-05-29,2023,5,29,10376,379,-0.2778512938538664,149,0
2023-05-30,2023,5,30,10377,471,-0.060529404919874984,150,1
2023-05-31,2023,5,31,10378,448,-0.1105942665213076,151,2
2023-06-01,2023,6,1,10379,503,0.005202671163446407,152,3
2023-06-02,2023,6,2,10380,506,0.01114917035117286,153,4
2023-06-03,2023,6,3,10381,403,-0.21645093698960974,154,5
2023-06-04,2023,6,4,10382,377,-0.283142311488282,155,6
2023-06-05,2023,6,5,10383,456,-0.09289468942190668,156,0
2023-06-06,2023,6,6,10384,460,-0.08416100945315207,157,1
2023-06-07,2023,6,7,10385,479,-0.043686901525377485,158,2
2023-06-08,2023,6,8,10386,435,-0.1400414678476087,159,3
2023-06-09,2023,6,9,10387,505,0.009170930339067029,160,4
2023-06-10,2023,6,10,10388,428,-0.156264303354496,161,5
2023-06-11,2023,6,11,10389,383,-0.2673525097556468,162,6
2023-06-12,2023,6,12,10390,477,-0.04787100804795151,163,0
2023-06-13,2023,6,13,10391,520,0.038441312639180374,164,1
2023-06-14,2023,6,14,10392,501,0.0012186021485719963,165,2
2023-06-15,2023,6,15,10393,469,-0.06478473049001338,166,3
2023-06-16,2023,6,16,10394,516,0.03071926654527006,167,4
2023-06-17,2023,6,17,10395,401,-0.22142607162972353,168,5
2023-06-18,2023,6,18,10396,383,-0.2673525097556468,169,6
2023-06-19,2023,6,19,10397,502,0.0032126207554365057,170,0
2023-06-20,2023,6,20,10398,491,-0.01894337114177224,171,1
2023-06-21,2023,6,21,10399,504,0.007188769135075929,172,2
2023-06-22,2023,6,22,10400,454,-0.09729030089494478,173,3
2023-06-23,2023,6,23,10401,490,-0.020982107831620526,174,4
2023-06-24,2023,6,24,10402,453,-0.09949537345325875,175,5
2023-06-25,2023,6,25,10403,378,-0.2804933033167051,176,6
2023-06-26,2023,6,26,10404,490,-0.020982107831620526,177,0
2023-06-27,2023,6,27,10405,490,-0.020982107831620526,178,1
2023-06-28,2023,6,28,10406,505,0.009170930339067029,179,2
2023-06-29,2023,6,29,10407,500,-0.0007794005141010613,180,3
2023-06-30,2023,6,30,10408,478,-0.04577676644483675,181,4
2023-07-01,2023,7,1,10409,422,-0.170382184900281,182,5
2023-07-02,2023,7,2,10410,372,-0.2964936446631462,183,6
2023-07-03,2023,7,3,10411,458,-0.0885183148221078,184,0
2023-07-04,2023,7,4,10412,529,0.05560093292200662,185,1
2023-07-05,2023,7,5,10413,534,0.06500834002390198,186,2
2023-07-06,2023,7,6,10414,512,0.02293712610321511,187,3
2023-07-07,2023,7,7,10415,532,0.06125599040535152,188,4
2023-07-08,2023,7,8,10416,455,-0.09509007998534234,189,5
2023-07-09,2023,7,9,10417,409,-0.20167234289349095,190,6
2023-07-10,2023,7,10,10418,482,-0.03744338488569241,191,0
2023-07-11,2023,7,11,10419,517,0.03265537557213635,192,1
2023-07-12,2023,7,12,10420,517,0.03265537557213635,193,2
2023-07-13,2023,7,13,10421,500,-0.0007794005141010613,194,3
2023-07-14,2023,7,14,10422,538,0.07247106122549156,195,4
2023-07-15,2023,7,15,10423,435,-0.1400414678476087,196,5
2023-07-16,2023,7,16,10424,398,-0.22893549365185503,197,6
2023-07-17,2023,7,17,10425,460,-0.08416100945315207,198,0
2023-07-18,2023,7,18,10426,475,-0.05207269490165152,199,1
2023-07-19,2023,7,19,10427,519,0.03651638422959586,200,2
2023-07-20,2023,7,20,10428,514,0.02683576651887243,201,3
2023-07-21,2023,7,21,10429,514,0.02683576651887243,202,4
2023-07-22,2023,7,22,10430,417,-0.18230127713749136,203,5
2023-07-23,2023,7,23,10431,420,-0.17513278765887882,204,6
2023-07-24,2023,7,24,10432,508,0.01509394864218921,205,0
2023-07-25,2023,7,25,10433,506,0.01114917035117286,206,1
2023-07-26,2023,7,26,10434,532,0.06125599040535152,207,2
2023-07-27,2023,7,27,10435,531,0.05937452230564608,208,3
2023-07-28,2023,7,28,10436,529,0.05560093292200662,209,4
2023-07-29,2023,7,29,10437,448,-0.1105942665213076,210,5
2023-07-30,2023,7,30,10438,403,-0.21645093698960974,211,6
2023-07-31,2023,7,31,10439,491,-0.01894337114177224,212,0
2023-08-01,2023,8,1,10440,513,0.02488834623447675,213,1
2023-08-02,2023,8,2,10441,514,0.02683576651887243,214,2
2023-08-03,2023,8,3,10442,537,0.07061059557257193,215,3
2023-08-04,2023,8,4,10443,525,0.04801076365533098,216,4
2023-08-05,2023,8,5,10444,414,-0.18952152511097844,217,5
2023-08-06,2023,8,6,10445,381,-0.2725881238095918,218,6
2023-08-07,2023,8,7,10446,465,-0.07335009334893643,219,0
2023-08-08,2023,8,8,10447,507,0.01312350465489037,220,1
2023-08-09,2023,8,9,10448,499,-0.00278140318477414,221,2
2023-08-10,2023,8,10,10449,519,0.03651638422959586,222,3
2023-08-11,2023,8,11,10450,522,0.04228008894634606,223,4
2023-08-12,2023,8,12,10451,399,-0.22642608204642928,224,5
2023-08-13,2023,8,13,10452,379,-0.2778512938538664,225,6
2023-08-14,2023,8,14,10453,478,-0.04577676644483675,226,0
2023-08-15,2023,8,15,10454,468,-0.066919203018646,227,1
2023-08-16,2023,8,16,10455,503,0.005202671163446407,228,2
2023-08-17,2023,8,17,10456,511,0.020982091267411646,229,3
2023-08-18,2023,8,18,10457,511,0.020982091267411646,230,4
2023-08-19,2023,8,19,10458,410,-0.1992303392379392,231,5
2023-08-20,2023,8,20,10459,399,-0.22642608204642928,232,6
2023-08-21,2023,8,21,10460,512,0.02293712610321511,233,0
2023-08-22,2023,8,22,10461,495,-0.01082973636760251,234,1
2023-08-23,2023,8,23,10462,483,-0.03537084528372003,235,2
2023-08-24,2023,8,24,10463,498,-0.0047874219116398825,236,3
2023-08-25,2023,8,25,10464,502,0.0032126207554365057,237,4
2023-08-26,2023,8,26,10465,411,-0.1967942844400581,238,5
2023-08-27,2023,8,27,10466,413,-0.1919399059752601,239,6
2023-08-28,2023,8,28,10467,499,-0.00278140318477414,240,0
2023-08-29,2023,8,29,10468,500,-0.0007794005141010613,241,1
2023-08-30,2023,8,30,10469,484,-0.03330259221966101,242,2
2023-08-31,2023,8,31,10470,541,0.07803177991018878,243,3
2023-09-01,2023,9,1,10471,510,0.019023226782078777,244,4
2023-09-02,2023,9,2,10472,388,-0.2543821593130193,245,5
2023-09-03,2023,9,3,10473,379,-0.2778512938538664,246,6
2023-09-04,2023,9,4,10474,445,-0.11731321677005256,247,0
2023-09-05,2023,9,5,10475,490,-0.020982107831620526,248,1
2023-09-06,2023,9,6,10476,474,-0.05418017724121624,249,2
2023-09-07,2023,9,7,10477,471,-0.060529404919874984,250,3
2023-09-08,2023,9,8,10478,488,-0.025072093083145647,251,4
2023-09-09,2023,9,9,10479,392,-0.2441256591458302,252,5
2023-09-10,2023,9,10,10480,420,-0.17513278765887882,253,6
2023-09-11,2023,9,11,10481,467,-0.06905824126739543,254,0
2023-09-12,2023,9,12,10482,517,0.03265537557213635,255,1
2023-09-13,2023,9,13,10483,484,-0.03330259221966101,256,2
2023-09-14,2023,9,14,10484,483,-0.03537084528372003,257,3
2023-09-15,2023,9,15,10485,512,0.02293712610321511,258,4
2023-09-16,2023,9,16,10486,429,-0.15393058000827584,259,5
2023-09-17,2023,9,17,10487,387,-0.25696280590651094,260,6
2023-09-18,2023,9,18,10488,492,-0.016908782443984704,261,0
2023-09-19,2023,9,19,10489,499,-0.00278140318477414,262,1
2023-09-20,2023,9,20,10490,512,0.02293712610321511,263,2
2023-09-21,2023,9,21,10491,510,0.019023226782078777,264,3
2023-09-22,2023,9,22,10492,470,-0.06265480423218847,265,4
2023-09-23,2023,9,23,10493,434,-0.14234296483588793,266,5
2023-09-24,2023,9,24,10494,380,-0.2752162462158613,267,6
2023-09-25,2023,9,25,10495,473,-0.056292110444359764,268,0
2023-09-26,2023,9,26,10496,518,0.03458774332319039,269,1
2023-09-27,2023,9,27,10497,491,-0.01894337114177224,270,2
2023-09-28,2023,9,28,10498,478,-0.04577676644483675,271,3
2023-09-29,2023,9,29,10499,494,-0.012851981748370309,272,4
2023-09-30,2023,9,30,10500,429,-0.15393058000827584,273,5
2023-10-01,2023,10,1,10501,416,-0.18470223867502955,274,6
2023-10-02,2023,10,2,10502,489,-0.023025009461420796,275,0
2023-10-03,2023,10,3,10503,465,-0.07335009334893643,276,1
2023-10-04,2023,10,4,10504,491,-0.01894337114177224,277,2
2023-10-05,2023,10,5,10505,491,-0.01894337114177224,278,3
2023-10-06,2023,10,6,10506,481,-0.03952022883053154,279,4
2023-10-07,2023,10,7,10507,396,-0.2339732876818122,280,5
2023-10-08,2023,10,8,10508,390,-0.24924075981260063,281,6
2023-10-09,2023,10,9,10509,490,-0.020982107831620526,282,0
2023-10-10,2023,10,10,10510,514,0.02683576651887243,283,1
2023-10-11,2023,10,11,10511,493,-0.014878324893602708,284,2
2023-10-12,2023,10,12,10512,501,0.0012186021485719963,285,3
2023-10-13,2023,10,13,10513,471,-0.060529404919874984,286,4
2023-10-14,2023,10,14,10514,405,-0.21150043182975356,287,5
2023-10-15,2023,10,15,10515,356,-0.34045676808426234,288,6
2023-10-16,2023,10,16,10516,499,-0.00278140318477414,289,0
2023-10-17,2023,10,17,10517,493,-0.014878324893602708,290,1
2023-10-18,2023,10,18,10518,453,-0.09949537345325875,291,2
2023-10-19,2023,10,19,10519,489,-0.023025009461420796,292,3
2023-10-20,2023,10,20,10520,481,-0.03952022883053154,293,4
2023-10-21,2023,10,21,10521,358,-0.3348545125355925,294,5
2023-10-22,2023,10,22,10522,330,-0.41629484447576676,295,6
2023-10-23,2023,10,23,10523,467,-0.06905824126739543,296,0
2023-10-24,2023,10,24,10524,488,-0.025072093083145647,297,1
2023-10-25,2023,10,25,10525,481,-0.03952022883053154,298,2
2023-10-26,2023,10,26,10526,440,-0.12861277202398594,299,3
2023-10-27,2023,10,27,10527,491,-0.01894337114177224,300,4
2023-10-28,2023,10,28,10528,417,-0.18230127713749136,301,5
2023-10-29,2023,10,29,10529,382,-0.26996689032971755,302,6
2023-10-30,2023,10,30,10530,505,0.009170930339067029,303,0
2023-10-31,2023,10,31,10531,469,-0.06478473049001338,304,1
2023-11-01,2023,11,1,10532,469,-0.06478473049001338,305,2
2023-11-02,2023,11,2,10533,479,-0.043686901525377485,306,3
2023-11-03,2023,11,3,10534,482,-0.03744338488569241,307,4
2023-11-04,2023,11,4,10535,397,-0.2314512182491023,308,5
2023-11-05,2023,11,5,10536,384,-0.2647449463485659,309,6
2023-11-06,2023,11,6,10537,458,-0.0885183148221078,310,0
2023-11-07,2023,11,7,10538,469,-0.06478473049001338,311,1
2023-11-08,2023,11,8,10539,478,-0.04577676644483675,312,2
2023-11-09,2023,11,9,10540,472,-0.05840851335073735,313,3
2023-11-10,2023,11,10,10541,517,0.03265537557213635,314,4
2023-11-11,2023,11,11,10542,402,-0.21893541031727165,315,5
2023-11-12,2023,11,12,10543,369,-0.3045908548957656,316,6
2023-11-13,2023,11,13,10544,437,-0.13545430384070264,317,0
2023-11-14,2023,11,14,10545,471,-0.060529404919874984,318,1
2023-11-15,2023,11,15,10546,474,-0.05418017724121624,319,2
2023-11-16,2023,11,16,10547,481,-0.03952022883053154,320,3
2023-11-17,2023,11,17,10548,517,0.03265537557213635,321,4
2023-11-18,2023,11,18,10549,381,-0.2725881238095918,322,5
2023-11-19,2023,11,19,10550,374,-0.2911317015217608,323,6
2023-11-20,2023,11,20,10551,455,-0.09509007998534234,324,0
2023-11-21,2023,11,21,10552,450,-0.10613991617192732,325,1
2023-11-22,2023,11,22,10553,468,-0.066919203018646,326,2
2023-11-23,2023,11,23,10554,478,-0.04577676644483675,327,3
2023-11-24,2023,11,24,10555,473,-0.056292110444359764,328,4
2023-11-25,2023,11,25,10556,361,-0.32650954060341186,329,5
2023-11-26,2023,11,26,10557,331,-0.4132691235592298,330,6
2023-11-27,2023,11,27,10558,438,-0.13316858855984665,331,0
2023-11-28,2023,11,28,10559,478,-0.04577676644483675,332,1
2023-11-29,2023,11,29,10560,485,-0.031238607998809516,333,2
2023-11-30,2023,11,30,10561,476,-0.04996964470487272,334,3
2023-12-01,2023,12,1,10562,442,-0.12407761685859466,335,4
2023-12-02,2023,12,2,10563,389,-0.25180815531784645,336,5
2023-12-03,2023,12,3,10564,325,-0.43156231660655525,337,6
2023-12-04,2023,12,4,10565,425,-0.163298330011876,338,0
2023-12-05,2023,12,5,10566,403,-0.21645093698960974,339,1
2023-12-06,2023,12,6,10567,432,-0.14696191069218248,340,2
2023-12-07,2023,12,7,10568,452,-0.10170531910406158,341,3
2023-12-08,2023,12,8,10569,462,-0.0798226078545539,342,4
2023-12-09,2023,12,9,10570,386,-0.2595501294714619,343,5
2023-12-10,2023,12,10,10571,363,-0.320984664671442,344,6
2023-12-11,2023,12,11,10572,437,-0.13545430384070264,345,0
2023-12-12,2023,12,12,10573,458,-0.0885183148221078,346,1
2023-12-13,2023,12,13,10574,461,-0.08198945593964423,347,2
2023-12-14,2023,12,14,10575,446,-0.11506854691622871,348,3
2023-12-15,2023,12,15,10576,473,-0.056292110444359764,349,4
2023-12-16,2023,12,16,10577,341,-0.38350502165277606,350,5
2023-12-17,2023,12,17,10578,356,-0.34045676808426234,351,6
2023-12-18,2023,12,18,10579,452,-0.10170531910406158,352,0
2023-12-19,2023,12,19,10580,480,-0.04160139503435611,353,1
2023-12-20,2023,12,20,10581,471,-0.060529404919874984,354,2
2023-12-21,2023,12,21,10582,481,-0.03952022883053154,355,3
2023-12-22,2023,12,22,10583,472,-0.05840851335073735,356,4
2023-12-23,2023,12,23,10584,414,-0.18952152511097844,357,5
2023-12-24,2023,12,24,10585,340,-0.38644188132608576,358,6
2023-12-25,2023,12,25,10586,306,-0.491802396983912,359,0
2023-12-26,2023,12,26,10587,276,-0.5949866332191428,360,1
2023-12-27,2023,12,27,10588,430,-0.15160229024868468,361,2
2023-12-28,2023,12,28,10589,527,0.051813049605069564,362,3
2023-12-29,2023,12,29,10590,504,0.007188769135075929,363,4
2023-12-30,2023,12,30,10591,394,-0.23903658963835892,364,5
2023-12-31,2023,12,31,10592,364,-0.3182336312995521,365,6
2024-01-01,2024,1,1,10593,297,-0.5216553601335931,1,0
2024-01-02,2024,1,2,10594,435,-0.1400414678476087,2,1
2024-01-03,2024,1,3,10595,507,0.01312350465489037,3,2
2024-01-04,2024,1,4,10596,478,-0.04577676644483675,4,3
2024-01-05,2024,1,5,10597,489,-0.023025009461420796,5,4
2024-01-06,2024,1,6,10598,403,-0.21645093698960974,6,5
2024-01-07,2024,1,7,10599,356,-0.34045676808426234,7,6
2024-01-08,2024,1,8,10600,416,-0.18470223867502955,8,0
2024-01-09,2024,1,9,10601,452,-0.10170531910406158,9,1
2024-01-10,2024,1,10,10602,487,-0.027123375853703034,10,2
2024-01-11,2024,1,11,10603,492,-0.016908782443984704,11,3
2024-01-12,2024,1,12,10604,487,-0.027123375853703034,12,4
2024-01-13,2024,1,13,10605,406,-0.20903433933456006,13,5
2024-01-14,2024,1,14,10606,381,-0.2725881238095918,14,6
2024-01-15,2024,1,15,10607,475,-0.05207269490165152,15,0
2024-01-16,2024,1,16,10608,431,-0.149279408832545,16,1
2024-01-17,2024,1,17,10609,475,-0.05207269490165152,17,2
2024-01-18,2024,1,18,10610,448,-0.1105942665213076,18,3
2024-01-19,2024,1,19,10611,472,-0.05840851335073735,19,4
2024-01-20,2024,1,20,10612,356,-0.34045676808426234,20,5
2024-01-21,2024,1,21,10613,323,-0.4377351757136362,21,6
2024-01-22,2024,1,22,10614,459,-0.0863372888757476,22,0
2024-01-23,2024,1,23,10615,494,-0.012851981748370309,23,1
2024-01-24,2024,1,24,10616,498,-0.0047874219116398825,24,2
2024-01-25,2024,1,25,10617,463,-0.07766044485005867,25,3
2024-01-26,2024,1,26,10618,490,-0.020982107831620526,26,4
2024-01-27,2024,1,27,10619,394,-0.23903658963835892,27,5
2024-01-28,2024,1,28,10620,358,-0.3348545125355925,28,6
2024-01-29,2024,1,29,10621,451,-0.10392015943361442,29,0
2024-01-30,2024,1,30,10622,464,-0.07550294671003747,30,1
2024-01-31,2024,1,31,10623,466,-0.07120186481064687,31,2
2024-02-01,2024,2,1,10624,483,-0.03537084528372003,32,3
2024-02-02,2024,2,2,10625,488,-0.025072093083145647,33,4
2024-02-03,2024,2,3,10626,367,-0.3100256508817225,34,5
2024-02-04,2024,2,4,10627,374,-0.2911317015217608,35,6
2024-02-05,2024,2,5,10628,413,-0.1919399059752601,36,0
2024-02-06,2024,2,6,10629,503,0.005202671163446407,37,1
2024-02-07,2024,2,7,10630,453,-0.09949537345325875,38,2
2024-02-08,2024,2,8,10631,500,-0.0007794005141010613,39,3
2024-02-09,2024,2,9,10632,516,0.03071926654527006,40,4
2024-02-10,2024,2,10,10633,393,-0.2415778870670315,41,5
2024-02-11,2024,2,11,10634,393,-0.2415778870670315,42,6
2024-02-12,2024,2,12,10635,465,-0.07335009334893643,43,0
2024-02-13,2024,2,13,10636,480,-0.04160139503435611,44,1
2024-02-14,2024,2,14,10637,505,0.009170930339067029,45,2
2024-02-15,2024,2,15,10638,471,-0.060529404919874984,46,3
2024-02-16,2024,2,16,10639,480,-0.04160139503435611,47,4
2024-02-17,2024,2,17,10640,413,-0.1919399059752601,48,5
2024-02-18,2024,2,18,10641,357,-0.3376517171566537,49,6
2024-02-19,2024,2,19,10642,440,-0.12861277202398594,50,0
2024-02-20,2024,2,20,10643,502,0.0032126207554365057,51,1
2024-02-21,2024,2,21,10644,481,-0.03952022883053154,52,2
2024-02-22,2024,2,22,10645,474,-0.05418017724121624,53,3
2024-02-23,2024,2,23,10646,468,-0.066919203018646,54,4
2024-02-24,2024,2,24,10647,394,-0.23903658963835892,55,5
2024-02-25,2024,2,25,10648,318,-0.4533361161561159,56,6
2024-02-26,2024,2,26,10649,474,-0.05418017724121624,57,0
2024-02-27,2024,2,27,10650,472,-0.05840851335073735,58,1
2024-02-28,2024,2,28,10651,457,-0.09070410804208806,59,2
2024-02-29,2024,2,29,10652,421,-0.1727546652539114,60,3
2024-03-01,2024,3,1,10653,504,0.007188769135075929,61,4
2024-03-02,2024,3,2,10654,422,-0.170382184900281,62,5
2024-03-03,2024,3,3,10655,334,-0.4042465059595923,63,6
2024-03-04,2024,3,4,10656,436,-0.13774525558725847,64,0
2024-03-05,2024,3,5,10657,470,-0.06265480423218847,65,1
2024-03-06,2024,3,6,10658,445,-0.11731321677005256,66,2
2024-03-07,2024,3,7,10659,466,-0.07120186481064687,67,3
2024-03-08,2024,3,8,10660,482,-0.03744338488569241,68,4
2024-03-09,2024,3,9,10661,327,-0.4254273280390393,69,5
2024-03-10,2024,3,10,10662,380,-0.2752162462158613,70,6
2024-03-11,2024,3,11,10663,479,-0.043686901525377485,71,0
2024-03-12,2024,3,12,10664,471,-0.060529404919874984,72,1
2024-03-13,2024,3,13,10665,463,-0.07766044485005867,73,2
2024-03-14,2024,3,14,10666,454,-0.09729030089494478,74,3
2024-03-15,2024,3,15,10667,530,0.05748950760987465,75,4
2024-03-16,2024,3,16,10668,369,-0.3045908548957656,76,5
2024-03-17,2024,3,17,10669,333,-0.40724500895584886,77,6
2024-03-18,2024,3,18,10670,440,-0.12861277202398594,78,0
2024-03-19,2024,3,19,10671,471,-0.060529404919874984,79,1
2024-03-20,2024,3,20,10672,495,-0.01082973636760251,80,2
2024-03-21,2024,3,21,10673,465,-0.07335009334893643,81,3
2024-03-22,2024,3,22,10674,508,0.01509394864218921,82,4
2024-03-23,2024,3,23,10675,405,-0.21150043182975356,83,5
2024-03-24,2024,3,24,10676,404,-0.21397262097514264,84,6
2024-03-25,2024,3,25,10677,424,-0.16565404370433506,85,0
2024-03-26,2024,3,26,10678,457,-0.09070410804208806,86,1
2024-03-27,2024,3,27,10679,488,-0.025072093083145647,87,2
2024-03-28,2024,3,28,10680,469,-0.06478473049001338,88,3
2024-03-29,2024,3,29,10681,487,-0.027123375853703034,89,4
2024-03-30,2024,3,30,10682,381,-0.2725881238095918,90,5
2024-03-31,2024,3,31,10683,326,-0.42849011756958505,91,6
2024-04-01,2024,4,1,10684,309,-0.4820462220385473,92,0
2024-04-02,2024,4,2,10685,450,-0.10613991617192732,93,1
2024-04-03,2024,4,3,10686,463,-0.07766044485005867,94,2
2024-04-04,2024,4,4,10687,500,-0.0007794005141010613,95,3
2024-04-05,2024,4,5,10688,497,-0.006797472839664082,96,4
2024-04-06,2024,4,6,10689,390,-0.24924075981260063,97,5
2024-04-07,2024,4,7,10690,349,-0.36031557673386566,98,6
2024-04-08,2024,4,8,10691,441,-0.12634262348944678,99,0
2024-04-09,2024,4,9,10692,482,-0.03744338488569241,100,1
2024-04-10,2024,4,10,10693,447,-0.11282890432272394,101,2
2024-04-11,2024,4,11,10694,494,-0.012851981748370309,102,3
2024-04-12,2024,4,12,10695,496,-0.008811572211365326,103,4
2024-04-13,2024,4,13,10696,362,-0.32374328711052175,104,5
2024-04-14,2024,4,14,10697,369,-0.3045908548957656,105,6
2024-04-15,2024,4,15,10698,474,-0.05418017724121624,106,0
2024-04-16,2024,4,16,10699,446,-0.11506854691622871,107,1
2024-04-17,2024,4,17,10700,488,-0.025072093083145647,108,2
2024-04-18,2024,4,18,10701,475,-0.05207269490165152,109,3
2024-04-19,2024,4,19,10702,490,-0.020982107831620526,110,4
2024-04-20,2024,4,20,10703,404,-0.21397262097514264,111,5
2024-04-21,2024,4,21,10704,364,-0.3182336312995521,112,6
2024-04-22,2024,4,22,10705,458,-0.0885183148221078,113,0
2024-04-23,2024,4,23,10706,427,-0.15860348570766825,114,1
2024-04-24,2024,4,24,10707,506,0.01114917035117286,115,2
2024-04-25,2024,4,25,10708,471,-0.060529404919874984,116,3
2024-04-26,2024,4,26,10709,487,-0.027123375853703034,117,4
2024-04-27,2024,4,27,10710,353,-0.34891944200299607,118,5
2024-04-28,2024,4,28,10711,381,-0.2725881238095918,119,6
2024-04-29,2024,4,29,10712,460,-0.08416100945315207,120,0
2024-04-30,2024,4,30,10713,517,0.03265537557213635,121,1
2024-05-01,2024,5,1,10714,523,0.04419396512863013,122,2
2024-05-02,2024,5,2,10715,508,0.01509394864218921,123,3
2024-05-03,2024,5,3,10716,527,0.051813049605069564,124,4
2024-05-04,2024,5,4,10717,410,-0.1992303392379392,125,5
2024-05-05,2024,5,5,10718,345,-0.3718430819049331,126,6
2024-05-06,2024,5,6,10719,456,-0.09289468942190668,127,0
2024-05-07,2024,5,7,10720,482,-0.03744338488569241,128,1
2024-05-08,2024,5,8,10721,477,-0.04787100804795151,129,2
2024-05-09,2024,5,9,10722,430,-0.15160229024868468,130,3
2024-05-10,2024,5,10,10723,507,0.01312350465489037,131,4
2024-05-11,2024,5,11,10724,404,-0.21397262097514264,132,5
2024-05-12,2024,5,12,10725,363,-0.320984664671442,133,6
2024-05-13,2024,5,13,10726,502,0.0032126207554365057,134,0
2024-05-14,2024,5,14,10727,523,0.04419396512863013,135,1
2024-05-15,2024,5,15,10728,542,0.07987850250335336,136,2
2024-05-16,2024,5,16,10729,477,-0.04787100804795151,137,3
2024-05-17,2024,5,17,10730,495,-0.01082973636760251,138,4
2024-05-18,2024,5,18,10731,395,-0.23650173403517086,139,5
2024-05-19,2024,5,19,10732,359,-0.3320651104480139,140,6
2024-05-20,2024,5,20,10733,412,-0.19436414958676645,141,0
2024-05-21,2024,5,21,10734,501,0.0012186021485719963,142,1
2024-05-22,2024,5,22,10735,478,-0.04577676644483675,143,2
2024-05-23,2024,5,23,10736,437,-0.13545430384070264,144,3
2024-05-24,2024,5,24,10737,519,0.03651638422959586,145,4
2024-05-25,2024,5,25,10738,418,-0.1799060664115365,146,5
2024-05-26,2024,5,26,10739,379,-0.2778512938538664,147,6
2024-05-27,2024,5,27,10740,453,-0.09949537345325875,148,0
2024-05-28,2024,5,28,10741,520,0.038441312639180374,149,1
2024-05-29,2024,5,29,10742,515,0.028779401727443366,150,2
2024-05-30,2024,5,30,10743,479,-0.043686901525377485,151,3
2024-05-31,2024,5,31,10744,469,-0.06478473049001338,152,4
2024-06-01,2024,6,1,10745,392,-0.2441256591458302,153,5
2024-06-02,2024,6,2,10746,396,-0.2339732876818122,154,6
2024-06-03,2024,6,3,10747,542,0.07987850250335336,155,0
2024-06-04,2024,6,4,10748,478,-0.04577676644483675,156,1
2024-06-05,2024,6,5,10749,507,0.01312350465489037,157,2
2024-06-06,2024,6,6,10750,489,-0.023025009461420796,158,3
2024-06-07,2024,6,7,10751,518,0.03458774332319039,159,4
2024-06-08,2024,6,8,10752,395,-0.23650173403517086,160,5
2024-06-09,2024,6,9,10753,339,-0.38938739155584257,161,6
2024-06-10,2024,6,10,10754,506,0.01114917035117286,162,0
2024-06-11,2024,6,11,10755,498,-0.0047874219116398825,163,1
2024-06-12,2024,6,12,10756,473,-0.056292110444359764,164,2
2024-06-13,2024,6,13,10757,496,-0.008811572211365326,165,3
2024-06-14,2024,6,14,10758,505,0.009170930339067029,166,4
2024-06-15,2024,6,15,10759,394,-0.23903658963835892,167,5
2024-06-16,2024,6,16,10760,384,-0.2647449463485659,168,6
2024-06-17,2024,6,17,10761,480,-0.04160139503435611,169,0
2024-06-18,2024,6,18,10762,493,-0.014878324893602708,170,1
2024-06-19,2024,6,19,10763,442,-0.12407761685859466,171,2
2024-06-20,2024,6,20,10764,515,0.028779401727443366,172,3
2024-06-21,2024,6,21,10765,479,-0.043686901525377485,173,4
2024-06-22,2024,6,22,10766,424,-0.16565404370433506,174,5
2024-06-23,2024,6,23,10767,378,-0.2804933033167051,175,6
2024-06-24,2024,6,24,10768,509,0.017060517614229952,176,0
2024-06-25,2024,6,25,10769,512,0.02293712610321511,177,1
2024-06-26,2024,6,26,10770,505,0.009170930339067029,178,2
2024-06-27,2024,6,27,10771,506,0.01114917035117286,179,3
2024-06-28,2024,6,28,10772,517,0.03265537557213635,180,4
2024-06-29,2024,6,29,10773,397,-0.2314512182491023,181,5
2024-06-30,2024,6,30,10774,393,-0.2415778870670315,182,6
2024-07-01,2024,7,1,10775,451,-0.10392015943361442,183,0
2024-07-02,2024,7,2,10776,497,-0.006797472839664082,184,1
2024-07-03,2024,7,3,10777,489,-0.023025009461420796,185,2
2024-07-04,2024,7,4,10778,452,-0.10170531910406158,186,3
2024-07-05,2024,7,5,10779,530,0.05748950760987465,187,4
2024-07-06,2024,7,6,10780,403,-0.21645093698960974,188,5
2024-07-07,2024,7,7,10781,390,-0.24924075981260063,189,6
2024-07-08,2024,7,8,10782,500,-0.0007794005141010613,190,0
2024-07-09,2024,7,9,10783,510,0.019023226782078777,191,1
2024-07-10,2024,7,10,10784,511,0.020982091267411646,192,2
2024-07-11,2024,7,11,10785,474,-0.05418017724121624,193,3
2024-07-12,2024,7,12,10786,474,-0.05418017724121624,194,4
2024-07-13,2024,7,13,10787,404,-0.21397262097514264,195,5
2024-07-14,2024,7,14,10788,373,-0.29380907929247724,196,6
2024-07-15,2024,7,15,10789,505,0.009170930339067029,197,0
2024-07-16,2024,7,16,10790,487,-0.027123375853703034,198,1
2024-07-17,2024,7,17,10791,485,-0.031238607998809516,199,2
2024-07-18,2024,7,18,10792,529,0.05560093292200662,200,3
2024-07-19,2024,7,19,10793,499,-0.00278140318477414,201,4
2024-07-20,2024,7,20,10794,410,-0.1992303392379392,202,5
2024-07-21,2024,7,21,10795,375,-0.2884614729658819,203,6
2024-07-22,2024,7,22,10796,467,-0.06905824126739543,204,0
2024-07-23,2024,7,23,10797,506,0.01114917035117286,205,1
2024-07-24,2024,7,24,10798,499,-0.00278140318477414,206,2
2024-07-25,2024,7,25,10799,500,-0.0007794005141010613,207,3
2024-07-26,2024,7,26,10800,495,-0.01082973636760251,208,4
2024-07-27,2024,7,27,10801,410,-0.1992303392379392,209,5
2024-07-28,2024,7,28,10802,415,-0.18710897870559454,210,6
2024-07-29,2024,7,29,10803,500,-0.0007794005141010613,211,0
2024-07-30,2024,7,30,10804,512,0.02293712610321511,212,1
2024-07-31,2024,7,31,10805,521,0.040362542817074146,213,2
2024-08-01,2024,8,1,10806,479,-0.043686901525377485,214,3
2024-08-02,2024,8,2,10807,503,0.005202671163446407,215,4
2024-08-03,2024,8,3,10808,408,-0.204120324532131,216,5
2024-08-04,2024,8,4,10809,388,-0.2543821593130193,217,6
2024-08-05,2024,8,5,10810,480,-0.04160139503435611,218,0
2024-08-06,2024,8,6,10811,544,0.08356174791964978,219,1
2024-08-07,2024,8,7,10812,509,0.017060517614229952,220,2
2024-08-08,2024,8,8,10813,517,0.03265537557213635,221,3
2024-08-09,2024,8,9,10814,505,0.009170930339067029,222,4
2024-08-10,2024,8,10,10815,419,-0.1775165790141551,223,5
2024-08-11,2024,8,11,10816,403,-0.21645093698960974,224,6
2024-08-12,2024,8,12,10817,556,0.10538079531428955,225,0
2024-08-13,2024,8,13,10818,526,0.04991371380141699,226,1
2024-08-14,2024,8,14,10819,496,-0.008811572211365326,227,2
2024-08-15,2024,8,15,10820,496,-0.008811572211365326,228,3
2024-08-16,2024,8,16,10821,486,-0.02917887503579906,229,4
2024-08-17,2024,8,17,10822,424,-0.16565404370433506,230,5
2024-08-18,2024,8,18,10823,409,-0.20167234289349095,231,6
2024-08-19,2024,8,19,10824,513,0.02488834623447675,232,0
2024-08-20,2024,8,20,10825,522,0.04228008894634606,233,1
2024-08-21,2024,8,21,10826,503,0.005202671163446407,234,2
2024-08-22,2024,8,22,10827,541,0.07803177991018878,235,3
2024-08-23,2024,8,23,10828,510,0.019023226782078777,236,4
2024-08-24,2024,8,24,10829,417,-0.18230127713749136,237,5
2024-08-25,2024,8,25,10830,377,-0.283142311488282,238,6
2024-08-26,2024,8,26,10831,487,-0.027123375853703034,239,0
2024-08-27,2024,8,27,10832,530,0.05748950760987465,240,1
2024-08-28,2024,8,28,10833,487,-0.027123375853703034,241,2
2024-08-29,2024,8,29,10834,500,-0.0007794005141010613,242,3
2024-08-30,2024,8,30,10835,549,0.09271094257323789,243,4
2024-08-31,2024,8,31,10836,400,-0.22392295182831073,244,5
2024-09-01,2024,9,1,10837,392,-0.2441256591458302,245,6
2024-09-02,2024,9,2,10838,489,-0.023025009461420796,246,0
2024-09-03,2024,9,3,10839,508,0.01509394864218921,247,1
2024-09-04,2024,9,4,10840,572,0.1337514924435051,248,2
2024-09-05,2024,9,5,10841,503,0.005202671163446407,249,3
2024-09-06,2024,9,6,10842,521,0.040362542817074146,250,4
2024-09-07,2024,9,7,10843,410,-0.1992303392379392,251,5
2024-09-08,2024,9,8,10844,380,-0.2752162462158613,252,6
2024-09-09,2024,9,9,10845,530,0.05748950760987465,253,0
2024-09-10,2024,9,10,10846,453,-0.09949537345325875,254,1
2024-09-11,2024,9,11,10847,494,-0.012851981748370309,255,2
2024-09-12,2024,9,12,10848,531,0.05937452230564608,256,3
2024-09-13,2024,9,13,10849,503,0.005202671163446407,257,4
2024-09-14,2024,9,14,10850,400,-0.22392295182831073,258,5
2024-09-15,2024,9,15,10851,388,-0.2543821593130193,259,6
2024-09-16,2024,9,16,10852,493,-0.014878324893602708,260,0
2024-09-17,2024,9,17,10853,530,0.05748950760987465,261,1
2024-09-18,2024,9,18,10854,505,0.009170930339067029,262,2
2024-09-19,2024,9,19,10855,512,0.02293712610321511,263,3
2024-09-20,2024,9,20,10856,587,0.15963732089180377,264,4
2024-09-21,2024,9,21,10857,421,-0.1727546652539114,265,5
2024-09-22,2024,9,22,10858,411,-0.1967942844400581,266,6
2024-09-23,2024,9,23,10859,483,-0.03537084528372003,267,0
2024-09-24,2024,9,24,10860,554,0.10177718781099099,268,1
2024-09-25,2024,9,25,10861,467,-0.06905824126739543,269,2
2024-09-26,2024,9,26,10862,506,0.01114917035117286,270,3
2024-09-27,2024,9,27,10863,512,0.02293712610321511,271,4
2024-09-28,2024,9,28,10864,431,-0.149279408832545,272,5
2024-09-29,2024,9,29,10865,382,-0.26996689032971755,273,6
2024-09-30,2024,9,30,10866,491,-0.01894337114177224,274,0
2024-10-01,2024,10,1,10867,492,-0.016908782443984704,275,1
2024-10-02,2024,10,2,10868,477,-0.04787100804795151,276,2
2024-10-03,2024,10,3,10869,503,0.005202671163446407,277,3
2024-10-04,2024,10,4,10870,469,-0.06478473049001338,278,4
2024-10-05,2024,10,5,10871,394,-0.23903658963835892,279,5
2024-10-06,2024,10,6,10872,362,-0.32374328711052175,280,6
2024-10-07,2024,10,7,10873,479,-0.043686901525377485,281,0
2024-10-08,2024,10,8,10874,474,-0.05418017724121624,282,1
2024-10-09,2024,10,9,10875,498,-0.0047874219116398825,283,2
2024-10-10,2024,10,10,10876,470,-0.06265480423218847,284,3
2024-10-11,2024,10,11,10877,482,-0.03744338488569241,285,4
2024-10-12,2024,10,12,10878,394,-0.23903658963835892,286,5
2024-10-13,2024,10,13,10879,356,-0.34045676808426234,287,6
2024-10-14,2024,10,14,10880,487,-0.027123375853703034,288,0
2024-10-15,2024,10,15,10881,477,-0.04787100804795151,289,1
2024-10-16,2024,10,16,10882,481,-0.03952022883053154,290,2
2024-10-17,2024,10,17,10883,499,-0.00278140318477414,291,3
2024-10-18,2024,10,18,10884,487,-0.027123375853703034,292,4
2024-10-19,2024,10,19,10885,414,-0.18952152511097844,293,5
2024-10-20,2024,10,20,10886,383,-0.2673525097556468,294,6
2024-10-21,2024,10,21,10887,473,-0.056292110444359764,295,0
2024-10-22,2024,10,22,10888,472,-0.05840851335073735,296,1
2024-10-23,2024,10,23,10889,484,-0.03330259221966101,297,2
2024-10-24,2024,10,24,10890,447,-0.11282890432272394,298,3
2024-10-25,2024,10,25,10891,512,0.02293712610321511,299,4
2024-10-26,2024,10,26,10892,378,-0.2804933033167051,300,5
2024-10-27,2024,10,27,10893,348,-0.3631850191618185,301,6
2024-10-28,2024,10,28,10894,470,-0.06265480423218847,302,0
2024-10-29,2024,10,29,10895,476,-0.04996964470487272,303,1
2024-10-30,2024,10,30,10896,478,-0.04577676644483675,304,2
2024-10-31,2024,10,31,10897,419,-0.1775165790141551,305,3
2024-11-01,2024,11,1,10898,507,0.01312350465489037,306,4
2024-11-02,2024,11,2,10899,443,-0.12181772889115713,307,5
2024-11-03,2024,11,3,10900,387,-0.25696280590651094,308,6
2024-11-04,2024,11,4,10901,456,-0.09289468942190668,309,0
2024-11-05,2024,11,5,10902,469,-0.06478473049001338,310,1
2024-11-06,2024,11,6,10903,479,-0.043686901525377485,311,2
2024-11-07,2024,11,7,10904,489,-0.023025009461420796,312,3
2024-11-08,2024,11,8,10905,473,-0.056292110444359764,313,4
2024-11-09,2024,11,9,10906,367,-0.3100256508817225,314,5
2024-11-10,2024,11,10,10907,380,-0.2752162462158613,315,6
2024-11-11,2024,11,11,10908,479,-0.043686901525377485,316,0
2024-11-12,2024,11,12,10909,446,-0.11506854691622871,317,1
2024-11-13,2024,11,13,10910,468,-0.066919203018646,318,2
2024-11-14,2024,11,14,10911,461,-0.08198945593964423,319,3
2024-11-15,2024,11,15,10912,458,-0.0885183148221078,320,4
2024-11-16,2024,11,16,10913,368,-0.30730456076736185,321,5
2024-11-17,2024,11,17,10914,363,-0.320984664671442,322,6
2024-11-18,2024,11,18,10915,420,-0.17513278765887882,323,0
2024-11-19,2024,11,19,10916,482,-0.03744338488569241,324,1
2024-11-20,2024,11,20,10917,469,-0.06478473049001338,325,2
2024-11-21,2024,11,21,10918,477,-0.04787100804795151,326,3
2024-11-22,2024,11,22,10919,512,0.02293712610321511,327,4
2024-11-23,2024,11,23,10920,386,-0.2595501294714619,328,5
2024-11-24,2024,11,24,10921,396,-0.2339732876818122,329,6
2024-11-25,2024,11,25,10922,459,-0.0863372888757476,330,0
2024-11-26,2024,11,26,10923,458,-0.0885183148221078,331,1
2024-11-27,2024,11,27,10924,509,0.017060517614229952,332,2
2024-11-28,2024,11,28,10925,458,-0.0885183148221078,333,3
2024-11-29,2024,11,29,10926,470,-0.06265480423218847,334,4
2024-11-30,2024,11,30,10927,359,-0.3320651104480139,335,5
2024-12-01,2024,12,1,10928,343,-0.3776570517703529,336,6
2024-12-02,2024,12,2,10929,458,-0.0885183148221078,337,0
2024-12-03,2024,12,3,10930,489,-0.023025009461420796,338,1
2024-12-04,2024,12,4,10931,428,-0.156264303354496,339,2
2024-12-05,2024,12,5,10932,418,-0.1799060664115365,340,3
2024-12-06,2024,12,6,10933,453,-0.09949537345325875,341,4
2024-12-07,2024,12,7,10934,343,-0.3776570517703529,342,5
2024-12-08,2024,12,8,10935,368,-0.30730456076736185,343,6
2024-12-09,2024,12,9,10936,421,-0.1727546652539114,344,0
2024-12-10,2024,12,10,10937,477,-0.04787100804795151,345,1
2024-12-11,2024,12,11,10938,451,-0.10392015943361442,346,2
2024-12-12,2024,12,12,10939,468,-0.066919203018646,347,3
2024-12-13,2024,12,13,10940,458,-0.0885183148221078,348,4
2024-12-14,2024,12,14,10941,396,-0.2339732876818122,349,5
2024-12-15,2024,12,15,10942,324,-0.43464398314396335,350,6
2024-12-16,2024,12,16,10943,452,-0.10170531910406158,351,0
2024-12-17,2024,12,17,10944,435,-0.1400414678476087,352,1
2024-12-18,2024,12,18,10945,433,-0.14464977093380296,353,2
2024-12-19,2024,12,19,10946,460,-0.08416100945315207,354,3
2024-12-20,2024,12,20,10947,509,0.017060517614229952,355,4
2024-12-21,2024,12,21,10948,380,-0.2752162462158613,356,5
2024-12-22,2024,12,22,10949,377,-0.283142311488282,357,6
2024-12-23,2024,12,23,10950,472,-0.05840851335073735,358,0
2024-12-24,2024,12,24,10951,512,0.02293712610321511,359,1
2024-12-25,2024,12,25,10952,308,-0.4852877159627183,360,2
2024-12-26,2024,12,26,10953,317,-0.45648572505901214,361,3
2024-12-27,2024,12,27,10954,490,-0.020982107831620526,362,4
2024-12-28,2024,12,28,10955,388,-0.2543821593130193,363,5
2024-12-29,2024,12,29,10956,392,-0.2441256591458302,364,6
2024-12-30,2024,12,30,10957,486,-0.02917887503579906,365,0
2024-12-31,2024,12,31,10958,427,-0.15860348570766825,366,1
