state_index,RegionCode,country_name,time_index,month,month_of_year,cases,observed,population,log_population,x_coord,y_coord
0,AT,Austria,0,2010-01-01,1,2.0,1,8351643.0,15.937968843938123,0.03106080547512504,-0.06278854045119749
0,AT,Austria,1,2010-02-01,2,0.0,1,8351643.0,15.937968843938123,0.03106080547512504,-0.06278854045119749
0,AT,Austria,2,2010-03-01,3,1.0,1,8351643.0,15.937968843938123,0.03106080547512504,-0.06278854045119749
0,AT,Austria,3,2010-04-01,4,2.0,1,8351643.0,15.937968843938123,0.03106080547512504,-0.06278854045119749
0,AT,Austria,4,2010-05-01,5,6.0,1,8351643.0,15.937968843938123,0.03106080547512504,-0.06278854045119749
0,AT,Austria,5,2010-06-01,6,1.0,1,8351643.0,15.937968843938123,0.03106080547512504,-0.06278854045119749
0,AT,Austria,6,2010-07-01,7,,0,8351643.0,15.937968843938123,0.03106080547512504,-0.06278854045119749
0,AT,Austria,7,2010-08-01,8,1.0,1,8351643.0,15.937968843938123,0.03106080547512504,-0.06278854045119749
0,AT,Austria,8,2010-09-01,9,1.0,1,8351643.0,15.937968843938123,0.03106080547512504,-0.06278854045119749
0,AT,Austria,9,2010-10-01,10,0.0,1,8351643.0,15.937968843938123,0.03106080547512504,-0.06278854045119749
0,AT,Austria,10,2010-11-01,11,,0,8351643.0,15.937968843938123,0.03106080547512504,-0.06278854045119749
0,AT,Austria,11,2010-12-01,12,1.0,1,8351643.0,15.937968843938123,0.03106080547512504,-0.06278854045119749
0,AT,Austria,12,2011-01-01,1,2.0,1,8375164.0,15.94078121757323,0.03106080547512504,-0.06278854045119749
0,AT,Austria,13,2011-02-01,2,3.0,1,8375164.0,15.94078121757323,0.03106080547512504,-0.06278854045119749
0,AT,Austria,14,2011-03-01,3,2.0,1,8375164.0,15.94078121757323,0.03106080547512504,-0.06278854045119749
0,AT,Austria,15,2011-04-01,4,4.0,1,8375164.0,15.94078121757323,0.03106080547512504,-0.06278854045119749
0,AT,Austria,16,2011-05-01,5,5.0,1,8375164.0,15.94078121757323,0.03106080547512504,-0.06278854045119749
0,AT,Austria,17,2011-06-01,6,9.0,1,8375164.0,15.94078121757323,0.03106080547512504,-0.06278854045119749
0,AT,Austria,18,2011-07-01,7,3.0,1,8375164.0,15.94078121757323,0.03106080547512504,-0.06278854045119749
0,AT,Austria,19,2011-08-01,8,,0,8375164.0,15.94078121757323,0.03106080547512504,-0.06278854045119749
0,AT,Austria,20,2011-09-01,9,,0,8375164.0,15.94078121757323,0.03106080547512504,-0.06278854045119749
0,AT,Austria,21,2011-10-01,10,,0,8375164.0,15.94078121757323,0.03106080547512504,-0.06278854045119749
0,AT,Austria,22,2011-11-01,11,9.0,1,8375164.0,15.94078121757323,0.03106080547512504,-0.06278854045119749
0,AT,Austria,23,2011-12-01,12,1.0,1,8375164.0,15.94078121757323,0.03106080547512504,-0.06278854045119749
0,AT,Austria,24,2012-01-01,1,2.0,1,8408121.0,15.944708582491511,0.03106080547512504,-0.06278854045119749
0,AT,Austria,25,2012-02-01,2,2.0,1,8408121.0,15.944708582491511,0.03106080547512504,-0.06278854045119749
0,AT,Austria,26,2012-03-01,3,4.0,1,8408121.0,15.944708582491511,0.03106080547512504,-0.06278854045119749
0,AT,Austria,27,2012-04-01,4,1.0,1,8408121.0,15.944708582491511,0.03106080547512504,-0.06278854045119749
0,AT,Austria,28,2012-05-01,5,2.0,1,8408121.0,15.944708582491511,0.03106080547512504,-0.06278854045119749
0,AT,Austria,29,2012-06-01,6,3.0,1,8408121.0,15.944708582491511,0.03106080547512504,-0.06278854045119749
0,AT,Austria,30,2012-07-01,7,1.0,1,8408121.0,15.944708582491511,0.03106080547512504,-0.06278854045119749
0,AT,Austria,31,2012-08-01,8,3.0,1,8408121.0,15.944708582491511,0.03106080547512504,-0.06278854045119749
0,AT,Austria,32,2012-09-01,9,0.0,1,8408121.0,15.944708582491511,0.03106080547512504,-0.06278854045119749
0,AT,Austria,33,2012-10-01,10,2.0,1,8408121.0,15.944708582491511,0.03106080547512504,-0.06278854045119749
0,AT,Austria,34,2012-11-01,11,0.0,1,8408121.0,15.944708582491511,0.03106080547512504,-0.06278854045119749
0,AT,Austria,35,2012-12-01,12,0.0,1,8408121.0,15.944708582491511,0.03106080547512504,-0.06278854045119749
0,AT,Austria,36,2013-01-01,1,1.0,1,8451860.0,15.949897093454064,0.03106080547512504,-0.06278854045119749
0,AT,Austria,37,2013-02-01,2,7.0,1,8451860.0,15.949897093454064,0.03106080547512504,-0.06278854045119749
0,AT,Austria,38,2013-03-01,3,2.0,1,8451860.0,15.949897093454064,0.03106080547512504,-0.06278854045119749
0,AT,Austria,39,2013-04-01,4,8.0,1,8451860.0,15.949897093454064,0.03106080547512504,-0.06278854045119749
0,AT,Austria,40,2013-05-01,5,11.0,1,8451860.0,15.949897093454064,0.03106080547512504,-0.06278854045119749
0,AT,Austria,41,2013-06-01,6,4.0,1,8451860.0,15.949897093454064,0.03106080547512504,-0.06278854045119749
0,AT,Austria,42,2013-07-01,7,0.0,1,8451860.0,15.949897093454064,0.03106080547512504,-0.06278854045119749
0,AT,Austria,43,2013-08-01,8,4.0,1,8451860.0,15.949897093454064,0.03106080547512504,-0.06278854045119749
0,AT,Austria,44,2013-09-01,9,1.0,1,8451860.0,15.949897093454064,0.03106080547512504,-0.06278854045119749
0,AT,Austria,45,2013-10-01,10,7.0,1,8451860.0,15.949897093454064,0.03106080547512504,-0.06278854045119749
0,AT,Austria,46,2013-11-01,11,1.0,1,8451860.0,15.949897093454064,0.03106080547512504,-0.06278854045119749
0,AT,Austria,47,2013-12-01,12,5.0,1,8451860.0,15.949897093454064,0.03106080547512504,-0.06278854045119749
0,AT,Austria,48,2014-01-01,1,16.0,1,8507786.0,15.956492302188561,0.03106080547512504,-0.06278854045119749
0,AT,Austria,49,2014-02-01,2,9.0,1,8507786.0,15.956492302188561,0.03106080547512504,-0.06278854045119749
0,AT,Austria,50,2014-03-01,3,8.0,1,8507786.0,15.956492302188561,0.03106080547512504,-0.06278854045119749
0,AT,Austria,51,2014-04-01,4,4.0,1,8507786.0,15.956492302188561,0.03106080547512504,-0.06278854045119749
0,AT,Austria,52,2014-05-01,5,8.0,1,8507786.0,15.956492302188561,0.03106080547512504,-0.06278854045119749
0,AT,Austria,53,2014-06-01,6,20.0,1,8507786.0,15.956492302188561,0.03106080547512504,-0.06278854045119749
0,AT,Austria,54,2014-07-01,7,4.0,1,8507786.0,15.956492302188561,0.03106080547512504,-0.06278854045119749
0,AT,Austria,55,2014-08-01,8,0.0,1,8507786.0,15.956492302188561,0.03106080547512504,-0.06278854045119749
0,AT,Austria,56,2014-09-01,9,0.0,1,8507786.0,15.956492302188561,0.03106080547512504,-0.06278854045119749
0,AT,Austria,57,2014-10-01,10,3.0,1,8507786.0,15.956492302188561,0.03106080547512504,-0.06278854045119749
0,AT,Austria,58,2014-11-01,11,5.0,1,8507786.0,15.956492302188561,0.03106080547512504,-0.06278854045119749
0,AT,Austria,59,2014-12-01,12,17.0,1,8507786.0,15.956492302188561,0.03106080547512504,-0.06278854045119749
0,AT,Austria,60,2015-01-01,1,27.0,1,8584926.0,15.965518432591065,0.03106080547512504,-0.06278854045119749
0,AT,Austria,61,2015-02-01,2,22.0,1,8584926.0,15.965518432591065,0.03106080547512504,-0.06278854045119749
0,AT,Austria,62,2015-03-01,3,38.0,1,8584926.0,15.965518432591065,0.03106080547512504,-0.06278854045119749
0,AT,Austria,63,2015-04-01,4,39.0,1,8584926.0,15.965518432591065,0.03106080547512504,-0.06278854045119749
0,AT,Austria,64,2015-05-01,5,55.0,1,8584926.0,15.965518432591065,0.03106080547512504,-0.06278854045119749
0,AT,Austria,65,2015-06-01,6,35.0,1,8584926.0,15.965518432591065,0.03106080547512504,-0.06278854045119749
0,AT,Austria,66,2015-07-01,7,6.0,1,8584926.0,15.965518432591065,0.03106080547512504,-0.06278854045119749
0,AT,Austria,67,2015-08-01,8,3.0,1,8584926.0,15.965518432591065,0.03106080547512504,-0.06278854045119749
0,AT,Austria,68,2015-09-01,9,1.0,1,8584926.0,15.965518432591065,0.03106080547512504,-0.06278854045119749
0,AT,Austria,69,2015-10-01,10,0.0,1,8584926.0,15.965518432591065,0.03106080547512504,-0.06278854045119749
0,AT,Austria,70,2015-11-01,11,2.0,1,8584926.0,15.965518432591065,0.03106080547512504,-0.06278854045119749
0,AT,Austria,71,2015-12-01,12,2.0,1,8584926.0,15.965518432591065,0.03106080547512504,-0.06278854045119749
0,AT,Austria,72,2016-01-01,1,0.0,1,8700471.0,15.978887720090441,0.03106080547512504,-0.06278854045119749
0,AT,Austria,73,2016-02-01,2,0.0,1,8700471.0,15.978887720090441,0.03106080547512504,-0.06278854045119749
0,AT,Austria,74,2016-03-01,3,0.0,1,8700471.0,15.978887720090441,0.03106080547512504,-0.06278854045119749
0,AT,Austria,75,2016-04-01,4,2.0,1,8700471.0,15.978887720090441,0.03106080547512504,-0.06278854045119749
0,AT,Austria,76,2016-05-01,5,1.0,1,8700471.0,15.978887720090441,0.03106080547512504,-0.06278854045119749
0,AT,Austria,77,2016-06-01,6,1.0,1,8700471.0,15.978887720090441,0.03106080547512504,-0.06278854045119749
0,AT,Austria,78,2016-07-01,7,8.0,1,8700471.0,15.978887720090441,0.03106080547512504,-0.06278854045119749
0,AT,Austria,79,2016-08-01,8,2.0,1,8700471.0,15.978887720090441,0.03106080547512504,-0.06278854045119749
0,AT,Austria,80,2016-09-01,9,3.0,1,8700471.0,15.978887720090441,0.03106080547512504,-0.06278854045119749
0,AT,Austria,81,2016-10-01,10,3.0,1,8700471.0,15.978887720090441,0.03106080547512504,-0.06278854045119749
0,AT,Austria,82,2016-11-01,11,1.0,1,8700471.0,15.978887720090441,0.03106080547512504,-0.06278854045119749
0,AT,Austria,83,2016-12-01,12,4.0,1,8700471.0,15.978887720090441,0.03106080547512504,-0.06278854045119749
0,AT,Austria,84,2017-01-01,1,26.0,1,8772865.0,15.987173992869474,0.03106080547512504,-0.06278854045119749
0,AT,Austria,85,2017-02-01,2,29.0,1,8772865.0,15.987173992869474,0.03106080547512504,-0.06278854045119749
0,AT,Austria,86,2017-03-01,3,5.0,1,8772865.0,15.987173992869474,0.03106080547512504,-0.06278854045119749
0,AT,Austria,87,2017-04-01,4,2.0,1,8772865.0,15.987173992869474,0.03106080547512504,-0.06278854045119749
0,AT,Austria,88,2017-05-01,5,5.0,1,8772865.0,15.987173992869474,0.03106080547512504,-0.06278854045119749
0,AT,Austria,89,2017-06-01,6,1.0,1,8772865.0,15.987173992869474,0.03106080547512504,-0.06278854045119749
0,AT,Austria,90,2017-07-01,7,2.0,1,8772865.0,15.987173992869474,0.03106080547512504,-0.06278854045119749
0,AT,Austria,91,2017-08-01,8,2.0,1,8772865.0,15.987173992869474,0.03106080547512504,-0.06278854045119749
0,AT,Austria,92,2017-09-01,9,1.0,1,8772865.0,15.987173992869474,0.03106080547512504,-0.06278854045119749
0,AT,Austria,93,2017-10-01,10,2.0,1,8772865.0,15.987173992869474,0.03106080547512504,-0.06278854045119749
0,AT,Austria,94,2017-11-01,11,7.0,1,8772865.0,15.987173992869474,0.03106080547512504,-0.06278854045119749
0,AT,Austria,95,2017-12-01,12,1.0,1,8772865.0,15.987173992869474,0.03106080547512504,-0.06278854045119749
0,AT,Austria,96,2018-01-01,1,2.0,1,8822267.0,15.992789424435015,0.03106080547512504,-0.06278854045119749
0,AT,Austria,97,2018-02-01,2,5.0,1,8822267.0,15.992789424435015,0.03106080547512504,-0.06278854045119749
0,AT,Austria,98,2018-03-01,3,15.0,1,8822267.0,15.992789424435015,0.03106080547512504,-0.06278854045119749
0,AT,Austria,99,2018-04-01,4,15.0,1,8822267.0,15.992789424435015,0.03106080547512504,-0.06278854045119749
0,AT,Austria,100,2018-05-01,5,12.0,1,8822267.0,15.992789424435015,0.03106080547512504,-0.06278854045119749
0,AT,Austria,101,2018-06-01,6,6.0,1,8822267.0,15.992789424435015,0.03106080547512504,-0.06278854045119749
0,AT,Austria,102,2018-07-01,7,1.0,1,8822267.0,15.992789424435015,0.03106080547512504,-0.06278854045119749
0,AT,Austria,103,2018-08-01,8,3.0,1,8822267.0,15.992789424435015,0.03106080547512504,-0.06278854045119749
0,AT,Austria,104,2018-09-01,9,6.0,1,8822267.0,15.992789424435015,0.03106080547512504,-0.06278854045119749
0,AT,Austria,105,2018-10-01,10,0.0,1,8822267.0,15.992789424435015,0.03106080547512504,-0.06278854045119749
0,AT,Austria,106,2018-11-01,11,4.0,1,8822267.0,15.992789424435015,0.03106080547512504,-0.06278854045119749
0,AT,Austria,107,2018-12-01,12,1.0,1,8822267.0,15.992789424435015,0.03106080547512504,-0.06278854045119749
0,AT,Austria,108,2019-01-01,1,23.0,1,8858775.0,15.996919051171197,0.03106080547512504,-0.06278854045119749
0,AT,Austria,109,2019-02-01,2,29.0,1,8858775.0,15.996919051171197,0.03106080547512504,-0.06278854045119749
0,AT,Austria,110,2019-03-01,3,1.0,1,8858775.0,15.996919051171197,0.03106080547512504,-0.06278854045119749
0,AT,Austria,111,2019-04-01,4,24.0,1,8858775.0,15.996919051171197,0.03106080547512504,-0.06278854045119749
0,AT,Austria,112,2019-05-01,5,36.0,1,8858775.0,15.996919051171197,0.03106080547512504,-0.06278854045119749
0,AT,Austria,113,2019-06-01,6,8.0,1,8858775.0,15.996919051171197,0.03106080547512504,-0.06278854045119749
0,AT,Austria,114,2019-07-01,7,4.0,1,8858775.0,15.996919051171197,0.03106080547512504,-0.06278854045119749
0,AT,Austria,115,2019-08-01,8,7.0,1,8858775.0,15.996919051171197,0.03106080547512504,-0.06278854045119749
0,AT,Austria,116,2019-09-01,9,1.0,1,8858775.0,15.996919051171197,0.03106080547512504,-0.06278854045119749
0,AT,Austria,117,2019-10-01,10,2.0,1,8858775.0,15.996919051171197,0.03106080547512504,-0.06278854045119749
0,AT,Austria,118,2019-11-01,11,2.0,1,8858775.0,15.996919051171197,0.03106080547512504,-0.06278854045119749
0,AT,Austria,119,2019-12-01,12,3.0,1,8858775.0,15.996919051171197,0.03106080547512504,-0.06278854045119749
1,BE,Belgium,0,2010-01-01,1,1.0,1,10839905.0,16.198744790099735,-0.1597788891813635,0.03444225762614216
1,BE,Belgium,1,2010-02-01,2,0.0,1,10839905.0,16.198744790099735,-0.1597788891813635,0.03444225762614216
1,BE,Belgium,2,2010-03-01,3,1.0,1,10839905.0,16.198744790099735,-0.1597788891813635,0.03444225762614216
1,BE,Belgium,3,2010-04-01,4,7.0,1,10839905.0,16.198744790099735,-0.1597788891813635,0.03444225762614216
1,BE,Belgium,4,2010-05-01,5,4.0,1,10839905.0,16.198744790099735,-0.1597788891813635,0.03444225762614216
1,BE,Belgium,5,2010-06-01,6,4.0,1,10839905.0,16.198744790099735,-0.1597788891813635,0.03444225762614216
1,BE,Belgium,6,2010-07-01,7,3.0,1,10839905.0,16.198744790099735,-0.1597788891813635,0.03444225762614216
1,BE,Belgium,7,2010-08-01,8,9.0,1,10839905.0,16.198744790099735,-0.1597788891813635,0.03444225762614216
1,BE,Belgium,8,2010-09-01,9,1.0,1,10839905.0,16.198744790099735,-0.1597788891813635,0.03444225762614216
1,BE,Belgium,9,2010-10-01,10,0.0,1,10839905.0,16.198744790099735,-0.1597788891813635,0.03444225762614216
1,BE,Belgium,10,2010-11-01,11,0.0,1,10839905.0,16.198744790099735,-0.1597788891813635,0.03444225762614216
1,BE,Belgium,11,2010-12-01,12,0.0,1,10839905.0,16.198744790099735,-0.1597788891813635,0.03444225762614216
1,BE,Belgium,12,2011-01-01,1,0.0,1,11000638.0,16.21346382908071,-0.1597788891813635,0.03444225762614216
1,BE,Belgium,13,2011-02-01,2,3.0,1,11000638.0,16.21346382908071,-0.1597788891813635,0.03444225762614216
1,BE,Belgium,14,2011-03-01,3,59.0,1,11000638.0,16.21346382908071,-0.1597788891813635,0.03444225762614216
1,BE,Belgium,15,2011-04-01,4,53.0,1,11000638.0,16.21346382908071,-0.1597788891813635,0.03444225762614216
1,BE,Belgium,16,2011-05-01,5,121.0,1,11000638.0,16.21346382908071,-0.1597788891813635,0.03444225762614216
1,BE,Belgium,17,2011-06-01,6,94.0,1,11000638.0,16.21346382908071,-0.1597788891813635,0.03444225762614216
1,BE,Belgium,18,2011-07-01,7,44.0,1,11000638.0,16.21346382908071,-0.1597788891813635,0.03444225762614216
1,BE,Belgium,19,2011-08-01,8,14.0,1,11000638.0,16.21346382908071,-0.1597788891813635,0.03444225762614216
1,BE,Belgium,20,2011-09-01,9,6.0,1,11000638.0,16.21346382908071,-0.1597788891813635,0.03444225762614216
1,BE,Belgium,21,2011-10-01,10,0.0,1,11000638.0,16.21346382908071,-0.1597788891813635,0.03444225762614216
1,BE,Belgium,22,2011-11-01,11,13.0,1,11000638.0,16.21346382908071,-0.1597788891813635,0.03444225762614216
1,BE,Belgium,23,2011-12-01,12,8.0,1,11000638.0,16.21346382908071,-0.1597788891813635,0.03444225762614216
1,BE,Belgium,24,2012-01-01,1,6.0,1,11075889.0,16.2202811415543,-0.1597788891813635,0.03444225762614216
1,BE,Belgium,25,2012-02-01,2,7.0,1,11075889.0,16.2202811415543,-0.1597788891813635,0.03444225762614216
1,BE,Belgium,26,2012-03-01,3,3.0,1,11075889.0,16.2202811415543,-0.1597788891813635,0.03444225762614216
1,BE,Belgium,27,2012-04-01,4,4.0,1,11075889.0,16.2202811415543,-0.1597788891813635,0.03444225762614216
1,BE,Belgium,28,2012-05-01,5,9.0,1,11075889.0,16.2202811415543,-0.1597788891813635,0.03444225762614216
1,BE,Belgium,29,2012-06-01,6,8.0,1,11075889.0,16.2202811415543,-0.1597788891813635,0.03444225762614216
1,BE,Belgium,30,2012-07-01,7,4.0,1,11075889.0,16.2202811415543,-0.1597788891813635,0.03444225762614216
1,BE,Belgium,31,2012-08-01,8,1.0,1,11075889.0,16.2202811415543,-0.1597788891813635,0.03444225762614216
1,BE,Belgium,32,2012-09-01,9,3.0,1,11075889.0,16.2202811415543,-0.1597788891813635,0.03444225762614216
1,BE,Belgium,33,2012-10-01,10,1.0,1,11075889.0,16.2202811415543,-0.1597788891813635,0.03444225762614216
1,BE,Belgium,34,2012-11-01,11,4.0,1,11075889.0,16.2202811415543,-0.1597788891813635,0.03444225762614216
1,BE,Belgium,35,2012-12-01,12,1.0,1,11075889.0,16.2202811415543,-0.1597788891813635,0.03444225762614216
1,BE,Belgium,36,2013-01-01,1,2.0,1,11137974.0,16.225870908778155,-0.1597788891813635,0.03444225762614216
1,BE,Belgium,37,2013-02-01,2,1.0,1,11137974.0,16.225870908778155,-0.1597788891813635,0.03444225762614216
1,BE,Belgium,38,2013-03-01,3,4.0,1,11137974.0,16.225870908778155,-0.1597788891813635,0.03444225762614216
1,BE,Belgium,39,2013-04-01,4,4.0,1,11137974.0,16.225870908778155,-0.1597788891813635,0.03444225762614216
1,BE,Belgium,40,2013-05-01,5,9.0,1,11137974.0,16.225870908778155,-0.1597788891813635,0.03444225762614216
1,BE,Belgium,41,2013-06-01,6,3.0,1,11137974.0,16.225870908778155,-0.1597788891813635,0.03444225762614216
1,BE,Belgium,42,2013-07-01,7,2.0,1,11137974.0,16.225870908778155,-0.1597788891813635,0.03444225762614216
1,BE,Belgium,43,2013-08-01,8,1.0,1,11137974.0,16.225870908778155,-0.1597788891813635,0.03444225762614216
1,BE,Belgium,44,2013-09-01,9,2.0,1,11137974.0,16.225870908778155,-0.1597788891813635,0.03444225762614216
1,BE,Belgium,45,2013-10-01,10,1.0,1,11137974.0,16.225870908778155,-0.1597788891813635,0.03444225762614216
1,BE,Belgium,46,2013-11-01,11,1.0,1,11137974.0,16.225870908778155,-0.1597788891813635,0.03444225762614216
1,BE,Belgium,47,2013-12-01,12,1.0,1,11137974.0,16.225870908778155,-0.1597788891813635,0.03444225762614216
1,BE,Belgium,48,2014-01-01,1,1.0,1,11180840.0,16.229712157036953,-0.1597788891813635,0.03444225762614216
1,BE,Belgium,49,2014-02-01,2,1.0,1,11180840.0,16.229712157036953,-0.1597788891813635,0.03444225762614216
1,BE,Belgium,50,2014-03-01,3,4.0,1,11180840.0,16.229712157036953,-0.1597788891813635,0.03444225762614216
1,BE,Belgium,51,2014-04-01,4,8.0,1,11180840.0,16.229712157036953,-0.1597788891813635,0.03444225762614216
1,BE,Belgium,52,2014-05-01,5,29.0,1,11180840.0,16.229712157036953,-0.1597788891813635,0.03444225762614216
1,BE,Belgium,53,2014-06-01,6,0.0,1,11180840.0,16.229712157036953,-0.1597788891813635,0.03444225762614216
1,BE,Belgium,54,2014-07-01,7,0.0,1,11180840.0,16.229712157036953,-0.1597788891813635,0.03444225762614216
1,BE,Belgium,55,2014-08-01,8,1.0,1,11180840.0,16.229712157036953,-0.1597788891813635,0.03444225762614216
1,BE,Belgium,56,2014-09-01,9,2.0,1,11180840.0,16.229712157036953,-0.1597788891813635,0.03444225762614216
1,BE,Belgium,57,2014-10-01,10,2.0,1,11180840.0,16.229712157036953,-0.1597788891813635,0.03444225762614216
1,BE,Belgium,58,2014-11-01,11,4.0,1,11180840.0,16.229712157036953,-0.1597788891813635,0.03444225762614216
1,BE,Belgium,59,2014-12-01,12,6.0,1,11180840.0,16.229712157036953,-0.1597788891813635,0.03444225762614216
1,BE,Belgium,60,2015-01-01,1,5.0,1,11237274.0,16.234746846325073,-0.1597788891813635,0.03444225762614216
1,BE,Belgium,61,2015-02-01,2,5.0,1,11237274.0,16.234746846325073,-0.1597788891813635,0.03444225762614216
1,BE,Belgium,62,2015-03-01,3,4.0,1,11237274.0,16.234746846325073,-0.1597788891813635,0.03444225762614216
1,BE,Belgium,63,2015-04-01,4,2.0,1,11237274.0,16.234746846325073,-0.1597788891813635,0.03444225762614216
1,BE,Belgium,64,2015-05-01,5,11.0,1,11237274.0,16.234746846325073,-0.1597788891813635,0.03444225762614216
1,BE,Belgium,65,2015-06-01,6,2.0,1,11237274.0,16.234746846325073,-0.1597788891813635,0.03444225762614216
1,BE,Belgium,66,2015-07-01,7,0.0,1,11237274.0,16.234746846325073,-0.1597788891813635,0.03444225762614216
1,BE,Belgium,67,2015-08-01,8,0.0,1,11237274.0,16.234746846325073,-0.1597788891813635,0.03444225762614216
1,BE,Belgium,68,2015-09-01,9,0.0,1,11237274.0,16.234746846325073,-0.1597788891813635,0.03444225762614216
1,BE,Belgium,69,2015-10-01,10,3.0,1,11237274.0,16.234746846325073,-0.1597788891813635,0.03444225762614216
1,BE,Belgium,70,2015-11-01,11,2.0,1,11237274.0,16.234746846325073,-0.1597788891813635,0.03444225762614216
1,BE,Belgium,71,2015-12-01,12,1.0,1,11237274.0,16.234746846325073,-0.1597788891813635,0.03444225762614216
1,BE,Belgium,72,2016-01-01,1,2.0,1,11311117.0,16.241296605373027,-0.1597788891813635,0.03444225762614216
1,BE,Belgium,73,2016-02-01,2,5.0,1,11311117.0,16.241296605373027,-0.1597788891813635,0.03444225762614216
1,BE,Belgium,74,2016-03-01,3,15.0,1,11311117.0,16.241296605373027,-0.1597788891813635,0.03444225762614216
1,BE,Belgium,75,2016-04-01,4,10.0,1,11311117.0,16.241296605373027,-0.1597788891813635,0.03444225762614216
1,BE,Belgium,76,2016-05-01,5,14.0,1,11311117.0,16.241296605373027,-0.1597788891813635,0.03444225762614216
1,BE,Belgium,77,2016-06-01,6,7.0,1,11311117.0,16.241296605373027,-0.1597788891813635,0.03444225762614216
1,BE,Belgium,78,2016-07-01,7,1.0,1,11311117.0,16.241296605373027,-0.1597788891813635,0.03444225762614216
1,BE,Belgium,79,2016-08-01,8,0.0,1,11311117.0,16.241296605373027,-0.1597788891813635,0.03444225762614216
1,BE,Belgium,80,2016-09-01,9,3.0,1,11311117.0,16.241296605373027,-0.1597788891813635,0.03444225762614216
1,BE,Belgium,81,2016-10-01,10,0.0,1,11311117.0,16.241296605373027,-0.1597788891813635,0.03444225762614216
1,BE,Belgium,82,2016-11-01,11,2.0,1,11311117.0,16.241296605373027,-0.1597788891813635,0.03444225762614216
1,BE,Belgium,83,2016-12-01,12,3.0,1,11311117.0,16.241296605373027,-0.1597788891813635,0.03444225762614216
1,BE,Belgium,84,2017-01-01,1,25.0,1,11351727.0,16.24488044890705,-0.1597788891813635,0.03444225762614216
1,BE,Belgium,85,2017-02-01,2,45.0,1,11351727.0,16.24488044890705,-0.1597788891813635,0.03444225762614216
1,BE,Belgium,86,2017-03-01,3,88.0,1,11351727.0,16.24488044890705,-0.1597788891813635,0.03444225762614216
1,BE,Belgium,87,2017-04-01,4,28.0,1,11351727.0,16.24488044890705,-0.1597788891813635,0.03444225762614216
1,BE,Belgium,88,2017-05-01,5,17.0,1,11351727.0,16.24488044890705,-0.1597788891813635,0.03444225762614216
1,BE,Belgium,89,2017-06-01,6,23.0,1,11351727.0,16.24488044890705,-0.1597788891813635,0.03444225762614216
1,BE,Belgium,90,2017-07-01,7,13.0,1,11351727.0,16.24488044890705,-0.1597788891813635,0.03444225762614216
1,BE,Belgium,91,2017-08-01,8,0.0,1,11351727.0,16.24488044890705,-0.1597788891813635,0.03444225762614216
1,BE,Belgium,92,2017-09-01,9,1.0,1,11351727.0,16.24488044890705,-0.1597788891813635,0.03444225762614216
1,BE,Belgium,93,2017-10-01,10,0.0,1,11351727.0,16.24488044890705,-0.1597788891813635,0.03444225762614216
1,BE,Belgium,94,2017-11-01,11,2.0,1,11351727.0,16.24488044890705,-0.1597788891813635,0.03444225762614216
1,BE,Belgium,95,2017-12-01,12,1.0,1,11351727.0,16.24488044890705,-0.1597788891813635,0.03444225762614216
1,BE,Belgium,96,2018-01-01,1,1.0,1,11398589.0,16.249000133774523,-0.1597788891813635,0.03444225762614216
1,BE,Belgium,97,2018-02-01,2,6.0,1,11398589.0,16.249000133774523,-0.1597788891813635,0.03444225762614216
1,BE,Belgium,98,2018-03-01,3,9.0,1,11398589.0,16.249000133774523,-0.1597788891813635,0.03444225762614216
1,BE,Belgium,99,2018-04-01,4,10.0,1,11398589.0,16.249000133774523,-0.1597788891813635,0.03444225762614216
1,BE,Belgium,100,2018-05-01,5,17.0,1,11398589.0,16.249000133774523,-0.1597788891813635,0.03444225762614216
1,BE,Belgium,101,2018-06-01,6,14.0,1,11398589.0,16.249000133774523,-0.1597788891813635,0.03444225762614216
1,BE,Belgium,102,2018-07-01,7,3.0,1,11398589.0,16.249000133774523,-0.1597788891813635,0.03444225762614216
1,BE,Belgium,103,2018-08-01,8,11.0,1,11398589.0,16.249000133774523,-0.1597788891813635,0.03444225762614216
1,BE,Belgium,104,2018-09-01,9,12.0,1,11398589.0,16.249000133774523,-0.1597788891813635,0.03444225762614216
1,BE,Belgium,105,2018-10-01,10,4.0,1,11398589.0,16.249000133774523,-0.1597788891813635,0.03444225762614216
1,BE,Belgium,106,2018-11-01,11,5.0,1,11398589.0,16.249000133774523,-0.1597788891813635,0.03444225762614216
1,BE,Belgium,107,2018-12-01,12,3.0,1,11398589.0,16.249000133774523,-0.1597788891813635,0.03444225762614216
1,BE,Belgium,108,2019-01-01,1,14.0,1,11455519.0,16.253982180569253,-0.1597788891813635,0.03444225762614216
1,BE,Belgium,109,2019-02-01,2,78.0,1,11455519.0,16.253982180569253,-0.1597788891813635,0.03444225762614216
1,BE,Belgium,110,2019-03-01,3,54.0,1,11455519.0,16.253982180569253,-0.1597788891813635,0.03444225762614216
1,BE,Belgium,111,2019-04-01,4,29.0,1,11455519.0,16.253982180569253,-0.1597788891813635,0.03444225762614216
1,BE,Belgium,112,2019-05-01,5,70.0,1,11455519.0,16.253982180569253,-0.1597788891813635,0.03444225762614216
1,BE,Belgium,113,2019-06-01,6,55.0,1,11455519.0,16.253982180569253,-0.1597788891813635,0.03444225762614216
1,BE,Belgium,114,2019-07-01,7,23.0,1,11455519.0,16.253982180569253,-0.1597788891813635,0.03444225762614216
1,BE,Belgium,115,2019-08-01,8,9.0,1,11455519.0,16.253982180569253,-0.1597788891813635,0.03444225762614216
1,BE,Belgium,116,2019-09-01,9,9.0,1,11455519.0,16.253982180569253,-0.1597788891813635,0.03444225762614216
1,BE,Belgium,117,2019-10-01,10,20.0,1,11455519.0,16.253982180569253,-0.1597788891813635,0.03444225762614216
1,BE,Belgium,118,2019-11-01,11,16.0,1,11455519.0,16.253982180569253,-0.1597788891813635,0.03444225762614216
1,BE,Belgium,119,2019-12-01,12,5.0,1,11455519.0,16.253982180569253,-0.1597788891813635,0.03444225762614216
2,BG,Bulgaria,0,2010-01-01,1,2311.0,1,7421766.0,15.81992759221561,0.23716767570413266,-0.20421515583641883
2,BG,Bulgaria,1,2010-02-01,2,2626.0,1,7421766.0,15.81992759221561,0.23716767570413266,-0.20421515583641883
2,BG,Bulgaria,2,2010-03-01,3,5741.0,1,7421766.0,15.81992759221561,0.23716767570413266,-0.20421515583641883
2,BG,Bulgaria,3,2010-04-01,4,4884.0,1,7421766.0,15.81992759221561,0.23716767570413266,-0.20421515583641883
2,BG,Bulgaria,4,2010-05-01,5,3566.0,1,7421766.0,15.81992759221561,0.23716767570413266,-0.20421515583641883
2,BG,Bulgaria,5,2010-06-01,6,1978.0,1,7421766.0,15.81992759221561,0.23716767570413266,-0.20421515583641883
2,BG,Bulgaria,6,2010-07-01,7,502.0,1,7421766.0,15.81992759221561,0.23716767570413266,-0.20421515583641883
2,BG,Bulgaria,7,2010-08-01,8,178.0,1,7421766.0,15.81992759221561,0.23716767570413266,-0.20421515583641883
2,BG,Bulgaria,8,2010-09-01,9,67.0,1,7421766.0,15.81992759221561,0.23716767570413266,-0.20421515583641883
2,BG,Bulgaria,9,2010-10-01,10,35.0,1,7421766.0,15.81992759221561,0.23716767570413266,-0.20421515583641883
2,BG,Bulgaria,10,2010-11-01,11,52.0,1,7421766.0,15.81992759221561,0.23716767570413266,-0.20421515583641883
2,BG,Bulgaria,11,2010-12-01,12,65.0,1,7421766.0,15.81992759221561,0.23716767570413266,-0.20421515583641883
2,BG,Bulgaria,12,2011-01-01,1,0.0,1,7369431.0,15.812851056300401,0.23716767570413266,-0.20421515583641883
2,BG,Bulgaria,13,2011-02-01,2,0.0,1,7369431.0,15.812851056300401,0.23716767570413266,-0.20421515583641883
2,BG,Bulgaria,14,2011-03-01,3,9.0,1,7369431.0,15.812851056300401,0.23716767570413266,-0.20421515583641883
2,BG,Bulgaria,15,2011-04-01,4,5.0,1,7369431.0,15.812851056300401,0.23716767570413266,-0.20421515583641883
2,BG,Bulgaria,16,2011-05-01,5,14.0,1,7369431.0,15.812851056300401,0.23716767570413266,-0.20421515583641883
2,BG,Bulgaria,17,2011-06-01,6,1.0,1,7369431.0,15.812851056300401,0.23716767570413266,-0.20421515583641883
2,BG,Bulgaria,18,2011-07-01,7,0.0,1,7369431.0,15.812851056300401,0.23716767570413266,-0.20421515583641883
2,BG,Bulgaria,19,2011-08-01,8,0.0,1,7369431.0,15.812851056300401,0.23716767570413266,-0.20421515583641883
2,BG,Bulgaria,20,2011-09-01,9,1.0,1,7369431.0,15.812851056300401,0.23716767570413266,-0.20421515583641883
2,BG,Bulgaria,21,2011-10-01,10,0.0,1,7369431.0,15.812851056300401,0.23716767570413266,-0.20421515583641883
2,BG,Bulgaria,22,2011-11-01,11,1.0,1,7369431.0,15.812851056300401,0.23716767570413266,-0.20421515583641883
2,BG,Bulgaria,23,2011-12-01,12,0.0,1,7369431.0,15.812851056300401,0.23716767570413266,-0.20421515583641883
2,BG,Bulgaria,24,2012-01-01,1,0.0,1,7327224.0,15.807107284532304,0.23716767570413266,-0.20421515583641883
2,BG,Bulgaria,25,2012-02-01,2,0.0,1,7327224.0,15.807107284532304,0.23716767570413266,-0.20421515583641883
2,BG,Bulgaria,26,2012-03-01,3,0.0,1,7327224.0,15.807107284532304,0.23716767570413266,-0.20421515583641883
2,BG,Bulgaria,27,2012-04-01,4,0.0,1,7327224.0,15.807107284532304,0.23716767570413266,-0.20421515583641883
2,BG,Bulgaria,28,2012-05-01,5,0.0,1,7327224.0,15.807107284532304,0.23716767570413266,-0.20421515583641883
2,BG,Bulgaria,29,2012-06-01,6,0.0,1,7327224.0,15.807107284532304,0.23716767570413266,-0.20421515583641883
2,BG,Bulgaria,30,2012-07-01,7,0.0,1,7327224.0,15.807107284532304,0.23716767570413266,-0.20421515583641883
2,BG,Bulgaria,31,2012-08-01,8,1.0,1,7327224.0,15.807107284532304,0.23716767570413266,-0.20421515583641883
2,BG,Bulgaria,32,2012-09-01,9,0.0,1,7327224.0,15.807107284532304,0.23716767570413266,-0.20421515583641883
2,BG,Bulgaria,33,2012-10-01,10,0.0,1,7327224.0,15.807107284532304,0.23716767570413266,-0.20421515583641883
2,BG,Bulgaria,34,2012-11-01,11,0.0,1,7327224.0,15.807107284532304,0.23716767570413266,-0.20421515583641883
2,BG,Bulgaria,35,2012-12-01,12,0.0,1,7327224.0,15.807107284532304,0.23716767570413266,-0.20421515583641883
2,BG,Bulgaria,36,2013-01-01,1,0.0,1,7202556.0,15.789946520988693,0.23716767570413266,-0.20421515583641883
2,BG,Bulgaria,37,2013-02-01,2,0.0,1,7202556.0,15.789946520988693,0.23716767570413266,-0.20421515583641883
2,BG,Bulgaria,38,2013-03-01,3,0.0,1,7202556.0,15.789946520988693,0.23716767570413266,-0.20421515583641883
2,BG,Bulgaria,39,2013-04-01,4,0.0,1,7202556.0,15.789946520988693,0.23716767570413266,-0.20421515583641883
2,BG,Bulgaria,40,2013-05-01,5,6.0,1,7202556.0,15.789946520988693,0.23716767570413266,-0.20421515583641883
2,BG,Bulgaria,41,2013-06-01,6,6.0,1,7202556.0,15.789946520988693,0.23716767570413266,-0.20421515583641883
2,BG,Bulgaria,42,2013-07-01,7,1.0,1,7202556.0,15.789946520988693,0.23716767570413266,-0.20421515583641883
2,BG,Bulgaria,43,2013-08-01,8,0.0,1,7202556.0,15.789946520988693,0.23716767570413266,-0.20421515583641883
2,BG,Bulgaria,44,2013-09-01,9,0.0,1,7202556.0,15.789946520988693,0.23716767570413266,-0.20421515583641883
2,BG,Bulgaria,45,2013-10-01,10,0.0,1,7202556.0,15.789946520988693,0.23716767570413266,-0.20421515583641883
2,BG,Bulgaria,46,2013-11-01,11,0.0,1,7202556.0,15.789946520988693,0.23716767570413266,-0.20421515583641883
2,BG,Bulgaria,47,2013-12-01,12,0.0,1,7202556.0,15.789946520988693,0.23716767570413266,-0.20421515583641883
2,BG,Bulgaria,48,2014-01-01,1,0.0,1,7117453.0,15.778060494670306,0.23716767570413266,-0.20421515583641883
2,BG,Bulgaria,49,2014-02-01,2,0.0,1,7117453.0,15.778060494670306,0.23716767570413266,-0.20421515583641883
2,BG,Bulgaria,50,2014-03-01,3,0.0,1,7117453.0,15.778060494670306,0.23716767570413266,-0.20421515583641883
2,BG,Bulgaria,51,2014-04-01,4,0.0,1,7117453.0,15.778060494670306,0.23716767570413266,-0.20421515583641883
2,BG,Bulgaria,52,2014-05-01,5,0.0,1,7117453.0,15.778060494670306,0.23716767570413266,-0.20421515583641883
2,BG,Bulgaria,53,2014-06-01,6,0.0,1,7117453.0,15.778060494670306,0.23716767570413266,-0.20421515583641883
2,BG,Bulgaria,54,2014-07-01,7,0.0,1,7117453.0,15.778060494670306,0.23716767570413266,-0.20421515583641883
2,BG,Bulgaria,55,2014-08-01,8,0.0,1,7117453.0,15.778060494670306,0.23716767570413266,-0.20421515583641883
2,BG,Bulgaria,56,2014-09-01,9,0.0,1,7117453.0,15.778060494670306,0.23716767570413266,-0.20421515583641883
2,BG,Bulgaria,57,2014-10-01,10,0.0,1,7117453.0,15.778060494670306,0.23716767570413266,-0.20421515583641883
2,BG,Bulgaria,58,2014-11-01,11,0.0,1,7117453.0,15.778060494670306,0.23716767570413266,-0.20421515583641883
2,BG,Bulgaria,59,2014-12-01,12,0.0,1,7117453.0,15.778060494670306,0.23716767570413266,-0.20421515583641883
2,BG,Bulgaria,60,2015-01-01,1,0.0,1,7029690.0,15.765653166086251,0.23716767570413266,-0.20421515583641883
2,BG,Bulgaria,61,2015-02-01,2,0.0,1,7029690.0,15.765653166086251,0.23716767570413266,-0.20421515583641883
2,BG,Bulgaria,62,2015-03-01,3,0.0,1,7029690.0,15.765653166086251,0.23716767570413266,-0.20421515583641883
2,BG,Bulgaria,63,2015-04-01,4,0.0,1,7029690.0,15.765653166086251,0.23716767570413266,-0.20421515583641883
2,BG,Bulgaria,64,2015-05-01,5,0.0,1,7029690.0,15.765653166086251,0.23716767570413266,-0.20421515583641883
2,BG,Bulgaria,65,2015-06-01,6,0.0,1,7029690.0,15.765653166086251,0.23716767570413266,-0.20421515583641883
2,BG,Bulgaria,66,2015-07-01,7,0.0,1,7029690.0,15.765653166086251,0.23716767570413266,-0.20421515583641883
2,BG,Bulgaria,67,2015-08-01,8,0.0,1,7029690.0,15.765653166086251,0.23716767570413266,-0.20421515583641883
2,BG,Bulgaria,68,2015-09-01,9,0.0,1,7029690.0,15.765653166086251,0.23716767570413266,-0.20421515583641883
2,BG,Bulgaria,69,2015-10-01,10,0.0,1,7029690.0,15.765653166086251,0.23716767570413266,-0.20421515583641883
2,BG,Bulgaria,70,2015-11-01,11,0.0,1,7029690.0,15.765653166086251,0.23716767570413266,-0.20421515583641883
2,BG,Bulgaria,71,2015-12-01,12,0.0,1,7029690.0,15.765653166086251,0.23716767570413266,-0.20421515583641883
2,BG,Bulgaria,72,2016-01-01,1,0.0,1,6938759.0,15.75263349804926,0.23716767570413266,-0.20421515583641883
2,BG,Bulgaria,73,2016-02-01,2,1.0,1,6938759.0,15.75263349804926,0.23716767570413266,-0.20421515583641883
2,BG,Bulgaria,74,2016-03-01,3,0.0,1,6938759.0,15.75263349804926,0.23716767570413266,-0.20421515583641883
2,BG,Bulgaria,75,2016-04-01,4,0.0,1,6938759.0,15.75263349804926,0.23716767570413266,-0.20421515583641883
2,BG,Bulgaria,76,2016-05-01,5,0.0,1,6938759.0,15.75263349804926,0.23716767570413266,-0.20421515583641883
2,BG,Bulgaria,77,2016-06-01,6,0.0,1,6938759.0,15.75263349804926,0.23716767570413266,-0.20421515583641883
2,BG,Bulgaria,78,2016-07-01,7,0.0,1,6938759.0,15.75263349804926,0.23716767570413266,-0.20421515583641883
2,BG,Bulgaria,79,2016-08-01,8,0.0,1,6938759.0,15.75263349804926,0.23716767570413266,-0.20421515583641883
2,BG,Bulgaria,80,2016-09-01,9,0.0,1,6938759.0,15.75263349804926,0.23716767570413266,-0.20421515583641883
2,BG,Bulgaria,81,2016-10-01,10,0.0,1,6938759.0,15.75263349804926,0.23716767570413266,-0.20421515583641883
2,BG,Bulgaria,82,2016-11-01,11,0.0,1,6938759.0,15.75263349804926,0.23716767570413266,-0.20421515583641883
2,BG,Bulgaria,83,2016-12-01,12,0.0,1,6938759.0,15.75263349804926,0.23716767570413266,-0.20421515583641883
2,BG,Bulgaria,84,2017-01-01,1,0.0,1,6849518.0,15.739688842799174,0.23716767570413266,-0.20421515583641883
2,BG,Bulgaria,85,2017-02-01,2,0.0,1,6849518.0,15.739688842799174,0.23716767570413266,-0.20421515583641883
2,BG,Bulgaria,86,2017-03-01,3,19.0,1,6849518.0,15.739688842799174,0.23716767570413266,-0.20421515583641883
2,BG,Bulgaria,87,2017-04-01,4,38.0,1,6849518.0,15.739688842799174,0.23716767570413266,-0.20421515583641883
2,BG,Bulgaria,88,2017-05-01,5,24.0,1,6849518.0,15.739688842799174,0.23716767570413266,-0.20421515583641883
2,BG,Bulgaria,89,2017-06-01,6,40.0,1,6849518.0,15.739688842799174,0.23716767570413266,-0.20421515583641883
2,BG,Bulgaria,90,2017-07-01,7,2.0,1,6849518.0,15.739688842799174,0.23716767570413266,-0.20421515583641883
2,BG,Bulgaria,91,2017-08-01,8,0.0,1,6849518.0,15.739688842799174,0.23716767570413266,-0.20421515583641883
2,BG,Bulgaria,92,2017-09-01,9,0.0,1,6849518.0,15.739688842799174,0.23716767570413266,-0.20421515583641883
2,BG,Bulgaria,93,2017-10-01,10,0.0,1,6849518.0,15.739688842799174,0.23716767570413266,-0.20421515583641883
2,BG,Bulgaria,94,2017-11-01,11,0.0,1,6849518.0,15.739688842799174,0.23716767570413266,-0.20421515583641883
2,BG,Bulgaria,95,2017-12-01,12,0.0,1,6849518.0,15.739688842799174,0.23716767570413266,-0.20421515583641883
2,BG,Bulgaria,96,2018-01-01,1,0.0,1,6757418.0,15.726151422393928,0.23716767570413266,-0.20421515583641883
2,BG,Bulgaria,97,2018-02-01,2,1.0,1,6757418.0,15.726151422393928,0.23716767570413266,-0.20421515583641883
2,BG,Bulgaria,98,2018-03-01,3,2.0,1,6757418.0,15.726151422393928,0.23716767570413266,-0.20421515583641883
2,BG,Bulgaria,99,2018-04-01,4,1.0,1,6757418.0,15.726151422393928,0.23716767570413266,-0.20421515583641883
2,BG,Bulgaria,100,2018-05-01,5,1.0,1,6757418.0,15.726151422393928,0.23716767570413266,-0.20421515583641883
2,BG,Bulgaria,101,2018-06-01,6,1.0,1,6757418.0,15.726151422393928,0.23716767570413266,-0.20421515583641883
2,BG,Bulgaria,102,2018-07-01,7,7.0,1,6757418.0,15.726151422393928,0.23716767570413266,-0.20421515583641883
2,BG,Bulgaria,103,2018-08-01,8,0.0,1,6757418.0,15.726151422393928,0.23716767570413266,-0.20421515583641883
2,BG,Bulgaria,104,2018-09-01,9,0.0,1,6757418.0,15.726151422393928,0.23716767570413266,-0.20421515583641883
2,BG,Bulgaria,105,2018-10-01,10,0.0,1,6757418.0,15.726151422393928,0.23716767570413266,-0.20421515583641883
2,BG,Bulgaria,106,2018-11-01,11,0.0,1,6757418.0,15.726151422393928,0.23716767570413266,-0.20421515583641883
2,BG,Bulgaria,107,2018-12-01,12,0.0,1,6757418.0,15.726151422393928,0.23716767570413266,-0.20421515583641883
2,BG,Bulgaria,108,2019-01-01,1,0.0,1,6664177.0,15.712257023100339,0.23716767570413266,-0.20421515583641883
2,BG,Bulgaria,109,2019-02-01,2,36.0,1,6664177.0,15.712257023100339,0.23716767570413266,-0.20421515583641883
2,BG,Bulgaria,110,2019-03-01,3,172.0,1,6664177.0,15.712257023100339,0.23716767570413266,-0.20421515583641883
2,BG,Bulgaria,111,2019-04-01,4,266.0,1,6664177.0,15.712257023100339,0.23716767570413266,-0.20421515583641883
2,BG,Bulgaria,112,2019-05-01,5,268.0,1,6664177.0,15.712257023100339,0.23716767570413266,-0.20421515583641883
2,BG,Bulgaria,113,2019-06-01,6,191.0,1,6664177.0,15.712257023100339,0.23716767570413266,-0.20421515583641883
2,BG,Bulgaria,114,2019-07-01,7,76.0,1,6664177.0,15.712257023100339,0.23716767570413266,-0.20421515583641883
2,BG,Bulgaria,115,2019-08-01,8,38.0,1,6664177.0,15.712257023100339,0.23716767570413266,-0.20421515583641883
2,BG,Bulgaria,116,2019-09-01,9,17.0,1,6664177.0,15.712257023100339,0.23716767570413266,-0.20421515583641883
2,BG,Bulgaria,117,2019-10-01,10,4.0,1,6664177.0,15.712257023100339,0.23716767570413266,-0.20421515583641883
2,BG,Bulgaria,118,2019-11-01,11,19.0,1,6664177.0,15.712257023100339,0.23716767570413266,-0.20421515583641883
2,BG,Bulgaria,119,2019-12-01,12,32.0,1,6664177.0,15.712257023100339,0.23716767570413266,-0.20421515583641883
3,CY,Cyprus,0,2010-01-01,1,1.0,1,819140.0,13.61601028839754,0.3917478283758884,-0.4281406301963528
3,CY,Cyprus,1,2010-02-01,2,1.0,1,819140.0,13.61601028839754,0.3917478283758884,-0.4281406301963528
3,CY,Cyprus,2,2010-03-01,3,2.0,1,819140.0,13.61601028839754,0.3917478283758884,-0.4281406301963528
3,CY,Cyprus,3,2010-04-01,4,6.0,1,819140.0,13.61601028839754,0.3917478283758884,-0.4281406301963528
3,CY,Cyprus,4,2010-05-01,5,5.0,1,819140.0,13.61601028839754,0.3917478283758884,-0.4281406301963528
3,CY,Cyprus,5,2010-06-01,6,0.0,1,819140.0,13.61601028839754,0.3917478283758884,-0.4281406301963528
3,CY,Cyprus,6,2010-07-01,7,0.0,1,819140.0,13.61601028839754,0.3917478283758884,-0.4281406301963528
3,CY,Cyprus,7,2010-08-01,8,1.0,1,819140.0,13.61601028839754,0.3917478283758884,-0.4281406301963528
3,CY,Cyprus,8,2010-09-01,9,0.0,1,819140.0,13.61601028839754,0.3917478283758884,-0.4281406301963528
3,CY,Cyprus,9,2010-10-01,10,0.0,1,819140.0,13.61601028839754,0.3917478283758884,-0.4281406301963528
3,CY,Cyprus,10,2010-11-01,11,0.0,1,819140.0,13.61601028839754,0.3917478283758884,-0.4281406301963528
3,CY,Cyprus,11,2010-12-01,12,0.0,1,819140.0,13.61601028839754,0.3917478283758884,-0.4281406301963528
3,CY,Cyprus,12,2011-01-01,1,0.0,1,839751.0,13.640860698304435,0.3917478283758884,-0.4281406301963528
3,CY,Cyprus,13,2011-02-01,2,0.0,1,839751.0,13.640860698304435,0.3917478283758884,-0.4281406301963528
3,CY,Cyprus,14,2011-03-01,3,0.0,1,839751.0,13.640860698304435,0.3917478283758884,-0.4281406301963528
3,CY,Cyprus,15,2011-04-01,4,0.0,1,839751.0,13.640860698304435,0.3917478283758884,-0.4281406301963528
3,CY,Cyprus,16,2011-05-01,5,0.0,1,839751.0,13.640860698304435,0.3917478283758884,-0.4281406301963528
3,CY,Cyprus,17,2011-06-01,6,0.0,1,839751.0,13.640860698304435,0.3917478283758884,-0.4281406301963528
3,CY,Cyprus,18,2011-07-01,7,0.0,1,839751.0,13.640860698304435,0.3917478283758884,-0.4281406301963528
3,CY,Cyprus,19,2011-08-01,8,0.0,1,839751.0,13.640860698304435,0.3917478283758884,-0.4281406301963528
3,CY,Cyprus,20,2011-09-01,9,0.0,1,839751.0,13.640860698304435,0.3917478283758884,-0.4281406301963528
3,CY,Cyprus,21,2011-10-01,10,0.0,1,839751.0,13.640860698304435,0.3917478283758884,-0.4281406301963528
3,CY,Cyprus,22,2011-11-01,11,0.0,1,839751.0,13.640860698304435,0.3917478283758884,-0.4281406301963528
3,CY,Cyprus,23,2011-12-01,12,0.0,1,839751.0,13.640860698304435,0.3917478283758884,-0.4281406301963528
3,CY,Cyprus,24,2012-01-01,1,0.0,1,862011.0,13.667023310585291,0.3917478283758884,-0.4281406301963528
3,CY,Cyprus,25,2012-02-01,2,1.0,1,862011.0,13.667023310585291,0.3917478283758884,-0.4281406301963528
3,CY,Cyprus,26,2012-03-01,3,0.0,1,862011.0,13.667023310585291,0.3917478283758884,-0.4281406301963528
3,CY,Cyprus,27,2012-04-01,4,0.0,1,862011.0,13.667023310585291,0.3917478283758884,-0.4281406301963528
3,CY,Cyprus,28,2012-05-01,5,0.0,1,862011.0,13.667023310585291,0.3917478283758884,-0.4281406301963528
3,CY,Cyprus,29,2012-06-01,6,0.0,1,862011.0,13.667023310585291,0.3917478283758884,-0.4281406301963528
3,CY,Cyprus,30,2012-07-01,7,0.0,1,862011.0,13.667023310585291,0.3917478283758884,-0.4281406301963528
3,CY,Cyprus,31,2012-08-01,8,0.0,1,862011.0,13.667023310585291,0.3917478283758884,-0.4281406301963528
3,CY,Cyprus,32,2012-09-01,9,0.0,1,862011.0,13.667023310585291,0.3917478283758884,-0.4281406301963528
3,CY,Cyprus,33,2012-10-01,10,0.0,1,862011.0,13.667023310585291,0.3917478283758884,-0.4281406301963528
3,CY,Cyprus,34,2012-11-01,11,0.0,1,862011.0,13.667023310585291,0.3917478283758884,-0.4281406301963528
3,CY,Cyprus,35,2012-12-01,12,0.0,1,862011.0,13.667023310585291,0.3917478283758884,-0.4281406301963528
3,CY,Cyprus,36,2013-01-01,1,0.0,1,862854.0,13.668000778464945,0.3917478283758884,-0.4281406301963528
3,CY,Cyprus,37,2013-02-01,2,0.0,1,862854.0,13.668000778464945,0.3917478283758884,-0.4281406301963528
3,CY,Cyprus,38,2013-03-01,3,0.0,1,862854.0,13.668000778464945,0.3917478283758884,-0.4281406301963528
3,CY,Cyprus,39,2013-04-01,4,0.0,1,862854.0,13.668000778464945,0.3917478283758884,-0.4281406301963528
3,CY,Cyprus,40,2013-05-01,5,0.0,1,862854.0,13.668000778464945,0.3917478283758884,-0.4281406301963528
3,CY,Cyprus,41,2013-06-01,6,0.0,1,862854.0,13.668000778464945,0.3917478283758884,-0.4281406301963528
3,CY,Cyprus,42,2013-07-01,7,0.0,1,862854.0,13.668000778464945,0.3917478283758884,-0.4281406301963528
3,CY,Cyprus,43,2013-08-01,8,0.0,1,862854.0,13.668000778464945,0.3917478283758884,-0.4281406301963528
3,CY,Cyprus,44,2013-09-01,9,0.0,1,862854.0,13.668000778464945,0.3917478283758884,-0.4281406301963528
3,CY,Cyprus,45,2013-10-01,10,0.0,1,862854.0,13.668000778464945,0.3917478283758884,-0.4281406301963528
3,CY,Cyprus,46,2013-11-01,11,0.0,1,862854.0,13.668000778464945,0.3917478283758884,-0.4281406301963528
3,CY,Cyprus,47,2013-12-01,12,0.0,1,862854.0,13.668000778464945,0.3917478283758884,-0.4281406301963528
3,CY,Cyprus,48,2014-01-01,1,0.0,1,860032.0,13.664724876839767,0.3917478283758884,-0.4281406301963528
3,CY,Cyprus,49,2014-02-01,2,0.0,1,860032.0,13.664724876839767,0.3917478283758884,-0.4281406301963528
3,CY,Cyprus,50,2014-03-01,3,2.0,1,860032.0,13.664724876839767,0.3917478283758884,-0.4281406301963528
3,CY,Cyprus,51,2014-04-01,4,6.0,1,860032.0,13.664724876839767,0.3917478283758884,-0.4281406301963528
3,CY,Cyprus,52,2014-05-01,5,0.0,1,860032.0,13.664724876839767,0.3917478283758884,-0.4281406301963528
3,CY,Cyprus,53,2014-06-01,6,0.0,1,860032.0,13.664724876839767,0.3917478283758884,-0.4281406301963528
3,CY,Cyprus,54,2014-07-01,7,0.0,1,860032.0,13.664724876839767,0.3917478283758884,-0.4281406301963528
3,CY,Cyprus,55,2014-08-01,8,0.0,1,860032.0,13.664724876839767,0.3917478283758884,-0.4281406301963528
3,CY,Cyprus,56,2014-09-01,9,0.0,1,860032.0,13.664724876839767,0.3917478283758884,-0.4281406301963528
3,CY,Cyprus,57,2014-10-01,10,0.0,1,860032.0,13.664724876839767,0.3917478283758884,-0.4281406301963528
3,CY,Cyprus,58,2014-11-01,11,0.0,1,860032.0,13.664724876839767,0.3917478283758884,-0.4281406301963528
3,CY,Cyprus,59,2014-12-01,12,0.0,1,860032.0,13.664724876839767,0.3917478283758884,-0.4281406301963528
3,CY,Cyprus,60,2015-01-01,1,0.0,1,860846.0,13.665670905623573,0.3917478283758884,-0.4281406301963528
3,CY,Cyprus,61,2015-02-01,2,0.0,1,860846.0,13.665670905623573,0.3917478283758884,-0.4281406301963528
3,CY,Cyprus,62,2015-03-01,3,0.0,1,860846.0,13.665670905623573,0.3917478283758884,-0.4281406301963528
3,CY,Cyprus,63,2015-04-01,4,0.0,1,860846.0,13.665670905623573,0.3917478283758884,-0.4281406301963528
3,CY,Cyprus,64,2015-05-01,5,0.0,1,860846.0,13.665670905623573,0.3917478283758884,-0.4281406301963528
3,CY,Cyprus,65,2015-06-01,6,0.0,1,860846.0,13.665670905623573,0.3917478283758884,-0.4281406301963528
3,CY,Cyprus,66,2015-07-01,7,0.0,1,860846.0,13.665670905623573,0.3917478283758884,-0.4281406301963528
3,CY,Cyprus,67,2015-08-01,8,0.0,1,860846.0,13.665670905623573,0.3917478283758884,-0.4281406301963528
3,CY,Cyprus,68,2015-09-01,9,0.0,1,860846.0,13.665670905623573,0.3917478283758884,-0.4281406301963528
3,CY,Cyprus,69,2015-10-01,10,0.0,1,860846.0,13.665670905623573,0.3917478283758884,-0.4281406301963528
3,CY,Cyprus,70,2015-11-01,11,0.0,1,860846.0,13.665670905623573,0.3917478283758884,-0.4281406301963528
3,CY,Cyprus,71,2015-12-01,12,0.0,1,860846.0,13.665670905623573,0.3917478283758884,-0.4281406301963528
3,CY,Cyprus,72,2016-01-01,1,0.0,1,863764.0,13.669054862326295,0.3917478283758884,-0.4281406301963528
3,CY,Cyprus,73,2016-02-01,2,0.0,1,863764.0,13.669054862326295,0.3917478283758884,-0.4281406301963528
3,CY,Cyprus,74,2016-03-01,3,0.0,1,863764.0,13.669054862326295,0.3917478283758884,-0.4281406301963528
3,CY,Cyprus,75,2016-04-01,4,0.0,1,863764.0,13.669054862326295,0.3917478283758884,-0.4281406301963528
3,CY,Cyprus,76,2016-05-01,5,0.0,1,863764.0,13.669054862326295,0.3917478283758884,-0.4281406301963528
3,CY,Cyprus,77,2016-06-01,6,0.0,1,863764.0,13.669054862326295,0.3917478283758884,-0.4281406301963528
3,CY,Cyprus,78,2016-07-01,7,0.0,1,863764.0,13.669054862326295,0.3917478283758884,-0.4281406301963528
3,CY,Cyprus,79,2016-08-01,8,0.0,1,863764.0,13.669054862326295,0.3917478283758884,-0.4281406301963528
3,CY,Cyprus,80,2016-09-01,9,0.0,1,863764.0,13.669054862326295,0.3917478283758884,-0.4281406301963528
3,CY,Cyprus,81,2016-10-01,10,0.0,1,863764.0,13.669054862326295,0.3917478283758884,-0.4281406301963528
3,CY,Cyprus,82,2016-11-01,11,0.0,1,863764.0,13.669054862326295,0.3917478283758884,-0.4281406301963528
3,CY,Cyprus,83,2016-12-01,12,0.0,1,863764.0,13.669054862326295,0.3917478283758884,-0.4281406301963528
3,CY,Cyprus,84,2017-01-01,1,0.0,1,869878.0,13.676108250912579,0.3917478283758884,-0.4281406301963528
3,CY,Cyprus,85,2017-02-01,2,0.0,1,869878.0,13.676108250912579,0.3917478283758884,-0.4281406301963528
3,CY,Cyprus,86,2017-03-01,3,0.0,1,869878.0,13.676108250912579,0.3917478283758884,-0.4281406301963528
3,CY,Cyprus,87,2017-04-01,4,0.0,1,869878.0,13.676108250912579,0.3917478283758884,-0.4281406301963528
3,CY,Cyprus,88,2017-05-01,5,1.0,1,869878.0,13.676108250912579,0.3917478283758884,-0.4281406301963528
3,CY,Cyprus,89,2017-06-01,6,2.0,1,869878.0,13.676108250912579,0.3917478283758884,-0.4281406301963528
3,CY,Cyprus,90,2017-07-01,7,0.0,1,869878.0,13.676108250912579,0.3917478283758884,-0.4281406301963528
3,CY,Cyprus,91,2017-08-01,8,0.0,1,869878.0,13.676108250912579,0.3917478283758884,-0.4281406301963528
3,CY,Cyprus,92,2017-09-01,9,0.0,1,869878.0,13.676108250912579,0.3917478283758884,-0.4281406301963528
3,CY,Cyprus,93,2017-10-01,10,0.0,1,869878.0,13.676108250912579,0.3917478283758884,-0.4281406301963528
3,CY,Cyprus,94,2017-11-01,11,0.0,1,869878.0,13.676108250912579,0.3917478283758884,-0.4281406301963528
3,CY,Cyprus,95,2017-12-01,12,0.0,1,869878.0,13.676108250912579,0.3917478283758884,-0.4281406301963528
3,CY,Cyprus,96,2018-01-01,1,5.0,1,878601.0,13.686086148697537,0.3917478283758884,-0.4281406301963528
3,CY,Cyprus,97,2018-02-01,2,6.0,1,878601.0,13.686086148697537,0.3917478283758884,-0.4281406301963528
3,CY,Cyprus,98,2018-03-01,3,4.0,1,878601.0,13.686086148697537,0.3917478283758884,-0.4281406301963528
3,CY,Cyprus,99,2018-04-01,4,0.0,1,878601.0,13.686086148697537,0.3917478283758884,-0.4281406301963528
3,CY,Cyprus,100,2018-05-01,5,0.0,1,878601.0,13.686086148697537,0.3917478283758884,-0.4281406301963528
3,CY,Cyprus,101,2018-06-01,6,0.0,1,878601.0,13.686086148697537,0.3917478283758884,-0.4281406301963528
3,CY,Cyprus,102,2018-07-01,7,0.0,1,878601.0,13.686086148697537,0.3917478283758884,-0.4281406301963528
3,CY,Cyprus,103,2018-08-01,8,0.0,1,878601.0,13.686086148697537,0.3917478283758884,-0.4281406301963528
3,CY,Cyprus,104,2018-09-01,9,0.0,1,878601.0,13.686086148697537,0.3917478283758884,-0.4281406301963528
3,CY,Cyprus,105,2018-10-01,10,0.0,1,878601.0,13.686086148697537,0.3917478283758884,-0.4281406301963528
3,CY,Cyprus,106,2018-11-01,11,0.0,1,878601.0,13.686086148697537,0.3917478283758884,-0.4281406301963528
3,CY,Cyprus,107,2018-12-01,12,0.0,1,878601.0,13.686086148697537,0.3917478283758884,-0.4281406301963528
3,CY,Cyprus,108,2019-01-01,1,0.0,1,890194.0,13.699194695482763,0.3917478283758884,-0.4281406301963528
3,CY,Cyprus,109,2019-02-01,2,1.0,1,890194.0,13.699194695482763,0.3917478283758884,-0.4281406301963528
3,CY,Cyprus,110,2019-03-01,3,0.0,1,890194.0,13.699194695482763,0.3917478283758884,-0.4281406301963528
3,CY,Cyprus,111,2019-04-01,4,1.0,1,890194.0,13.699194695482763,0.3917478283758884,-0.4281406301963528
3,CY,Cyprus,112,2019-05-01,5,2.0,1,890194.0,13.699194695482763,0.3917478283758884,-0.4281406301963528
3,CY,Cyprus,113,2019-06-01,6,1.0,1,890194.0,13.699194695482763,0.3917478283758884,-0.4281406301963528
3,CY,Cyprus,114,2019-07-01,7,0.0,1,890194.0,13.699194695482763,0.3917478283758884,-0.4281406301963528
3,CY,Cyprus,115,2019-08-01,8,0.0,1,890194.0,13.699194695482763,0.3917478283758884,-0.4281406301963528
3,CY,Cyprus,116,2019-09-01,9,0.0,1,890194.0,13.699194695482763,0.3917478283758884,-0.4281406301963528
3,CY,Cyprus,117,2019-10-01,10,0.0,1,890194.0,13.699194695482763,0.3917478283758884,-0.4281406301963528
3,CY,Cyprus,118,2019-11-01,11,0.0,1,890194.0,13.699194695482763,0.3917478283758884,-0.4281406301963528
3,CY,Cyprus,119,2019-12-01,12,0.0,1,890194.0,13.699194695482763,0.3917478283758884,-0.4281406301963528
4,CZ,Czechia,0,2010-01-01,1,0.0,1,10462088.0,16.163268614270933,0.0501447749407739,0.004978379420887699
4,CZ,Czechia,1,2010-02-01,2,0.0,1,10462088.0,16.163268614270933,0.0501447749407739,0.004978379420887699
4,CZ,Czechia,2,2010-03-01,3,0.0,1,10462088.0,16.163268614270933,0.0501447749407739,0.004978379420887699
4,CZ,Czechia,3,2010-04-01,4,0.0,1,10462088.0,16.163268614270933,0.0501447749407739,0.004978379420887699
4,CZ,Czechia,4,2010-05-01,5,0.0,1,10462088.0,16.163268614270933,0.0501447749407739,0.004978379420887699
4,CZ,Czechia,5,2010-06-01,6,0.0,1,10462088.0,16.163268614270933,0.0501447749407739,0.004978379420887699
4,CZ,Czechia,6,2010-07-01,7,0.0,1,10462088.0,16.163268614270933,0.0501447749407739,0.004978379420887699
4,CZ,Czechia,7,2010-08-01,8,0.0,1,10462088.0,16.163268614270933,0.0501447749407739,0.004978379420887699
4,CZ,Czechia,8,2010-09-01,9,0.0,1,10462088.0,16.163268614270933,0.0501447749407739,0.004978379420887699
4,CZ,Czechia,9,2010-10-01,10,0.0,1,10462088.0,16.163268614270933,0.0501447749407739,0.004978379420887699
4,CZ,Czechia,10,2010-11-01,11,0.0,1,10462088.0,16.163268614270933,0.0501447749407739,0.004978379420887699
4,CZ,Czechia,11,2010-12-01,12,0.0,1,10462088.0,16.163268614270933,0.0501447749407739,0.004978379420887699
4,CZ,Czechia,12,2011-01-01,1,0.0,1,10486731.0,16.165621301681796,0.0501447749407739,0.004978379420887699
4,CZ,Czechia,13,2011-02-01,2,0.0,1,10486731.0,16.165621301681796,0.0501447749407739,0.004978379420887699
4,CZ,Czechia,14,2011-03-01,3,4.0,1,10486731.0,16.165621301681796,0.0501447749407739,0.004978379420887699
4,CZ,Czechia,15,2011-04-01,4,4.0,1,10486731.0,16.165621301681796,0.0501447749407739,0.004978379420887699
4,CZ,Czechia,16,2011-05-01,5,4.0,1,10486731.0,16.165621301681796,0.0501447749407739,0.004978379420887699
4,CZ,Czechia,17,2011-06-01,6,0.0,1,10486731.0,16.165621301681796,0.0501447749407739,0.004978379420887699
4,CZ,Czechia,18,2011-07-01,7,1.0,1,10486731.0,16.165621301681796,0.0501447749407739,0.004978379420887699
4,CZ,Czechia,19,2011-08-01,8,3.0,1,10486731.0,16.165621301681796,0.0501447749407739,0.004978379420887699
4,CZ,Czechia,20,2011-09-01,9,0.0,1,10486731.0,16.165621301681796,0.0501447749407739,0.004978379420887699
4,CZ,Czechia,21,2011-10-01,10,0.0,1,10486731.0,16.165621301681796,0.0501447749407739,0.004978379420887699
4,CZ,Czechia,22,2011-11-01,11,0.0,1,10486731.0,16.165621301681796,0.0501447749407739,0.004978379420887699
4,CZ,Czechia,23,2011-12-01,12,1.0,1,10486731.0,16.165621301681796,0.0501447749407739,0.004978379420887699
4,CZ,Czechia,24,2012-01-01,1,3.0,1,10505445.0,16.167404252144625,0.0501447749407739,0.004978379420887699
4,CZ,Czechia,25,2012-02-01,2,2.0,1,10505445.0,16.167404252144625,0.0501447749407739,0.004978379420887699
4,CZ,Czechia,26,2012-03-01,3,0.0,1,10505445.0,16.167404252144625,0.0501447749407739,0.004978379420887699
4,CZ,Czechia,27,2012-04-01,4,2.0,1,10505445.0,16.167404252144625,0.0501447749407739,0.004978379420887699
4,CZ,Czechia,28,2012-05-01,5,7.0,1,10505445.0,16.167404252144625,0.0501447749407739,0.004978379420887699
4,CZ,Czechia,29,2012-06-01,6,4.0,1,10505445.0,16.167404252144625,0.0501447749407739,0.004978379420887699
4,CZ,Czechia,30,2012-07-01,7,1.0,1,10505445.0,16.167404252144625,0.0501447749407739,0.004978379420887699
4,CZ,Czechia,31,2012-08-01,8,2.0,1,10505445.0,16.167404252144625,0.0501447749407739,0.004978379420887699
4,CZ,Czechia,32,2012-09-01,9,1.0,1,10505445.0,16.167404252144625,0.0501447749407739,0.004978379420887699
4,CZ,Czechia,33,2012-10-01,10,0.0,1,10505445.0,16.167404252144625,0.0501447749407739,0.004978379420887699
4,CZ,Czechia,34,2012-11-01,11,0.0,1,10505445.0,16.167404252144625,0.0501447749407739,0.004978379420887699
4,CZ,Czechia,35,2012-12-01,12,0.0,1,10505445.0,16.167404252144625,0.0501447749407739,0.004978379420887699
4,CZ,Czechia,36,2013-01-01,1,0.0,1,10516125.0,16.16842035141018,0.0501447749407739,0.004978379420887699
4,CZ,Czechia,37,2013-02-01,2,3.0,1,10516125.0,16.16842035141018,0.0501447749407739,0.004978379420887699
4,CZ,Czechia,38,2013-03-01,3,3.0,1,10516125.0,16.16842035141018,0.0501447749407739,0.004978379420887699
4,CZ,Czechia,39,2013-04-01,4,3.0,1,10516125.0,16.16842035141018,0.0501447749407739,0.004978379420887699
4,CZ,Czechia,40,2013-05-01,5,3.0,1,10516125.0,16.16842035141018,0.0501447749407739,0.004978379420887699
4,CZ,Czechia,41,2013-06-01,6,1.0,1,10516125.0,16.16842035141018,0.0501447749407739,0.004978379420887699
4,CZ,Czechia,42,2013-07-01,7,0.0,1,10516125.0,16.16842035141018,0.0501447749407739,0.004978379420887699
4,CZ,Czechia,43,2013-08-01,8,0.0,1,10516125.0,16.16842035141018,0.0501447749407739,0.004978379420887699
4,CZ,Czechia,44,2013-09-01,9,0.0,1,10516125.0,16.16842035141018,0.0501447749407739,0.004978379420887699
4,CZ,Czechia,45,2013-10-01,10,0.0,1,10516125.0,16.16842035141018,0.0501447749407739,0.004978379420887699
4,CZ,Czechia,46,2013-11-01,11,0.0,1,10516125.0,16.16842035141018,0.0501447749407739,0.004978379420887699
4,CZ,Czechia,47,2013-12-01,12,1.0,1,10516125.0,16.16842035141018,0.0501447749407739,0.004978379420887699
4,CZ,Czechia,48,2014-01-01,1,0.0,1,10512419.0,16.168067878120695,0.0501447749407739,0.004978379420887699
4,CZ,Czechia,49,2014-02-01,2,2.0,1,10512419.0,16.168067878120695,0.0501447749407739,0.004978379420887699
4,CZ,Czechia,50,2014-03-01,3,34.0,1,10512419.0,16.168067878120695,0.0501447749407739,0.004978379420887699
4,CZ,Czechia,51,2014-04-01,4,61.0,1,10512419.0,16.168067878120695,0.0501447749407739,0.004978379420887699
4,CZ,Czechia,52,2014-05-01,5,29.0,1,10512419.0,16.168067878120695,0.0501447749407739,0.004978379420887699
4,CZ,Czechia,53,2014-06-01,6,57.0,1,10512419.0,16.168067878120695,0.0501447749407739,0.004978379420887699
4,CZ,Czechia,54,2014-07-01,7,22.0,1,10512419.0,16.168067878120695,0.0501447749407739,0.004978379420887699
4,CZ,Czechia,55,2014-08-01,8,12.0,1,10512419.0,16.168067878120695,0.0501447749407739,0.004978379420887699
4,CZ,Czechia,56,2014-09-01,9,4.0,1,10512419.0,16.168067878120695,0.0501447749407739,0.004978379420887699
4,CZ,Czechia,57,2014-10-01,10,0.0,1,10512419.0,16.168067878120695,0.0501447749407739,0.004978379420887699
4,CZ,Czechia,58,2014-11-01,11,0.0,1,10512419.0,16.168067878120695,0.0501447749407739,0.004978379420887699
4,CZ,Czechia,59,2014-12-01,12,0.0,1,10512419.0,16.168067878120695,0.0501447749407739,0.004978379420887699
4,CZ,Czechia,60,2015-01-01,1,1.0,1,10538275.0,16.170524425444274,0.0501447749407739,0.004978379420887699
4,CZ,Czechia,61,2015-02-01,2,3.0,1,10538275.0,16.170524425444274,0.0501447749407739,0.004978379420887699
4,CZ,Czechia,62,2015-03-01,3,1.0,1,10538275.0,16.170524425444274,0.0501447749407739,0.004978379420887699
4,CZ,Czechia,63,2015-04-01,4,0.0,1,10538275.0,16.170524425444274,0.0501447749407739,0.004978379420887699
4,CZ,Czechia,64,2015-05-01,5,3.0,1,10538275.0,16.170524425444274,0.0501447749407739,0.004978379420887699
4,CZ,Czechia,65,2015-06-01,6,1.0,1,10538275.0,16.170524425444274,0.0501447749407739,0.004978379420887699
4,CZ,Czechia,66,2015-07-01,7,0.0,1,10538275.0,16.170524425444274,0.0501447749407739,0.004978379420887699
4,CZ,Czechia,67,2015-08-01,8,0.0,1,10538275.0,16.170524425444274,0.0501447749407739,0.004978379420887699
4,CZ,Czechia,68,2015-09-01,9,0.0,1,10538275.0,16.170524425444274,0.0501447749407739,0.004978379420887699
4,CZ,Czechia,69,2015-10-01,10,0.0,1,10538275.0,16.170524425444274,0.0501447749407739,0.004978379420887699
4,CZ,Czechia,70,2015-11-01,11,0.0,1,10538275.0,16.170524425444274,0.0501447749407739,0.004978379420887699
4,CZ,Czechia,71,2015-12-01,12,0.0,1,10538275.0,16.170524425444274,0.0501447749407739,0.004978379420887699
4,CZ,Czechia,72,2016-01-01,1,0.0,1,10553843.0,16.17200061696066,0.0501447749407739,0.004978379420887699
4,CZ,Czechia,73,2016-02-01,2,0.0,1,10553843.0,16.17200061696066,0.0501447749407739,0.004978379420887699
4,CZ,Czechia,74,2016-03-01,3,1.0,1,10553843.0,16.17200061696066,0.0501447749407739,0.004978379420887699
4,CZ,Czechia,75,2016-04-01,4,0.0,1,10553843.0,16.17200061696066,0.0501447749407739,0.004978379420887699
4,CZ,Czechia,76,2016-05-01,5,4.0,1,10553843.0,16.17200061696066,0.0501447749407739,0.004978379420887699
4,CZ,Czechia,77,2016-06-01,6,0.0,1,10553843.0,16.17200061696066,0.0501447749407739,0.004978379420887699
4,CZ,Czechia,78,2016-07-01,7,0.0,1,10553843.0,16.17200061696066,0.0501447749407739,0.004978379420887699
4,CZ,Czechia,79,2016-08-01,8,0.0,1,10553843.0,16.17200061696066,0.0501447749407739,0.004978379420887699
4,CZ,Czechia,80,2016-09-01,9,1.0,1,10553843.0,16.17200061696066,0.0501447749407739,0.004978379420887699
4,CZ,Czechia,81,2016-10-01,10,0.0,1,10553843.0,16.17200061696066,0.0501447749407739,0.004978379420887699
4,CZ,Czechia,82,2016-11-01,11,1.0,1,10553843.0,16.17200061696066,0.0501447749407739,0.004978379420887699
4,CZ,Czechia,83,2016-12-01,12,0.0,1,10553843.0,16.17200061696066,0.0501447749407739,0.004978379420887699
4,CZ,Czechia,84,2017-01-01,1,0.0,1,10578820.0,16.174364446983436,0.0501447749407739,0.004978379420887699
4,CZ,Czechia,85,2017-02-01,2,0.0,1,10578820.0,16.174364446983436,0.0501447749407739,0.004978379420887699
4,CZ,Czechia,86,2017-03-01,3,20.0,1,10578820.0,16.174364446983436,0.0501447749407739,0.004978379420887699
4,CZ,Czechia,87,2017-04-01,4,62.0,1,10578820.0,16.174364446983436,0.0501447749407739,0.004978379420887699
4,CZ,Czechia,88,2017-05-01,5,42.0,1,10578820.0,16.174364446983436,0.0501447749407739,0.004978379420887699
4,CZ,Czechia,89,2017-06-01,6,7.0,1,10578820.0,16.174364446983436,0.0501447749407739,0.004978379420887699
4,CZ,Czechia,90,2017-07-01,7,1.0,1,10578820.0,16.174364446983436,0.0501447749407739,0.004978379420887699
4,CZ,Czechia,91,2017-08-01,8,0.0,1,10578820.0,16.174364446983436,0.0501447749407739,0.004978379420887699
4,CZ,Czechia,92,2017-09-01,9,0.0,1,10578820.0,16.174364446983436,0.0501447749407739,0.004978379420887699
4,CZ,Czechia,93,2017-10-01,10,0.0,1,10578820.0,16.174364446983436,0.0501447749407739,0.004978379420887699
4,CZ,Czechia,94,2017-11-01,11,5.0,1,10578820.0,16.174364446983436,0.0501447749407739,0.004978379420887699
4,CZ,Czechia,95,2017-12-01,12,3.0,1,10578820.0,16.174364446983436,0.0501447749407739,0.004978379420887699
4,CZ,Czechia,96,2018-01-01,1,9.0,1,10610055.0,16.177312694365607,0.0501447749407739,0.004978379420887699
4,CZ,Czechia,97,2018-02-01,2,21.0,1,10610055.0,16.177312694365607,0.0501447749407739,0.004978379420887699
4,CZ,Czechia,98,2018-03-01,3,29.0,1,10610055.0,16.177312694365607,0.0501447749407739,0.004978379420887699
4,CZ,Czechia,99,2018-04-01,4,39.0,1,10610055.0,16.177312694365607,0.0501447749407739,0.004978379420887699
4,CZ,Czechia,100,2018-05-01,5,33.0,1,10610055.0,16.177312694365607,0.0501447749407739,0.004978379420887699
4,CZ,Czechia,101,2018-06-01,6,12.0,1,10610055.0,16.177312694365607,0.0501447749407739,0.004978379420887699
4,CZ,Czechia,102,2018-07-01,7,4.0,1,10610055.0,16.177312694365607,0.0501447749407739,0.004978379420887699
4,CZ,Czechia,103,2018-08-01,8,7.0,1,10610055.0,16.177312694365607,0.0501447749407739,0.004978379420887699
4,CZ,Czechia,104,2018-09-01,9,4.0,1,10610055.0,16.177312694365607,0.0501447749407739,0.004978379420887699
4,CZ,Czechia,105,2018-10-01,10,7.0,1,10610055.0,16.177312694365607,0.0501447749407739,0.004978379420887699
4,CZ,Czechia,106,2018-11-01,11,16.0,1,10610055.0,16.177312694365607,0.0501447749407739,0.004978379420887699
4,CZ,Czechia,107,2018-12-01,12,19.0,1,10610055.0,16.177312694365607,0.0501447749407739,0.004978379420887699
4,CZ,Czechia,108,2019-01-01,1,52.0,1,10649800.0,16.181051670600652,0.0501447749407739,0.004978379420887699
4,CZ,Czechia,109,2019-02-01,2,131.0,1,10649800.0,16.181051670600652,0.0501447749407739,0.004978379420887699
4,CZ,Czechia,110,2019-03-01,3,171.0,1,10649800.0,16.181051670600652,0.0501447749407739,0.004978379420887699
4,CZ,Czechia,111,2019-04-01,4,69.0,1,10649800.0,16.181051670600652,0.0501447749407739,0.004978379420887699
4,CZ,Czechia,112,2019-05-01,5,45.0,1,10649800.0,16.181051670600652,0.0501447749407739,0.004978379420887699
4,CZ,Czechia,113,2019-06-01,6,19.0,1,10649800.0,16.181051670600652,0.0501447749407739,0.004978379420887699
4,CZ,Czechia,114,2019-07-01,7,14.0,1,10649800.0,16.181051670600652,0.0501447749407739,0.004978379420887699
4,CZ,Czechia,115,2019-08-01,8,4.0,1,10649800.0,16.181051670600652,0.0501447749407739,0.004978379420887699
4,CZ,Czechia,116,2019-09-01,9,2.0,1,10649800.0,16.181051670600652,0.0501447749407739,0.004978379420887699
4,CZ,Czechia,117,2019-10-01,10,1.0,1,10649800.0,16.181051670600652,0.0501447749407739,0.004978379420887699
4,CZ,Czechia,118,2019-11-01,11,3.0,1,10649800.0,16.181051670600652,0.0501447749407739,0.004978379420887699
4,CZ,Czechia,119,2019-12-01,12,0.0,1,10649800.0,16.181051670600652,0.0501447749407739,0.004978379420887699
5,DE,Germany,0,2010-01-01,1,26.0,1,81802257.0,18.219815392879372,-0.04718346933403525,0.046227808908244114
5,DE,Germany,1,2010-02-01,2,50.0,1,81802257.0,18.219815392879372,-0.04718346933403525,0.046227808908244114
5,DE,Germany,2,2010-03-01,3,54.0,1,81802257.0,18.219815392879372,-0.04718346933403525,0.046227808908244114
5,DE,Germany,3,2010-04-01,4,102.0,1,81802257.0,18.219815392879372,-0.04718346933403525,0.046227808908244114
5,DE,Germany,4,2010-05-01,5,86.0,1,81802257.0,18.219815392879372,-0.04718346933403525,0.046227808908244114
5,DE,Germany,5,2010-06-01,6,101.0,1,81802257.0,18.219815392879372,-0.04718346933403525,0.046227808908244114
5,DE,Germany,6,2010-07-01,7,55.0,1,81802257.0,18.219815392879372,-0.04718346933403525,0.046227808908244114
5,DE,Germany,7,2010-08-01,8,38.0,1,81802257.0,18.219815392879372,-0.04718346933403525,0.046227808908244114
5,DE,Germany,8,2010-09-01,9,39.0,1,81802257.0,18.219815392879372,-0.04718346933403525,0.046227808908244114
5,DE,Germany,9,2010-10-01,10,45.0,1,81802257.0,18.219815392879372,-0.04718346933403525,0.046227808908244114
5,DE,Germany,10,2010-11-01,11,61.0,1,81802257.0,18.219815392879372,-0.04718346933403525,0.046227808908244114
5,DE,Germany,11,2010-12-01,12,55.0,1,81802257.0,18.219815392879372,-0.04718346933403525,0.046227808908244114
5,DE,Germany,12,2011-01-01,1,33.0,1,80222065.0,18.200309159685165,-0.04718346933403525,0.046227808908244114
5,DE,Germany,13,2011-02-01,2,66.0,1,80222065.0,18.200309159685165,-0.04718346933403525,0.046227808908244114
5,DE,Germany,14,2011-03-01,3,117.0,1,80222065.0,18.200309159685165,-0.04718346933403525,0.046227808908244114
5,DE,Germany,15,2011-04-01,4,166.0,1,80222065.0,18.200309159685165,-0.04718346933403525,0.046227808908244114
5,DE,Germany,16,2011-05-01,5,227.0,1,80222065.0,18.200309159685165,-0.04718346933403525,0.046227808908244114
5,DE,Germany,17,2011-06-01,6,142.0,1,80222065.0,18.200309159685165,-0.04718346933403525,0.046227808908244114
5,DE,Germany,18,2011-07-01,7,77.0,1,80222065.0,18.200309159685165,-0.04718346933403525,0.046227808908244114
5,DE,Germany,19,2011-08-01,8,38.0,1,80222065.0,18.200309159685165,-0.04718346933403525,0.046227808908244114
5,DE,Germany,20,2011-09-01,9,20.0,1,80222065.0,18.200309159685165,-0.04718346933403525,0.046227808908244114
5,DE,Germany,21,2011-10-01,10,15.0,1,80222065.0,18.200309159685165,-0.04718346933403525,0.046227808908244114
5,DE,Germany,22,2011-11-01,11,10.0,1,80222065.0,18.200309159685165,-0.04718346933403525,0.046227808908244114
5,DE,Germany,23,2011-12-01,12,8.0,1,80222065.0,18.200309159685165,-0.04718346933403525,0.046227808908244114
5,DE,Germany,24,2012-01-01,1,2.0,1,80327900.0,18.201627565644706,-0.04718346933403525,0.046227808908244114
5,DE,Germany,25,2012-02-01,2,12.0,1,80327900.0,18.201627565644706,-0.04718346933403525,0.046227808908244114
5,DE,Germany,26,2012-03-01,3,6.0,1,80327900.0,18.201627565644706,-0.04718346933403525,0.046227808908244114
5,DE,Germany,27,2012-04-01,4,12.0,1,80327900.0,18.201627565644706,-0.04718346933403525,0.046227808908244114
5,DE,Germany,28,2012-05-01,5,39.0,1,80327900.0,18.201627565644706,-0.04718346933403525,0.046227808908244114
5,DE,Germany,29,2012-06-01,6,15.0,1,80327900.0,18.201627565644706,-0.04718346933403525,0.046227808908244114
5,DE,Germany,30,2012-07-01,7,14.0,1,80327900.0,18.201627565644706,-0.04718346933403525,0.046227808908244114
5,DE,Germany,31,2012-08-01,8,8.0,1,80327900.0,18.201627565644706,-0.04718346933403525,0.046227808908244114
5,DE,Germany,32,2012-09-01,9,2.0,1,80327900.0,18.201627565644706,-0.04718346933403525,0.046227808908244114
5,DE,Germany,33,2012-10-01,10,0.0,1,80327900.0,18.201627565644706,-0.04718346933403525,0.046227808908244114
5,DE,Germany,34,2012-11-01,11,6.0,1,80327900.0,18.201627565644706,-0.04718346933403525,0.046227808908244114
5,DE,Germany,35,2012-12-01,12,5.0,1,80327900.0,18.201627565644706,-0.04718346933403525,0.046227808908244114
5,DE,Germany,36,2013-01-01,1,7.0,1,80523746.0,18.2040626802568,-0.04718346933403525,0.046227808908244114
5,DE,Germany,37,2013-02-01,2,9.0,1,80523746.0,18.2040626802568,-0.04718346933403525,0.046227808908244114
5,DE,Germany,38,2013-03-01,3,32.0,1,80523746.0,18.2040626802568,-0.04718346933403525,0.046227808908244114
5,DE,Germany,39,2013-04-01,4,94.0,1,80523746.0,18.2040626802568,-0.04718346933403525,0.046227808908244114
5,DE,Germany,40,2013-05-01,5,355.0,1,80523746.0,18.2040626802568,-0.04718346933403525,0.046227808908244114
5,DE,Germany,41,2013-06-01,6,221.0,1,80523746.0,18.2040626802568,-0.04718346933403525,0.046227808908244114
5,DE,Germany,42,2013-07-01,7,111.0,1,80523746.0,18.2040626802568,-0.04718346933403525,0.046227808908244114
5,DE,Germany,43,2013-08-01,8,72.0,1,80523746.0,18.2040626802568,-0.04718346933403525,0.046227808908244114
5,DE,Germany,44,2013-09-01,9,67.0,1,80523746.0,18.2040626802568,-0.04718346933403525,0.046227808908244114
5,DE,Germany,45,2013-10-01,10,40.0,1,80523746.0,18.2040626802568,-0.04718346933403525,0.046227808908244114
5,DE,Germany,46,2013-11-01,11,18.0,1,80523746.0,18.2040626802568,-0.04718346933403525,0.046227808908244114
5,DE,Germany,47,2013-12-01,12,10.0,1,80523746.0,18.2040626802568,-0.04718346933403525,0.046227808908244114
5,DE,Germany,48,2014-01-01,1,13.0,1,80767463.0,18.207084756748124,-0.04718346933403525,0.046227808908244114
5,DE,Germany,49,2014-02-01,2,22.0,1,80767463.0,18.207084756748124,-0.04718346933403525,0.046227808908244114
5,DE,Germany,50,2014-03-01,3,33.0,1,80767463.0,18.207084756748124,-0.04718346933403525,0.046227808908244114
5,DE,Germany,51,2014-04-01,4,28.0,1,80767463.0,18.207084756748124,-0.04718346933403525,0.046227808908244114
5,DE,Germany,52,2014-05-01,5,19.0,1,80767463.0,18.207084756748124,-0.04718346933403525,0.046227808908244114
5,DE,Germany,53,2014-06-01,6,26.0,1,80767463.0,18.207084756748124,-0.04718346933403525,0.046227808908244114
5,DE,Germany,54,2014-07-01,7,11.0,1,80767463.0,18.207084756748124,-0.04718346933403525,0.046227808908244114
5,DE,Germany,55,2014-08-01,8,26.0,1,80767463.0,18.207084756748124,-0.04718346933403525,0.046227808908244114
5,DE,Germany,56,2014-09-01,9,23.0,1,80767463.0,18.207084756748124,-0.04718346933403525,0.046227808908244114
5,DE,Germany,57,2014-10-01,10,25.0,1,80767463.0,18.207084756748124,-0.04718346933403525,0.046227808908244114
5,DE,Germany,58,2014-11-01,11,26.0,1,80767463.0,18.207084756748124,-0.04718346933403525,0.046227808908244114
5,DE,Germany,59,2014-12-01,12,92.0,1,80767463.0,18.207084756748124,-0.04718346933403525,0.046227808908244114
5,DE,Germany,60,2015-01-01,1,302.0,1,81197537.0,18.21239547215955,-0.04718346933403525,0.046227808908244114
5,DE,Germany,61,2015-02-01,2,274.0,1,81197537.0,18.21239547215955,-0.04718346933403525,0.046227808908244114
5,DE,Germany,62,2015-03-01,3,336.0,1,81197537.0,18.21239547215955,-0.04718346933403525,0.046227808908244114
5,DE,Germany,63,2015-04-01,4,324.0,1,81197537.0,18.21239547215955,-0.04718346933403525,0.046227808908244114
5,DE,Germany,64,2015-05-01,5,157.0,1,81197537.0,18.21239547215955,-0.04718346933403525,0.046227808908244114
5,DE,Germany,65,2015-06-01,6,87.0,1,81197537.0,18.21239547215955,-0.04718346933403525,0.046227808908244114
5,DE,Germany,66,2015-07-01,7,72.0,1,81197537.0,18.21239547215955,-0.04718346933403525,0.046227808908244114
5,DE,Germany,67,2015-08-01,8,13.0,1,81197537.0,18.21239547215955,-0.04718346933403525,0.046227808908244114
5,DE,Germany,68,2015-09-01,9,8.0,1,81197537.0,18.21239547215955,-0.04718346933403525,0.046227808908244114
5,DE,Germany,69,2015-10-01,10,10.0,1,81197537.0,18.21239547215955,-0.04718346933403525,0.046227808908244114
5,DE,Germany,70,2015-11-01,11,2.0,1,81197537.0,18.21239547215955,-0.04718346933403525,0.046227808908244114
5,DE,Germany,71,2015-12-01,12,3.0,1,81197537.0,18.21239547215955,-0.04718346933403525,0.046227808908244114
5,DE,Germany,72,2016-01-01,1,4.0,1,82175684.0,18.224370001179338,-0.04718346933403525,0.046227808908244114
5,DE,Germany,73,2016-02-01,2,4.0,1,82175684.0,18.224370001179338,-0.04718346933403525,0.046227808908244114
5,DE,Germany,74,2016-03-01,3,11.0,1,82175684.0,18.224370001179338,-0.04718346933403525,0.046227808908244114
5,DE,Germany,75,2016-04-01,4,25.0,1,82175684.0,18.224370001179338,-0.04718346933403525,0.046227808908244114
5,DE,Germany,76,2016-05-01,5,42.0,1,82175684.0,18.224370001179338,-0.04718346933403525,0.046227808908244114
5,DE,Germany,77,2016-06-01,6,60.0,1,82175684.0,18.224370001179338,-0.04718346933403525,0.046227808908244114
5,DE,Germany,78,2016-07-01,7,29.0,1,82175684.0,18.224370001179338,-0.04718346933403525,0.046227808908244114
5,DE,Germany,79,2016-08-01,8,22.0,1,82175684.0,18.224370001179338,-0.04718346933403525,0.046227808908244114
5,DE,Germany,80,2016-09-01,9,26.0,1,82175684.0,18.224370001179338,-0.04718346933403525,0.046227808908244114
5,DE,Germany,81,2016-10-01,10,9.0,1,82175684.0,18.224370001179338,-0.04718346933403525,0.046227808908244114
5,DE,Germany,82,2016-11-01,11,21.0,1,82175684.0,18.224370001179338,-0.04718346933403525,0.046227808908244114
5,DE,Germany,83,2016-12-01,12,19.0,1,82175684.0,18.224370001179338,-0.04718346933403525,0.046227808908244114
5,DE,Germany,84,2017-01-01,1,30.0,1,82521653.0,18.22857127747421,-0.04718346933403525,0.046227808908244114
5,DE,Germany,85,2017-02-01,2,111.0,1,82521653.0,18.22857127747421,-0.04718346933403525,0.046227808908244114
5,DE,Germany,86,2017-03-01,3,135.0,1,82521653.0,18.22857127747421,-0.04718346933403525,0.046227808908244114
5,DE,Germany,87,2017-04-01,4,105.0,1,82521653.0,18.22857127747421,-0.04718346933403525,0.046227808908244114
5,DE,Germany,88,2017-05-01,5,97.0,1,82521653.0,18.22857127747421,-0.04718346933403525,0.046227808908244114
5,DE,Germany,89,2017-06-01,6,56.0,1,82521653.0,18.22857127747421,-0.04718346933403525,0.046227808908244114
5,DE,Germany,90,2017-07-01,7,23.0,1,82521653.0,18.22857127747421,-0.04718346933403525,0.046227808908244114
5,DE,Germany,91,2017-08-01,8,49.0,1,82521653.0,18.22857127747421,-0.04718346933403525,0.046227808908244114
5,DE,Germany,92,2017-09-01,9,13.0,1,82521653.0,18.22857127747421,-0.04718346933403525,0.046227808908244114
5,DE,Germany,93,2017-10-01,10,4.0,1,82521653.0,18.22857127747421,-0.04718346933403525,0.046227808908244114
5,DE,Germany,94,2017-11-01,11,8.0,1,82521653.0,18.22857127747421,-0.04718346933403525,0.046227808908244114
5,DE,Germany,95,2017-12-01,12,12.0,1,82521653.0,18.22857127747421,-0.04718346933403525,0.046227808908244114
5,DE,Germany,96,2018-01-01,1,24.0,1,82792351.0,18.231846235861212,-0.04718346933403525,0.046227808908244114
5,DE,Germany,97,2018-02-01,2,25.0,1,82792351.0,18.231846235861212,-0.04718346933403525,0.046227808908244114
5,DE,Germany,98,2018-03-01,3,45.0,1,82792351.0,18.231846235861212,-0.04718346933403525,0.046227808908244114
5,DE,Germany,99,2018-04-01,4,84.0,1,82792351.0,18.231846235861212,-0.04718346933403525,0.046227808908244114
5,DE,Germany,100,2018-05-01,5,95.0,1,82792351.0,18.231846235861212,-0.04718346933403525,0.046227808908244114
5,DE,Germany,101,2018-06-01,6,67.0,1,82792351.0,18.231846235861212,-0.04718346933403525,0.046227808908244114
5,DE,Germany,102,2018-07-01,7,44.0,1,82792351.0,18.231846235861212,-0.04718346933403525,0.046227808908244114
5,DE,Germany,103,2018-08-01,8,26.0,1,82792351.0,18.231846235861212,-0.04718346933403525,0.046227808908244114
5,DE,Germany,104,2018-09-01,9,22.0,1,82792351.0,18.231846235861212,-0.04718346933403525,0.046227808908244114
5,DE,Germany,105,2018-10-01,10,10.0,1,82792351.0,18.231846235861212,-0.04718346933403525,0.046227808908244114
5,DE,Germany,106,2018-11-01,11,9.0,1,82792351.0,18.231846235861212,-0.04718346933403525,0.046227808908244114
5,DE,Germany,107,2018-12-01,12,8.0,1,82792351.0,18.231846235861212,-0.04718346933403525,0.046227808908244114
5,DE,Germany,108,2019-01-01,1,63.0,1,83019213.0,18.234582620900774,-0.04718346933403525,0.046227808908244114
5,DE,Germany,109,2019-02-01,2,61.0,1,83019213.0,18.234582620900774,-0.04718346933403525,0.046227808908244114
5,DE,Germany,110,2019-03-01,3,104.0,1,83019213.0,18.234582620900774,-0.04718346933403525,0.046227808908244114
5,DE,Germany,111,2019-04-01,4,58.0,1,83019213.0,18.234582620900774,-0.04718346933403525,0.046227808908244114
5,DE,Germany,112,2019-05-01,5,40.0,1,83019213.0,18.234582620900774,-0.04718346933403525,0.046227808908244114
5,DE,Germany,113,2019-06-01,6,17.0,1,83019213.0,18.234582620900774,-0.04718346933403525,0.046227808908244114
5,DE,Germany,114,2019-07-01,7,18.0,1,83019213.0,18.234582620900774,-0.04718346933403525,0.046227808908244114
5,DE,Germany,115,2019-08-01,8,16.0,1,83019213.0,18.234582620900774,-0.04718346933403525,0.046227808908244114
5,DE,Germany,116,2019-09-01,9,16.0,1,83019213.0,18.234582620900774,-0.04718346933403525,0.046227808908244114
5,DE,Germany,117,2019-10-01,10,5.0,1,83019213.0,18.234582620900774,-0.04718346933403525,0.046227808908244114
5,DE,Germany,118,2019-11-01,11,6.0,1,83019213.0,18.234582620900774,-0.04718346933403525,0.046227808908244114
5,DE,Germany,119,2019-12-01,12,3.0,1,83019213.0,18.234582620900774,-0.04718346933403525,0.046227808908244114
6,DK,Denmark,0,2010-01-01,1,0.0,1,5534738.0,15.526554787864512,-0.06435904185311923,0.18765442429346546
6,DK,Denmark,1,2010-02-01,2,0.0,1,5534738.0,15.526554787864512,-0.06435904185311923,0.18765442429346546
6,DK,Denmark,2,2010-03-01,3,1.0,1,5534738.0,15.526554787864512,-0.06435904185311923,0.18765442429346546
6,DK,Denmark,3,2010-04-01,4,0.0,1,5534738.0,15.526554787864512,-0.06435904185311923,0.18765442429346546
6,DK,Denmark,4,2010-05-01,5,0.0,1,5534738.0,15.526554787864512,-0.06435904185311923,0.18765442429346546
6,DK,Denmark,5,2010-06-01,6,0.0,1,5534738.0,15.526554787864512,-0.06435904185311923,0.18765442429346546
6,DK,Denmark,6,2010-07-01,7,1.0,1,5534738.0,15.526554787864512,-0.06435904185311923,0.18765442429346546
6,DK,Denmark,7,2010-08-01,8,1.0,1,5534738.0,15.526554787864512,-0.06435904185311923,0.18765442429346546
6,DK,Denmark,8,2010-09-01,9,0.0,1,5534738.0,15.526554787864512,-0.06435904185311923,0.18765442429346546
6,DK,Denmark,9,2010-10-01,10,0.0,1,5534738.0,15.526554787864512,-0.06435904185311923,0.18765442429346546
6,DK,Denmark,10,2010-11-01,11,1.0,1,5534738.0,15.526554787864512,-0.06435904185311923,0.18765442429346546
6,DK,Denmark,11,2010-12-01,12,0.0,1,5534738.0,15.526554787864512,-0.06435904185311923,0.18765442429346546
6,DK,Denmark,12,2011-01-01,1,6.0,1,5560628.0,15.531221609488723,-0.06435904185311923,0.18765442429346546
6,DK,Denmark,13,2011-02-01,2,11.0,1,5560628.0,15.531221609488723,-0.06435904185311923,0.18765442429346546
6,DK,Denmark,14,2011-03-01,3,21.0,1,5560628.0,15.531221609488723,-0.06435904185311923,0.18765442429346546
6,DK,Denmark,15,2011-04-01,4,19.0,1,5560628.0,15.531221609488723,-0.06435904185311923,0.18765442429346546
6,DK,Denmark,16,2011-05-01,5,18.0,1,5560628.0,15.531221609488723,-0.06435904185311923,0.18765442429346546
6,DK,Denmark,17,2011-06-01,6,0.0,1,5560628.0,15.531221609488723,-0.06435904185311923,0.18765442429346546
6,DK,Denmark,18,2011-07-01,7,2.0,1,5560628.0,15.531221609488723,-0.06435904185311923,0.18765442429346546
6,DK,Denmark,19,2011-08-01,8,0.0,1,5560628.0,15.531221609488723,-0.06435904185311923,0.18765442429346546
6,DK,Denmark,20,2011-09-01,9,0.0,1,5560628.0,15.531221609488723,-0.06435904185311923,0.18765442429346546
6,DK,Denmark,21,2011-10-01,10,0.0,1,5560628.0,15.531221609488723,-0.06435904185311923,0.18765442429346546
6,DK,Denmark,22,2011-11-01,11,0.0,1,5560628.0,15.531221609488723,-0.06435904185311923,0.18765442429346546
6,DK,Denmark,23,2011-12-01,12,0.0,1,5560628.0,15.531221609488723,-0.06435904185311923,0.18765442429346546
6,DK,Denmark,24,2012-01-01,1,1.0,1,5580516.0,15.534791803200399,-0.06435904185311923,0.18765442429346546
6,DK,Denmark,25,2012-02-01,2,0.0,1,5580516.0,15.534791803200399,-0.06435904185311923,0.18765442429346546
6,DK,Denmark,26,2012-03-01,3,0.0,1,5580516.0,15.534791803200399,-0.06435904185311923,0.18765442429346546
6,DK,Denmark,27,2012-04-01,4,0.0,1,5580516.0,15.534791803200399,-0.06435904185311923,0.18765442429346546
6,DK,Denmark,28,2012-05-01,5,1.0,1,5580516.0,15.534791803200399,-0.06435904185311923,0.18765442429346546
6,DK,Denmark,29,2012-06-01,6,0.0,1,5580516.0,15.534791803200399,-0.06435904185311923,0.18765442429346546
6,DK,Denmark,30,2012-07-01,7,0.0,1,5580516.0,15.534791803200399,-0.06435904185311923,0.18765442429346546
6,DK,Denmark,31,2012-08-01,8,0.0,1,5580516.0,15.534791803200399,-0.06435904185311923,0.18765442429346546
6,DK,Denmark,32,2012-09-01,9,0.0,1,5580516.0,15.534791803200399,-0.06435904185311923,0.18765442429346546
6,DK,Denmark,33,2012-10-01,10,0.0,1,5580516.0,15.534791803200399,-0.06435904185311923,0.18765442429346546
6,DK,Denmark,34,2012-11-01,11,0.0,1,5580516.0,15.534791803200399,-0.06435904185311923,0.18765442429346546
6,DK,Denmark,35,2012-12-01,12,0.0,1,5580516.0,15.534791803200399,-0.06435904185311923,0.18765442429346546
6,DK,Denmark,36,2013-01-01,1,3.0,1,5602628.0,15.53874633133956,-0.06435904185311923,0.18765442429346546
6,DK,Denmark,37,2013-02-01,2,0.0,1,5602628.0,15.53874633133956,-0.06435904185311923,0.18765442429346546
6,DK,Denmark,38,2013-03-01,3,8.0,1,5602628.0,15.53874633133956,-0.06435904185311923,0.18765442429346546
6,DK,Denmark,39,2013-04-01,4,6.0,1,5602628.0,15.53874633133956,-0.06435904185311923,0.18765442429346546
6,DK,Denmark,40,2013-05-01,5,0.0,1,5602628.0,15.53874633133956,-0.06435904185311923,0.18765442429346546
6,DK,Denmark,41,2013-06-01,6,0.0,1,5602628.0,15.53874633133956,-0.06435904185311923,0.18765442429346546
6,DK,Denmark,42,2013-07-01,7,0.0,1,5602628.0,15.53874633133956,-0.06435904185311923,0.18765442429346546
6,DK,Denmark,43,2013-08-01,8,0.0,1,5602628.0,15.53874633133956,-0.06435904185311923,0.18765442429346546
6,DK,Denmark,44,2013-09-01,9,0.0,1,5602628.0,15.53874633133956,-0.06435904185311923,0.18765442429346546
6,DK,Denmark,45,2013-10-01,10,0.0,1,5602628.0,15.53874633133956,-0.06435904185311923,0.18765442429346546
6,DK,Denmark,46,2013-11-01,11,0.0,1,5602628.0,15.53874633133956,-0.06435904185311923,0.18765442429346546
6,DK,Denmark,47,2013-12-01,12,0.0,1,5602628.0,15.53874633133956,-0.06435904185311923,0.18765442429346546
6,DK,Denmark,48,2014-01-01,1,0.0,1,5627235.0,15.543128760472106,-0.06435904185311923,0.18765442429346546
6,DK,Denmark,49,2014-02-01,2,5.0,1,5627235.0,15.543128760472106,-0.06435904185311923,0.18765442429346546
6,DK,Denmark,50,2014-03-01,3,8.0,1,5627235.0,15.543128760472106,-0.06435904185311923,0.18765442429346546
6,DK,Denmark,51,2014-04-01,4,10.0,1,5627235.0,15.543128760472106,-0.06435904185311923,0.18765442429346546
6,DK,Denmark,52,2014-05-01,5,1.0,1,5627235.0,15.543128760472106,-0.06435904185311923,0.18765442429346546
6,DK,Denmark,53,2014-06-01,6,1.0,1,5627235.0,15.543128760472106,-0.06435904185311923,0.18765442429346546
6,DK,Denmark,54,2014-07-01,7,1.0,1,5627235.0,15.543128760472106,-0.06435904185311923,0.18765442429346546
6,DK,Denmark,55,2014-08-01,8,3.0,1,5627235.0,15.543128760472106,-0.06435904185311923,0.18765442429346546
6,DK,Denmark,56,2014-09-01,9,0.0,1,5627235.0,15.543128760472106,-0.06435904185311923,0.18765442429346546
6,DK,Denmark,57,2014-10-01,10,0.0,1,5627235.0,15.543128760472106,-0.06435904185311923,0.18765442429346546
6,DK,Denmark,58,2014-11-01,11,0.0,1,5627235.0,15.543128760472106,-0.06435904185311923,0.18765442429346546
6,DK,Denmark,59,2014-12-01,12,0.0,1,5627235.0,15.543128760472106,-0.06435904185311923,0.18765442429346546
6,DK,Denmark,60,2015-01-01,1,0.0,1,5659715.0,15.548884095554703,-0.06435904185311923,0.18765442429346546
6,DK,Denmark,61,2015-02-01,2,2.0,1,5659715.0,15.548884095554703,-0.06435904185311923,0.18765442429346546
6,DK,Denmark,62,2015-03-01,3,1.0,1,5659715.0,15.548884095554703,-0.06435904185311923,0.18765442429346546
6,DK,Denmark,63,2015-04-01,4,1.0,1,5659715.0,15.548884095554703,-0.06435904185311923,0.18765442429346546
6,DK,Denmark,64,2015-05-01,5,5.0,1,5659715.0,15.548884095554703,-0.06435904185311923,0.18765442429346546
6,DK,Denmark,65,2015-06-01,6,0.0,1,5659715.0,15.548884095554703,-0.06435904185311923,0.18765442429346546
6,DK,Denmark,66,2015-07-01,7,0.0,1,5659715.0,15.548884095554703,-0.06435904185311923,0.18765442429346546
6,DK,Denmark,67,2015-08-01,8,0.0,1,5659715.0,15.548884095554703,-0.06435904185311923,0.18765442429346546
6,DK,Denmark,68,2015-09-01,9,0.0,1,5659715.0,15.548884095554703,-0.06435904185311923,0.18765442429346546
6,DK,Denmark,69,2015-10-01,10,0.0,1,5659715.0,15.548884095554703,-0.06435904185311923,0.18765442429346546
6,DK,Denmark,70,2015-11-01,11,0.0,1,5659715.0,15.548884095554703,-0.06435904185311923,0.18765442429346546
6,DK,Denmark,71,2015-12-01,12,0.0,1,5659715.0,15.548884095554703,-0.06435904185311923,0.18765442429346546
6,DK,Denmark,72,2016-01-01,1,0.0,1,5707251.0,15.557248029627578,-0.06435904185311923,0.18765442429346546
6,DK,Denmark,73,2016-02-01,2,0.0,1,5707251.0,15.557248029627578,-0.06435904185311923,0.18765442429346546
6,DK,Denmark,74,2016-03-01,3,0.0,1,5707251.0,15.557248029627578,-0.06435904185311923,0.18765442429346546
6,DK,Denmark,75,2016-04-01,4,1.0,1,5707251.0,15.557248029627578,-0.06435904185311923,0.18765442429346546
6,DK,Denmark,76,2016-05-01,5,0.0,1,5707251.0,15.557248029627578,-0.06435904185311923,0.18765442429346546
6,DK,Denmark,77,2016-06-01,6,0.0,1,5707251.0,15.557248029627578,-0.06435904185311923,0.18765442429346546
6,DK,Denmark,78,2016-07-01,7,0.0,1,5707251.0,15.557248029627578,-0.06435904185311923,0.18765442429346546
6,DK,Denmark,79,2016-08-01,8,1.0,1,5707251.0,15.557248029627578,-0.06435904185311923,0.18765442429346546
6,DK,Denmark,80,2016-09-01,9,0.0,1,5707251.0,15.557248029627578,-0.06435904185311923,0.18765442429346546
6,DK,Denmark,81,2016-10-01,10,0.0,1,5707251.0,15.557248029627578,-0.06435904185311923,0.18765442429346546
6,DK,Denmark,82,2016-11-01,11,0.0,1,5707251.0,15.557248029627578,-0.06435904185311923,0.18765442429346546
6,DK,Denmark,83,2016-12-01,12,1.0,1,5707251.0,15.557248029627578,-0.06435904185311923,0.18765442429346546
6,DK,Denmark,84,2017-01-01,1,0.0,1,5748769.0,15.564496302897128,-0.06435904185311923,0.18765442429346546
6,DK,Denmark,85,2017-02-01,2,0.0,1,5748769.0,15.564496302897128,-0.06435904185311923,0.18765442429346546
6,DK,Denmark,86,2017-03-01,3,1.0,1,5748769.0,15.564496302897128,-0.06435904185311923,0.18765442429346546
6,DK,Denmark,87,2017-04-01,4,0.0,1,5748769.0,15.564496302897128,-0.06435904185311923,0.18765442429346546
6,DK,Denmark,88,2017-05-01,5,0.0,1,5748769.0,15.564496302897128,-0.06435904185311923,0.18765442429346546
6,DK,Denmark,89,2017-06-01,6,0.0,1,5748769.0,15.564496302897128,-0.06435904185311923,0.18765442429346546
6,DK,Denmark,90,2017-07-01,7,0.0,1,5748769.0,15.564496302897128,-0.06435904185311923,0.18765442429346546
6,DK,Denmark,91,2017-08-01,8,3.0,1,5748769.0,15.564496302897128,-0.06435904185311923,0.18765442429346546
6,DK,Denmark,92,2017-09-01,9,0.0,1,5748769.0,15.564496302897128,-0.06435904185311923,0.18765442429346546
6,DK,Denmark,93,2017-10-01,10,0.0,1,5748769.0,15.564496302897128,-0.06435904185311923,0.18765442429346546
6,DK,Denmark,94,2017-11-01,11,0.0,1,5748769.0,15.564496302897128,-0.06435904185311923,0.18765442429346546
6,DK,Denmark,95,2017-12-01,12,0.0,1,5748769.0,15.564496302897128,-0.06435904185311923,0.18765442429346546
6,DK,Denmark,96,2018-01-01,1,0.0,1,5781190.0,15.570120101810637,-0.06435904185311923,0.18765442429346546
6,DK,Denmark,97,2018-02-01,2,0.0,1,5781190.0,15.570120101810637,-0.06435904185311923,0.18765442429346546
6,DK,Denmark,98,2018-03-01,3,3.0,1,5781190.0,15.570120101810637,-0.06435904185311923,0.18765442429346546
6,DK,Denmark,99,2018-04-01,4,0.0,1,5781190.0,15.570120101810637,-0.06435904185311923,0.18765442429346546
6,DK,Denmark,100,2018-05-01,5,0.0,1,5781190.0,15.570120101810637,-0.06435904185311923,0.18765442429346546
6,DK,Denmark,101,2018-06-01,6,0.0,1,5781190.0,15.570120101810637,-0.06435904185311923,0.18765442429346546
6,DK,Denmark,102,2018-07-01,7,0.0,1,5781190.0,15.570120101810637,-0.06435904185311923,0.18765442429346546
6,DK,Denmark,103,2018-08-01,8,2.0,1,5781190.0,15.570120101810637,-0.06435904185311923,0.18765442429346546
6,DK,Denmark,104,2018-09-01,9,2.0,1,5781190.0,15.570120101810637,-0.06435904185311923,0.18765442429346546
6,DK,Denmark,105,2018-10-01,10,0.0,1,5781190.0,15.570120101810637,-0.06435904185311923,0.18765442429346546
6,DK,Denmark,106,2018-11-01,11,0.0,1,5781190.0,15.570120101810637,-0.06435904185311923,0.18765442429346546
6,DK,Denmark,107,2018-12-01,12,1.0,1,5781190.0,15.570120101810637,-0.06435904185311923,0.18765442429346546
6,DK,Denmark,108,2019-01-01,1,2.0,1,5806081.0,15.574416374554481,-0.06435904185311923,0.18765442429346546
6,DK,Denmark,109,2019-02-01,2,5.0,1,5806081.0,15.574416374554481,-0.06435904185311923,0.18765442429346546
6,DK,Denmark,110,2019-03-01,3,4.0,1,5806081.0,15.574416374554481,-0.06435904185311923,0.18765442429346546
6,DK,Denmark,111,2019-04-01,4,2.0,1,5806081.0,15.574416374554481,-0.06435904185311923,0.18765442429346546
6,DK,Denmark,112,2019-05-01,5,1.0,1,5806081.0,15.574416374554481,-0.06435904185311923,0.18765442429346546
6,DK,Denmark,113,2019-06-01,6,1.0,1,5806081.0,15.574416374554481,-0.06435904185311923,0.18765442429346546
6,DK,Denmark,114,2019-07-01,7,0.0,1,5806081.0,15.574416374554481,-0.06435904185311923,0.18765442429346546
6,DK,Denmark,115,2019-08-01,8,0.0,1,5806081.0,15.574416374554481,-0.06435904185311923,0.18765442429346546
6,DK,Denmark,116,2019-09-01,9,0.0,1,5806081.0,15.574416374554481,-0.06435904185311923,0.18765442429346546
6,DK,Denmark,117,2019-10-01,10,0.0,1,5806081.0,15.574416374554481,-0.06435904185311923,0.18765442429346546
6,DK,Denmark,118,2019-11-01,11,0.0,1,5806081.0,15.574416374554481,-0.06435904185311923,0.18765442429346546
6,DK,Denmark,119,2019-12-01,12,0.0,1,5806081.0,15.574416374554481,-0.06435904185311923,0.18765442429346546
7,EE,Estonia,0,2010-01-01,1,0.0,1,1333290.0,14.103160129887918,0.23144248486443803,0.2642605076271271
7,EE,Estonia,1,2010-02-01,2,0.0,1,1333290.0,14.103160129887918,0.23144248486443803,0.2642605076271271
7,EE,Estonia,2,2010-03-01,3,0.0,1,1333290.0,14.103160129887918,0.23144248486443803,0.2642605076271271
7,EE,Estonia,3,2010-04-01,4,0.0,1,1333290.0,14.103160129887918,0.23144248486443803,0.2642605076271271
7,EE,Estonia,4,2010-05-01,5,0.0,1,1333290.0,14.103160129887918,0.23144248486443803,0.2642605076271271
7,EE,Estonia,5,2010-06-01,6,0.0,1,1333290.0,14.103160129887918,0.23144248486443803,0.2642605076271271
7,EE,Estonia,6,2010-07-01,7,0.0,1,1333290.0,14.103160129887918,0.23144248486443803,0.2642605076271271
7,EE,Estonia,7,2010-08-01,8,0.0,1,1333290.0,14.103160129887918,0.23144248486443803,0.2642605076271271
7,EE,Estonia,8,2010-09-01,9,0.0,1,1333290.0,14.103160129887918,0.23144248486443803,0.2642605076271271
7,EE,Estonia,9,2010-10-01,10,0.0,1,1333290.0,14.103160129887918,0.23144248486443803,0.2642605076271271
7,EE,Estonia,10,2010-11-01,11,0.0,1,1333290.0,14.103160129887918,0.23144248486443803,0.2642605076271271
7,EE,Estonia,11,2010-12-01,12,0.0,1,1333290.0,14.103160129887918,0.23144248486443803,0.2642605076271271
7,EE,Estonia,12,2011-01-01,1,0.0,1,1329660.0,14.100433828418948,0.23144248486443803,0.2642605076271271
7,EE,Estonia,13,2011-02-01,2,0.0,1,1329660.0,14.100433828418948,0.23144248486443803,0.2642605076271271
7,EE,Estonia,14,2011-03-01,3,4.0,1,1329660.0,14.100433828418948,0.23144248486443803,0.2642605076271271
7,EE,Estonia,15,2011-04-01,4,1.0,1,1329660.0,14.100433828418948,0.23144248486443803,0.2642605076271271
7,EE,Estonia,16,2011-05-01,5,1.0,1,1329660.0,14.100433828418948,0.23144248486443803,0.2642605076271271
7,EE,Estonia,17,2011-06-01,6,1.0,1,1329660.0,14.100433828418948,0.23144248486443803,0.2642605076271271
7,EE,Estonia,18,2011-07-01,7,0.0,1,1329660.0,14.100433828418948,0.23144248486443803,0.2642605076271271
7,EE,Estonia,19,2011-08-01,8,0.0,1,1329660.0,14.100433828418948,0.23144248486443803,0.2642605076271271
7,EE,Estonia,20,2011-09-01,9,0.0,1,1329660.0,14.100433828418948,0.23144248486443803,0.2642605076271271
7,EE,Estonia,21,2011-10-01,10,0.0,1,1329660.0,14.100433828418948,0.23144248486443803,0.2642605076271271
7,EE,Estonia,22,2011-11-01,11,0.0,1,1329660.0,14.100433828418948,0.23144248486443803,0.2642605076271271
7,EE,Estonia,23,2011-12-01,12,0.0,1,1329660.0,14.100433828418948,0.23144248486443803,0.2642605076271271
7,EE,Estonia,24,2012-01-01,1,0.0,1,1325217.0,14.097086777577935,0.23144248486443803,0.2642605076271271
7,EE,Estonia,25,2012-02-01,2,0.0,1,1325217.0,14.097086777577935,0.23144248486443803,0.2642605076271271
7,EE,Estonia,26,2012-03-01,3,0.0,1,1325217.0,14.097086777577935,0.23144248486443803,0.2642605076271271
7,EE,Estonia,27,2012-04-01,4,2.0,1,1325217.0,14.097086777577935,0.23144248486443803,0.2642605076271271
7,EE,Estonia,28,2012-05-01,5,1.0,1,1325217.0,14.097086777577935,0.23144248486443803,0.2642605076271271
7,EE,Estonia,29,2012-06-01,6,0.0,1,1325217.0,14.097086777577935,0.23144248486443803,0.2642605076271271
7,EE,Estonia,30,2012-07-01,7,0.0,1,1325217.0,14.097086777577935,0.23144248486443803,0.2642605076271271
7,EE,Estonia,31,2012-08-01,8,0.0,1,1325217.0,14.097086777577935,0.23144248486443803,0.2642605076271271
7,EE,Estonia,32,2012-09-01,9,0.0,1,1325217.0,14.097086777577935,0.23144248486443803,0.2642605076271271
7,EE,Estonia,33,2012-10-01,10,0.0,1,1325217.0,14.097086777577935,0.23144248486443803,0.2642605076271271
7,EE,Estonia,34,2012-11-01,11,0.0,1,1325217.0,14.097086777577935,0.23144248486443803,0.2642605076271271
7,EE,Estonia,35,2012-12-01,12,1.0,1,1325217.0,14.097086777577935,0.23144248486443803,0.2642605076271271
7,EE,Estonia,36,2013-01-01,1,0.0,1,1320169.0,14.093270316670404,0.23144248486443803,0.2642605076271271
7,EE,Estonia,37,2013-02-01,2,0.0,1,1320169.0,14.093270316670404,0.23144248486443803,0.2642605076271271
7,EE,Estonia,38,2013-03-01,3,1.0,1,1320169.0,14.093270316670404,0.23144248486443803,0.2642605076271271
7,EE,Estonia,39,2013-04-01,4,1.0,1,1320169.0,14.093270316670404,0.23144248486443803,0.2642605076271271
7,EE,Estonia,40,2013-05-01,5,0.0,1,1320169.0,14.093270316670404,0.23144248486443803,0.2642605076271271
7,EE,Estonia,41,2013-06-01,6,0.0,1,1320169.0,14.093270316670404,0.23144248486443803,0.2642605076271271
7,EE,Estonia,42,2013-07-01,7,0.0,1,1320169.0,14.093270316670404,0.23144248486443803,0.2642605076271271
7,EE,Estonia,43,2013-08-01,8,0.0,1,1320169.0,14.093270316670404,0.23144248486443803,0.2642605076271271
7,EE,Estonia,44,2013-09-01,9,0.0,1,1320169.0,14.093270316670404,0.23144248486443803,0.2642605076271271
7,EE,Estonia,45,2013-10-01,10,0.0,1,1320169.0,14.093270316670404,0.23144248486443803,0.2642605076271271
7,EE,Estonia,46,2013-11-01,11,0.0,1,1320169.0,14.093270316670404,0.23144248486443803,0.2642605076271271
7,EE,Estonia,47,2013-12-01,12,0.0,1,1320169.0,14.093270316670404,0.23144248486443803,0.2642605076271271
7,EE,Estonia,48,2014-01-01,1,0.0,1,1315819.0,14.089969843414261,0.23144248486443803,0.2642605076271271
7,EE,Estonia,49,2014-02-01,2,0.0,1,1315819.0,14.089969843414261,0.23144248486443803,0.2642605076271271
7,EE,Estonia,50,2014-03-01,3,0.0,1,1315819.0,14.089969843414261,0.23144248486443803,0.2642605076271271
7,EE,Estonia,51,2014-04-01,4,0.0,1,1315819.0,14.089969843414261,0.23144248486443803,0.2642605076271271
7,EE,Estonia,52,2014-05-01,5,0.0,1,1315819.0,14.089969843414261,0.23144248486443803,0.2642605076271271
7,EE,Estonia,53,2014-06-01,6,0.0,1,1315819.0,14.089969843414261,0.23144248486443803,0.2642605076271271
7,EE,Estonia,54,2014-07-01,7,0.0,1,1315819.0,14.089969843414261,0.23144248486443803,0.2642605076271271
7,EE,Estonia,55,2014-08-01,8,0.0,1,1315819.0,14.089969843414261,0.23144248486443803,0.2642605076271271
7,EE,Estonia,56,2014-09-01,9,0.0,1,1315819.0,14.089969843414261,0.23144248486443803,0.2642605076271271
7,EE,Estonia,57,2014-10-01,10,0.0,1,1315819.0,14.089969843414261,0.23144248486443803,0.2642605076271271
7,EE,Estonia,58,2014-11-01,11,0.0,1,1315819.0,14.089969843414261,0.23144248486443803,0.2642605076271271
7,EE,Estonia,59,2014-12-01,12,0.0,1,1315819.0,14.089969843414261,0.23144248486443803,0.2642605076271271
7,EE,Estonia,60,2015-01-01,1,0.0,1,1313271.0,14.08803152955072,0.23144248486443803,0.2642605076271271
7,EE,Estonia,61,2015-02-01,2,0.0,1,1313271.0,14.08803152955072,0.23144248486443803,0.2642605076271271
7,EE,Estonia,62,2015-03-01,3,0.0,1,1313271.0,14.08803152955072,0.23144248486443803,0.2642605076271271
7,EE,Estonia,63,2015-04-01,4,1.0,1,1313271.0,14.08803152955072,0.23144248486443803,0.2642605076271271
7,EE,Estonia,64,2015-05-01,5,0.0,1,1313271.0,14.08803152955072,0.23144248486443803,0.2642605076271271
7,EE,Estonia,65,2015-06-01,6,0.0,1,1313271.0,14.08803152955072,0.23144248486443803,0.2642605076271271
7,EE,Estonia,66,2015-07-01,7,0.0,1,1313271.0,14.08803152955072,0.23144248486443803,0.2642605076271271
7,EE,Estonia,67,2015-08-01,8,0.0,1,1313271.0,14.08803152955072,0.23144248486443803,0.2642605076271271
7,EE,Estonia,68,2015-09-01,9,0.0,1,1313271.0,14.08803152955072,0.23144248486443803,0.2642605076271271
7,EE,Estonia,69,2015-10-01,10,0.0,1,1313271.0,14.08803152955072,0.23144248486443803,0.2642605076271271
7,EE,Estonia,70,2015-11-01,11,0.0,1,1313271.0,14.08803152955072,0.23144248486443803,0.2642605076271271
7,EE,Estonia,71,2015-12-01,12,3.0,1,1313271.0,14.08803152955072,0.23144248486443803,0.2642605076271271
7,EE,Estonia,72,2016-01-01,1,1.0,1,1315944.0,14.090064836770498,0.23144248486443803,0.2642605076271271
7,EE,Estonia,73,2016-02-01,2,0.0,1,1315944.0,14.090064836770498,0.23144248486443803,0.2642605076271271
7,EE,Estonia,74,2016-03-01,3,0.0,1,1315944.0,14.090064836770498,0.23144248486443803,0.2642605076271271
7,EE,Estonia,75,2016-04-01,4,1.0,1,1315944.0,14.090064836770498,0.23144248486443803,0.2642605076271271
7,EE,Estonia,76,2016-05-01,5,0.0,1,1315944.0,14.090064836770498,0.23144248486443803,0.2642605076271271
7,EE,Estonia,77,2016-06-01,6,0.0,1,1315944.0,14.090064836770498,0.23144248486443803,0.2642605076271271
7,EE,Estonia,78,2016-07-01,7,0.0,1,1315944.0,14.090064836770498,0.23144248486443803,0.2642605076271271
7,EE,Estonia,79,2016-08-01,8,0.0,1,1315944.0,14.090064836770498,0.23144248486443803,0.2642605076271271
7,EE,Estonia,80,2016-09-01,9,0.0,1,1315944.0,14.090064836770498,0.23144248486443803,0.2642605076271271
7,EE,Estonia,81,2016-10-01,10,0.0,1,1315944.0,14.090064836770498,0.23144248486443803,0.2642605076271271
7,EE,Estonia,82,2016-11-01,11,0.0,1,1315944.0,14.090064836770498,0.23144248486443803,0.2642605076271271
7,EE,Estonia,83,2016-12-01,12,0.0,1,1315944.0,14.090064836770498,0.23144248486443803,0.2642605076271271
7,EE,Estonia,84,2017-01-01,1,0.0,1,1315635.0,14.089829996774116,0.23144248486443803,0.2642605076271271
7,EE,Estonia,85,2017-02-01,2,0.0,1,1315635.0,14.089829996774116,0.23144248486443803,0.2642605076271271
7,EE,Estonia,86,2017-03-01,3,0.0,1,1315635.0,14.089829996774116,0.23144248486443803,0.2642605076271271
7,EE,Estonia,87,2017-04-01,4,0.0,1,1315635.0,14.089829996774116,0.23144248486443803,0.2642605076271271
7,EE,Estonia,88,2017-05-01,5,1.0,1,1315635.0,14.089829996774116,0.23144248486443803,0.2642605076271271
7,EE,Estonia,89,2017-06-01,6,0.0,1,1315635.0,14.089829996774116,0.23144248486443803,0.2642605076271271
7,EE,Estonia,90,2017-07-01,7,0.0,1,1315635.0,14.089829996774116,0.23144248486443803,0.2642605076271271
7,EE,Estonia,91,2017-08-01,8,0.0,1,1315635.0,14.089829996774116,0.23144248486443803,0.2642605076271271
7,EE,Estonia,92,2017-09-01,9,0.0,1,1315635.0,14.089829996774116,0.23144248486443803,0.2642605076271271
7,EE,Estonia,93,2017-10-01,10,0.0,1,1315635.0,14.089829996774116,0.23144248486443803,0.2642605076271271
7,EE,Estonia,94,2017-11-01,11,0.0,1,1315635.0,14.089829996774116,0.23144248486443803,0.2642605076271271
7,EE,Estonia,95,2017-12-01,12,0.0,1,1315635.0,14.089829996774116,0.23144248486443803,0.2642605076271271
7,EE,Estonia,96,2018-01-01,1,0.0,1,1319133.0,14.092485260581174,0.23144248486443803,0.2642605076271271
7,EE,Estonia,97,2018-02-01,2,0.0,1,1319133.0,14.092485260581174,0.23144248486443803,0.2642605076271271
7,EE,Estonia,98,2018-03-01,3,2.0,1,1319133.0,14.092485260581174,0.23144248486443803,0.2642605076271271
7,EE,Estonia,99,2018-04-01,4,7.0,1,1319133.0,14.092485260581174,0.23144248486443803,0.2642605076271271
7,EE,Estonia,100,2018-05-01,5,1.0,1,1319133.0,14.092485260581174,0.23144248486443803,0.2642605076271271
7,EE,Estonia,101,2018-06-01,6,0.0,1,1319133.0,14.092485260581174,0.23144248486443803,0.2642605076271271
7,EE,Estonia,102,2018-07-01,7,0.0,1,1319133.0,14.092485260581174,0.23144248486443803,0.2642605076271271
7,EE,Estonia,103,2018-08-01,8,0.0,1,1319133.0,14.092485260581174,0.23144248486443803,0.2642605076271271
7,EE,Estonia,104,2018-09-01,9,0.0,1,1319133.0,14.092485260581174,0.23144248486443803,0.2642605076271271
7,EE,Estonia,105,2018-10-01,10,0.0,1,1319133.0,14.092485260581174,0.23144248486443803,0.2642605076271271
7,EE,Estonia,106,2018-11-01,11,0.0,1,1319133.0,14.092485260581174,0.23144248486443803,0.2642605076271271
7,EE,Estonia,107,2018-12-01,12,0.0,1,1319133.0,14.092485260581174,0.23144248486443803,0.2642605076271271
7,EE,Estonia,108,2019-01-01,1,3.0,1,1324820.0,14.096787159117538,0.23144248486443803,0.2642605076271271
7,EE,Estonia,109,2019-02-01,2,6.0,1,1324820.0,14.096787159117538,0.23144248486443803,0.2642605076271271
7,EE,Estonia,110,2019-03-01,3,2.0,1,1324820.0,14.096787159117538,0.23144248486443803,0.2642605076271271
7,EE,Estonia,111,2019-04-01,4,0.0,1,1324820.0,14.096787159117538,0.23144248486443803,0.2642605076271271
7,EE,Estonia,112,2019-05-01,5,6.0,1,1324820.0,14.096787159117538,0.23144248486443803,0.2642605076271271
7,EE,Estonia,113,2019-06-01,6,7.0,1,1324820.0,14.096787159117538,0.23144248486443803,0.2642605076271271
7,EE,Estonia,114,2019-07-01,7,1.0,1,1324820.0,14.096787159117538,0.23144248486443803,0.2642605076271271
7,EE,Estonia,115,2019-08-01,8,0.0,1,1324820.0,14.096787159117538,0.23144248486443803,0.2642605076271271
7,EE,Estonia,116,2019-09-01,9,0.0,1,1324820.0,14.096787159117538,0.23144248486443803,0.2642605076271271
7,EE,Estonia,117,2019-10-01,10,0.0,1,1324820.0,14.096787159117538,0.23144248486443803,0.2642605076271271
7,EE,Estonia,118,2019-11-01,11,0.0,1,1324820.0,14.096787159117538,0.23144248486443803,0.2642605076271271
7,EE,Estonia,119,2019-12-01,12,1.0,1,1324820.0,14.096787159117538,0.23144248486443803,0.2642605076271271
8,EL,Greece,0,2010-01-01,1,1.0,1,11119289.0,16.224191905893615,0.17419057646749145,-0.3132315051958604
8,EL,Greece,1,2010-02-01,2,8.0,1,11119289.0,16.224191905893615,0.17419057646749145,-0.3132315051958604
8,EL,Greece,2,2010-03-01,3,16.0,1,11119289.0,16.224191905893615,0.17419057646749145,-0.3132315051958604
8,EL,Greece,3,2010-04-01,4,7.0,1,11119289.0,16.224191905893615,0.17419057646749145,-0.3132315051958604
8,EL,Greece,4,2010-05-01,5,14.0,1,11119289.0,16.224191905893615,0.17419057646749145,-0.3132315051958604
8,EL,Greece,5,2010-06-01,6,27.0,1,11119289.0,16.224191905893615,0.17419057646749145,-0.3132315051958604
8,EL,Greece,6,2010-07-01,7,6.0,1,11119289.0,16.224191905893615,0.17419057646749145,-0.3132315051958604
8,EL,Greece,7,2010-08-01,8,11.0,1,11119289.0,16.224191905893615,0.17419057646749145,-0.3132315051958604
8,EL,Greece,8,2010-09-01,9,2.0,1,11119289.0,16.224191905893615,0.17419057646749145,-0.3132315051958604
8,EL,Greece,9,2010-10-01,10,0.0,1,11119289.0,16.224191905893615,0.17419057646749145,-0.3132315051958604
8,EL,Greece,10,2010-11-01,11,0.0,1,11119289.0,16.224191905893615,0.17419057646749145,-0.3132315051958604
8,EL,Greece,11,2010-12-01,12,0.0,1,11119289.0,16.224191905893615,0.17419057646749145,-0.3132315051958604
8,EL,Greece,12,2011-01-01,1,0.0,1,11119289.0,16.224191905893615,0.17419057646749145,-0.3132315051958604
8,EL,Greece,13,2011-02-01,2,2.0,1,11119289.0,16.224191905893615,0.17419057646749145,-0.3132315051958604
8,EL,Greece,14,2011-03-01,3,5.0,1,11119289.0,16.224191905893615,0.17419057646749145,-0.3132315051958604
8,EL,Greece,15,2011-04-01,4,16.0,1,11119289.0,16.224191905893615,0.17419057646749145,-0.3132315051958604
8,EL,Greece,16,2011-05-01,5,11.0,1,11119289.0,16.224191905893615,0.17419057646749145,-0.3132315051958604
8,EL,Greece,17,2011-06-01,6,0.0,1,11119289.0,16.224191905893615,0.17419057646749145,-0.3132315051958604
8,EL,Greece,18,2011-07-01,7,0.0,1,11119289.0,16.224191905893615,0.17419057646749145,-0.3132315051958604
8,EL,Greece,19,2011-08-01,8,3.0,1,11119289.0,16.224191905893615,0.17419057646749145,-0.3132315051958604
8,EL,Greece,20,2011-09-01,9,0.0,1,11119289.0,16.224191905893615,0.17419057646749145,-0.3132315051958604
8,EL,Greece,21,2011-10-01,10,0.0,1,11119289.0,16.224191905893615,0.17419057646749145,-0.3132315051958604
8,EL,Greece,22,2011-11-01,11,0.0,1,11119289.0,16.224191905893615,0.17419057646749145,-0.3132315051958604
8,EL,Greece,23,2011-12-01,12,0.0,1,11119289.0,16.224191905893615,0.17419057646749145,-0.3132315051958604
8,EL,Greece,24,2012-01-01,1,0.0,1,11072725.0,16.219995435187162,0.17419057646749145,-0.3132315051958604
8,EL,Greece,25,2012-02-01,2,0.0,1,11072725.0,16.219995435187162,0.17419057646749145,-0.3132315051958604
8,EL,Greece,26,2012-03-01,3,0.0,1,11072725.0,16.219995435187162,0.17419057646749145,-0.3132315051958604
8,EL,Greece,27,2012-04-01,4,0.0,1,11072725.0,16.219995435187162,0.17419057646749145,-0.3132315051958604
8,EL,Greece,28,2012-05-01,5,1.0,1,11072725.0,16.219995435187162,0.17419057646749145,-0.3132315051958604
8,EL,Greece,29,2012-06-01,6,1.0,1,11072725.0,16.219995435187162,0.17419057646749145,-0.3132315051958604
8,EL,Greece,30,2012-07-01,7,1.0,1,11072725.0,16.219995435187162,0.17419057646749145,-0.3132315051958604
8,EL,Greece,31,2012-08-01,8,0.0,1,11072725.0,16.219995435187162,0.17419057646749145,-0.3132315051958604
8,EL,Greece,32,2012-09-01,9,0.0,1,11072725.0,16.219995435187162,0.17419057646749145,-0.3132315051958604
8,EL,Greece,33,2012-10-01,10,0.0,1,11072725.0,16.219995435187162,0.17419057646749145,-0.3132315051958604
8,EL,Greece,34,2012-11-01,11,0.0,1,11072725.0,16.219995435187162,0.17419057646749145,-0.3132315051958604
8,EL,Greece,35,2012-12-01,12,0.0,1,11072725.0,16.219995435187162,0.17419057646749145,-0.3132315051958604
8,EL,Greece,36,2013-01-01,1,2.0,1,10980006.0,16.211586540493595,0.17419057646749145,-0.3132315051958604
8,EL,Greece,37,2013-02-01,2,2.0,1,10980006.0,16.211586540493595,0.17419057646749145,-0.3132315051958604
8,EL,Greece,38,2013-03-01,3,0.0,1,10980006.0,16.211586540493595,0.17419057646749145,-0.3132315051958604
8,EL,Greece,39,2013-04-01,4,0.0,1,10980006.0,16.211586540493595,0.17419057646749145,-0.3132315051958604
8,EL,Greece,40,2013-05-01,5,0.0,1,10980006.0,16.211586540493595,0.17419057646749145,-0.3132315051958604
8,EL,Greece,41,2013-06-01,6,0.0,1,10980006.0,16.211586540493595,0.17419057646749145,-0.3132315051958604
8,EL,Greece,42,2013-07-01,7,0.0,1,10980006.0,16.211586540493595,0.17419057646749145,-0.3132315051958604
8,EL,Greece,43,2013-08-01,8,0.0,1,10980006.0,16.211586540493595,0.17419057646749145,-0.3132315051958604
8,EL,Greece,44,2013-09-01,9,0.0,1,10980006.0,16.211586540493595,0.17419057646749145,-0.3132315051958604
8,EL,Greece,45,2013-10-01,10,0.0,1,10980006.0,16.211586540493595,0.17419057646749145,-0.3132315051958604
8,EL,Greece,46,2013-11-01,11,0.0,1,10980006.0,16.211586540493595,0.17419057646749145,-0.3132315051958604
8,EL,Greece,47,2013-12-01,12,0.0,1,10980006.0,16.211586540493595,0.17419057646749145,-0.3132315051958604
8,EL,Greece,48,2014-01-01,1,0.0,1,10894294.0,16.20374972389408,0.17419057646749145,-0.3132315051958604
8,EL,Greece,49,2014-02-01,2,0.0,1,10894294.0,16.20374972389408,0.17419057646749145,-0.3132315051958604
8,EL,Greece,50,2014-03-01,3,0.0,1,10894294.0,16.20374972389408,0.17419057646749145,-0.3132315051958604
8,EL,Greece,51,2014-04-01,4,0.0,1,10894294.0,16.20374972389408,0.17419057646749145,-0.3132315051958604
8,EL,Greece,52,2014-05-01,5,0.0,1,10894294.0,16.20374972389408,0.17419057646749145,-0.3132315051958604
8,EL,Greece,53,2014-06-01,6,0.0,1,10894294.0,16.20374972389408,0.17419057646749145,-0.3132315051958604
8,EL,Greece,54,2014-07-01,7,0.0,1,10894294.0,16.20374972389408,0.17419057646749145,-0.3132315051958604
8,EL,Greece,55,2014-08-01,8,0.0,1,10894294.0,16.20374972389408,0.17419057646749145,-0.3132315051958604
8,EL,Greece,56,2014-09-01,9,0.0,1,10894294.0,16.20374972389408,0.17419057646749145,-0.3132315051958604
8,EL,Greece,57,2014-10-01,10,0.0,1,10894294.0,16.20374972389408,0.17419057646749145,-0.3132315051958604
8,EL,Greece,58,2014-11-01,11,1.0,1,10894294.0,16.20374972389408,0.17419057646749145,-0.3132315051958604
8,EL,Greece,59,2014-12-01,12,0.0,1,10894294.0,16.20374972389408,0.17419057646749145,-0.3132315051958604
8,EL,Greece,60,2015-01-01,1,0.0,1,10818041.0,16.19672576138599,0.17419057646749145,-0.3132315051958604
8,EL,Greece,61,2015-02-01,2,0.0,1,10818041.0,16.19672576138599,0.17419057646749145,-0.3132315051958604
8,EL,Greece,62,2015-03-01,3,0.0,1,10818041.0,16.19672576138599,0.17419057646749145,-0.3132315051958604
8,EL,Greece,63,2015-04-01,4,0.0,1,10818041.0,16.19672576138599,0.17419057646749145,-0.3132315051958604
8,EL,Greece,64,2015-05-01,5,0.0,1,10818041.0,16.19672576138599,0.17419057646749145,-0.3132315051958604
8,EL,Greece,65,2015-06-01,6,0.0,1,10818041.0,16.19672576138599,0.17419057646749145,-0.3132315051958604
8,EL,Greece,66,2015-07-01,7,0.0,1,10818041.0,16.19672576138599,0.17419057646749145,-0.3132315051958604
8,EL,Greece,67,2015-08-01,8,0.0,1,10818041.0,16.19672576138599,0.17419057646749145,-0.3132315051958604
8,EL,Greece,68,2015-09-01,9,1.0,1,10818041.0,16.19672576138599,0.17419057646749145,-0.3132315051958604
8,EL,Greece,69,2015-10-01,10,0.0,1,10818041.0,16.19672576138599,0.17419057646749145,-0.3132315051958604
8,EL,Greece,70,2015-11-01,11,0.0,1,10818041.0,16.19672576138599,0.17419057646749145,-0.3132315051958604
8,EL,Greece,71,2015-12-01,12,0.0,1,10818041.0,16.19672576138599,0.17419057646749145,-0.3132315051958604
8,EL,Greece,72,2016-01-01,1,0.0,1,10735415.0,16.18905864714118,0.17419057646749145,-0.3132315051958604
8,EL,Greece,73,2016-02-01,2,0.0,1,10735415.0,16.18905864714118,0.17419057646749145,-0.3132315051958604
8,EL,Greece,74,2016-03-01,3,0.0,1,10735415.0,16.18905864714118,0.17419057646749145,-0.3132315051958604
8,EL,Greece,75,2016-04-01,4,0.0,1,10735415.0,16.18905864714118,0.17419057646749145,-0.3132315051958604
8,EL,Greece,76,2016-05-01,5,0.0,1,10735415.0,16.18905864714118,0.17419057646749145,-0.3132315051958604
8,EL,Greece,77,2016-06-01,6,0.0,1,10735415.0,16.18905864714118,0.17419057646749145,-0.3132315051958604
8,EL,Greece,78,2016-07-01,7,0.0,1,10735415.0,16.18905864714118,0.17419057646749145,-0.3132315051958604
8,EL,Greece,79,2016-08-01,8,0.0,1,10735415.0,16.18905864714118,0.17419057646749145,-0.3132315051958604
8,EL,Greece,80,2016-09-01,9,0.0,1,10735415.0,16.18905864714118,0.17419057646749145,-0.3132315051958604
8,EL,Greece,81,2016-10-01,10,0.0,1,10735415.0,16.18905864714118,0.17419057646749145,-0.3132315051958604
8,EL,Greece,82,2016-11-01,11,0.0,1,10735415.0,16.18905864714118,0.17419057646749145,-0.3132315051958604
8,EL,Greece,83,2016-12-01,12,0.0,1,10735415.0,16.18905864714118,0.17419057646749145,-0.3132315051958604
8,EL,Greece,84,2017-01-01,1,0.0,1,10707527.0,16.186457510065495,0.17419057646749145,-0.3132315051958604
8,EL,Greece,85,2017-02-01,2,0.0,1,10707527.0,16.186457510065495,0.17419057646749145,-0.3132315051958604
8,EL,Greece,86,2017-03-01,3,0.0,1,10707527.0,16.186457510065495,0.17419057646749145,-0.3132315051958604
8,EL,Greece,87,2017-04-01,4,0.0,1,10707527.0,16.186457510065495,0.17419057646749145,-0.3132315051958604
8,EL,Greece,88,2017-05-01,5,3.0,1,10707527.0,16.186457510065495,0.17419057646749145,-0.3132315051958604
8,EL,Greece,89,2017-06-01,6,1.0,1,10707527.0,16.186457510065495,0.17419057646749145,-0.3132315051958604
8,EL,Greece,90,2017-07-01,7,4.0,1,10707527.0,16.186457510065495,0.17419057646749145,-0.3132315051958604
8,EL,Greece,91,2017-08-01,8,67.0,1,10707527.0,16.186457510065495,0.17419057646749145,-0.3132315051958604
8,EL,Greece,92,2017-09-01,9,101.0,1,10707527.0,16.186457510065495,0.17419057646749145,-0.3132315051958604
8,EL,Greece,93,2017-10-01,10,81.0,1,10707527.0,16.186457510065495,0.17419057646749145,-0.3132315051958604
8,EL,Greece,94,2017-11-01,11,132.0,1,10707527.0,16.186457510065495,0.17419057646749145,-0.3132315051958604
8,EL,Greece,95,2017-12-01,12,179.0,1,10707527.0,16.186457510065495,0.17419057646749145,-0.3132315051958604
8,EL,Greece,96,2018-01-01,1,259.0,1,10667336.0,16.182696920127192,0.17419057646749145,-0.3132315051958604
8,EL,Greece,97,2018-02-01,2,268.0,1,10667336.0,16.182696920127192,0.17419057646749145,-0.3132315051958604
8,EL,Greece,98,2018-03-01,3,327.0,1,10667336.0,16.182696920127192,0.17419057646749145,-0.3132315051958604
8,EL,Greece,99,2018-04-01,4,222.0,1,10667336.0,16.182696920127192,0.17419057646749145,-0.3132315051958604
8,EL,Greece,100,2018-05-01,5,125.0,1,10667336.0,16.182696920127192,0.17419057646749145,-0.3132315051958604
8,EL,Greece,101,2018-06-01,6,68.0,1,10667336.0,16.182696920127192,0.17419057646749145,-0.3132315051958604
8,EL,Greece,102,2018-07-01,7,16.0,1,10667336.0,16.182696920127192,0.17419057646749145,-0.3132315051958604
8,EL,Greece,103,2018-08-01,8,10.0,1,10667336.0,16.182696920127192,0.17419057646749145,-0.3132315051958604
8,EL,Greece,104,2018-09-01,9,2.0,1,10667336.0,16.182696920127192,0.17419057646749145,-0.3132315051958604
8,EL,Greece,105,2018-10-01,10,2.0,1,10667336.0,16.182696920127192,0.17419057646749145,-0.3132315051958604
8,EL,Greece,106,2018-11-01,11,0.0,1,10667336.0,16.182696920127192,0.17419057646749145,-0.3132315051958604
8,EL,Greece,107,2018-12-01,12,1.0,1,10667336.0,16.182696920127192,0.17419057646749145,-0.3132315051958604
8,EL,Greece,108,2019-01-01,1,0.0,1,10635213.0,16.179681034624657,0.17419057646749145,-0.3132315051958604
8,EL,Greece,109,2019-02-01,2,2.0,1,10635213.0,16.179681034624657,0.17419057646749145,-0.3132315051958604
8,EL,Greece,110,2019-03-01,3,6.0,1,10635213.0,16.179681034624657,0.17419057646749145,-0.3132315051958604
8,EL,Greece,111,2019-04-01,4,5.0,1,10635213.0,16.179681034624657,0.17419057646749145,-0.3132315051958604
8,EL,Greece,112,2019-05-01,5,2.0,1,10635213.0,16.179681034624657,0.17419057646749145,-0.3132315051958604
8,EL,Greece,113,2019-06-01,6,0.0,1,10635213.0,16.179681034624657,0.17419057646749145,-0.3132315051958604
8,EL,Greece,114,2019-07-01,7,0.0,1,10635213.0,16.179681034624657,0.17419057646749145,-0.3132315051958604
8,EL,Greece,115,2019-08-01,8,0.0,1,10635213.0,16.179681034624657,0.17419057646749145,-0.3132315051958604
8,EL,Greece,116,2019-09-01,9,10.0,1,10635213.0,16.179681034624657,0.17419057646749145,-0.3132315051958604
8,EL,Greece,117,2019-10-01,10,1.0,1,10635213.0,16.179681034624657,0.17419057646749145,-0.3132315051958604
8,EL,Greece,118,2019-11-01,11,1.0,1,10635213.0,16.179681034624657,0.17419057646749145,-0.3132315051958604
8,EL,Greece,119,2019-12-01,12,1.0,1,10635213.0,16.179681034624657,0.17419057646749145,-0.3132315051958604
9,ES,Spain,0,2010-01-01,1,4.0,1,46486619.0,17.654675065704883,-0.3162674387996841,-0.283767626990606
9,ES,Spain,1,2010-02-01,2,5.0,1,46486619.0,17.654675065704883,-0.3162674387996841,-0.283767626990606
9,ES,Spain,2,2010-03-01,3,17.0,1,46486619.0,17.654675065704883,-0.3162674387996841,-0.283767626990606
9,ES,Spain,3,2010-04-01,4,52.0,1,46486619.0,17.654675065704883,-0.3162674387996841,-0.283767626990606
9,ES,Spain,4,2010-05-01,5,17.0,1,46486619.0,17.654675065704883,-0.3162674387996841,-0.283767626990606
9,ES,Spain,5,2010-06-01,6,6.0,1,46486619.0,17.654675065704883,-0.3162674387996841,-0.283767626990606
9,ES,Spain,6,2010-07-01,7,3.0,1,46486619.0,17.654675065704883,-0.3162674387996841,-0.283767626990606
9,ES,Spain,7,2010-08-01,8,6.0,1,46486619.0,17.654675065704883,-0.3162674387996841,-0.283767626990606
9,ES,Spain,8,2010-09-01,9,3.0,1,46486619.0,17.654675065704883,-0.3162674387996841,-0.283767626990606
9,ES,Spain,9,2010-10-01,10,18.0,1,46486619.0,17.654675065704883,-0.3162674387996841,-0.283767626990606
9,ES,Spain,10,2010-11-01,11,59.0,1,46486619.0,17.654675065704883,-0.3162674387996841,-0.283767626990606
9,ES,Spain,11,2010-12-01,12,58.0,1,46486619.0,17.654675065704883,-0.3162674387996841,-0.283767626990606
9,ES,Spain,12,2011-01-01,1,98.0,1,46667174.0,17.658551563274948,-0.3162674387996841,-0.283767626990606
9,ES,Spain,13,2011-02-01,2,153.0,1,46667174.0,17.658551563274948,-0.3162674387996841,-0.283767626990606
9,ES,Spain,14,2011-03-01,3,236.0,1,46667174.0,17.658551563274948,-0.3162674387996841,-0.283767626990606
9,ES,Spain,15,2011-04-01,4,340.0,1,46667174.0,17.658551563274948,-0.3162674387996841,-0.283767626990606
9,ES,Spain,16,2011-05-01,5,396.0,1,46667174.0,17.658551563274948,-0.3162674387996841,-0.283767626990606
9,ES,Spain,17,2011-06-01,6,257.0,1,46667174.0,17.658551563274948,-0.3162674387996841,-0.283767626990606
9,ES,Spain,18,2011-07-01,7,160.0,1,46667174.0,17.658551563274948,-0.3162674387996841,-0.283767626990606
9,ES,Spain,19,2011-08-01,8,102.0,1,46667174.0,17.658551563274948,-0.3162674387996841,-0.283767626990606
9,ES,Spain,20,2011-09-01,9,126.0,1,46667174.0,17.658551563274948,-0.3162674387996841,-0.283767626990606
9,ES,Spain,21,2011-10-01,10,96.0,1,46667174.0,17.658551563274948,-0.3162674387996841,-0.283767626990606
9,ES,Spain,22,2011-11-01,11,116.0,1,46667174.0,17.658551563274948,-0.3162674387996841,-0.283767626990606
9,ES,Spain,23,2011-12-01,12,62.0,1,46667174.0,17.658551563274948,-0.3162674387996841,-0.283767626990606
9,ES,Spain,24,2012-01-01,1,110.0,1,46818219.0,17.66178298000408,-0.3162674387996841,-0.283767626990606
9,ES,Spain,25,2012-02-01,2,177.0,1,46818219.0,17.66178298000408,-0.3162674387996841,-0.283767626990606
9,ES,Spain,26,2012-03-01,3,259.0,1,46818219.0,17.66178298000408,-0.3162674387996841,-0.283767626990606
9,ES,Spain,27,2012-04-01,4,106.0,1,46818219.0,17.66178298000408,-0.3162674387996841,-0.283767626990606
9,ES,Spain,28,2012-05-01,5,61.0,1,46818219.0,17.66178298000408,-0.3162674387996841,-0.283767626990606
9,ES,Spain,29,2012-06-01,6,53.0,1,46818219.0,17.66178298000408,-0.3162674387996841,-0.283767626990606
9,ES,Spain,30,2012-07-01,7,25.0,1,46818219.0,17.66178298000408,-0.3162674387996841,-0.283767626990606
9,ES,Spain,31,2012-08-01,8,11.0,1,46818219.0,17.66178298000408,-0.3162674387996841,-0.283767626990606
9,ES,Spain,32,2012-09-01,9,4.0,1,46818219.0,17.66178298000408,-0.3162674387996841,-0.283767626990606
9,ES,Spain,33,2012-10-01,10,10.0,1,46818219.0,17.66178298000408,-0.3162674387996841,-0.283767626990606
9,ES,Spain,34,2012-11-01,11,3.0,1,46818219.0,17.66178298000408,-0.3162674387996841,-0.283767626990606
9,ES,Spain,35,2012-12-01,12,3.0,1,46818219.0,17.66178298000408,-0.3162674387996841,-0.283767626990606
9,ES,Spain,36,2013-01-01,1,4.0,1,46712650.0,17.659525563902644,-0.3162674387996841,-0.283767626990606
9,ES,Spain,37,2013-02-01,2,9.0,1,46712650.0,17.659525563902644,-0.3162674387996841,-0.283767626990606
9,ES,Spain,38,2013-03-01,3,9.0,1,46712650.0,17.659525563902644,-0.3162674387996841,-0.283767626990606
9,ES,Spain,39,2013-04-01,4,15.0,1,46712650.0,17.659525563902644,-0.3162674387996841,-0.283767626990606
9,ES,Spain,40,2013-05-01,5,11.0,1,46712650.0,17.659525563902644,-0.3162674387996841,-0.283767626990606
9,ES,Spain,41,2013-06-01,6,18.0,1,46712650.0,17.659525563902644,-0.3162674387996841,-0.283767626990606
9,ES,Spain,42,2013-07-01,7,24.0,1,46712650.0,17.659525563902644,-0.3162674387996841,-0.283767626990606
9,ES,Spain,43,2013-08-01,8,8.0,1,46712650.0,17.659525563902644,-0.3162674387996841,-0.283767626990606
9,ES,Spain,44,2013-09-01,9,4.0,1,46712650.0,17.659525563902644,-0.3162674387996841,-0.283767626990606
9,ES,Spain,45,2013-10-01,10,4.0,1,46712650.0,17.659525563902644,-0.3162674387996841,-0.283767626990606
9,ES,Spain,46,2013-11-01,11,0.0,1,46712650.0,17.659525563902644,-0.3162674387996841,-0.283767626990606
9,ES,Spain,47,2013-12-01,12,3.0,1,46712650.0,17.659525563902644,-0.3162674387996841,-0.283767626990606
9,ES,Spain,48,2014-01-01,1,11.0,1,46495744.0,17.654871339487023,-0.3162674387996841,-0.283767626990606
9,ES,Spain,49,2014-02-01,2,25.0,1,46495744.0,17.654871339487023,-0.3162674387996841,-0.283767626990606
9,ES,Spain,50,2014-03-01,3,77.0,1,46495744.0,17.654871339487023,-0.3162674387996841,-0.283767626990606
9,ES,Spain,51,2014-04-01,4,27.0,1,46495744.0,17.654871339487023,-0.3162674387996841,-0.283767626990606
9,ES,Spain,52,2014-05-01,5,8.0,1,46495744.0,17.654871339487023,-0.3162674387996841,-0.283767626990606
9,ES,Spain,53,2014-06-01,6,1.0,1,46495744.0,17.654871339487023,-0.3162674387996841,-0.283767626990606
9,ES,Spain,54,2014-07-01,7,0.0,1,46495744.0,17.654871339487023,-0.3162674387996841,-0.283767626990606
9,ES,Spain,55,2014-08-01,8,1.0,1,46495744.0,17.654871339487023,-0.3162674387996841,-0.283767626990606
9,ES,Spain,56,2014-09-01,9,0.0,1,46495744.0,17.654871339487023,-0.3162674387996841,-0.283767626990606
9,ES,Spain,57,2014-10-01,10,0.0,1,46495744.0,17.654871339487023,-0.3162674387996841,-0.283767626990606
9,ES,Spain,58,2014-11-01,11,0.0,1,46495744.0,17.654871339487023,-0.3162674387996841,-0.283767626990606
9,ES,Spain,59,2014-12-01,12,0.0,1,46495744.0,17.654871339487023,-0.3162674387996841,-0.283767626990606
9,ES,Spain,60,2015-01-01,1,5.0,1,46425722.0,17.65336421704765,-0.3162674387996841,-0.283767626990606
9,ES,Spain,61,2015-02-01,2,5.0,1,46425722.0,17.65336421704765,-0.3162674387996841,-0.283767626990606
9,ES,Spain,62,2015-03-01,3,6.0,1,46425722.0,17.65336421704765,-0.3162674387996841,-0.283767626990606
9,ES,Spain,63,2015-04-01,4,2.0,1,46425722.0,17.65336421704765,-0.3162674387996841,-0.283767626990606
9,ES,Spain,64,2015-05-01,5,5.0,1,46425722.0,17.65336421704765,-0.3162674387996841,-0.283767626990606
9,ES,Spain,65,2015-06-01,6,7.0,1,46425722.0,17.65336421704765,-0.3162674387996841,-0.283767626990606
9,ES,Spain,66,2015-07-01,7,1.0,1,46425722.0,17.65336421704765,-0.3162674387996841,-0.283767626990606
9,ES,Spain,67,2015-08-01,8,1.0,1,46425722.0,17.65336421704765,-0.3162674387996841,-0.283767626990606
9,ES,Spain,68,2015-09-01,9,0.0,1,46425722.0,17.65336421704765,-0.3162674387996841,-0.283767626990606
9,ES,Spain,69,2015-10-01,10,0.0,1,46425722.0,17.65336421704765,-0.3162674387996841,-0.283767626990606
9,ES,Spain,70,2015-11-01,11,0.0,1,46425722.0,17.65336421704765,-0.3162674387996841,-0.283767626990606
9,ES,Spain,71,2015-12-01,12,0.0,1,46425722.0,17.65336421704765,-0.3162674387996841,-0.283767626990606
9,ES,Spain,72,2016-01-01,1,0.0,1,46418884.0,17.653216917160083,-0.3162674387996841,-0.283767626990606
9,ES,Spain,73,2016-02-01,2,0.0,1,46418884.0,17.653216917160083,-0.3162674387996841,-0.283767626990606
9,ES,Spain,74,2016-03-01,3,6.0,1,46418884.0,17.653216917160083,-0.3162674387996841,-0.283767626990606
9,ES,Spain,75,2016-04-01,4,3.0,1,46418884.0,17.653216917160083,-0.3162674387996841,-0.283767626990606
9,ES,Spain,76,2016-05-01,5,0.0,1,46418884.0,17.653216917160083,-0.3162674387996841,-0.283767626990606
9,ES,Spain,77,2016-06-01,6,1.0,1,46418884.0,17.653216917160083,-0.3162674387996841,-0.283767626990606
9,ES,Spain,78,2016-07-01,7,3.0,1,46418884.0,17.653216917160083,-0.3162674387996841,-0.283767626990606
9,ES,Spain,79,2016-08-01,8,2.0,1,46418884.0,17.653216917160083,-0.3162674387996841,-0.283767626990606
9,ES,Spain,80,2016-09-01,9,3.0,1,46418884.0,17.653216917160083,-0.3162674387996841,-0.283767626990606
9,ES,Spain,81,2016-10-01,10,1.0,1,46418884.0,17.653216917160083,-0.3162674387996841,-0.283767626990606
9,ES,Spain,82,2016-11-01,11,4.0,1,46418884.0,17.653216917160083,-0.3162674387996841,-0.283767626990606
9,ES,Spain,83,2016-12-01,12,2.0,1,46418884.0,17.653216917160083,-0.3162674387996841,-0.283767626990606
9,ES,Spain,84,2017-01-01,1,12.0,1,46497393.0,17.654906804469782,-0.3162674387996841,-0.283767626990606
9,ES,Spain,85,2017-02-01,2,28.0,1,46497393.0,17.654906804469782,-0.3162674387996841,-0.283767626990606
9,ES,Spain,86,2017-03-01,3,20.0,1,46497393.0,17.654906804469782,-0.3162674387996841,-0.283767626990606
9,ES,Spain,87,2017-04-01,4,8.0,1,46497393.0,17.654906804469782,-0.3162674387996841,-0.283767626990606
9,ES,Spain,88,2017-05-01,5,38.0,1,46497393.0,17.654906804469782,-0.3162674387996841,-0.283767626990606
9,ES,Spain,89,2017-06-01,6,14.0,1,46497393.0,17.654906804469782,-0.3162674387996841,-0.283767626990606
9,ES,Spain,90,2017-07-01,7,8.0,1,46497393.0,17.654906804469782,-0.3162674387996841,-0.283767626990606
9,ES,Spain,91,2017-08-01,8,8.0,1,46497393.0,17.654906804469782,-0.3162674387996841,-0.283767626990606
9,ES,Spain,92,2017-09-01,9,1.0,1,46497393.0,17.654906804469782,-0.3162674387996841,-0.283767626990606
9,ES,Spain,93,2017-10-01,10,0.0,1,46497393.0,17.654906804469782,-0.3162674387996841,-0.283767626990606
9,ES,Spain,94,2017-11-01,11,1.0,1,46497393.0,17.654906804469782,-0.3162674387996841,-0.283767626990606
9,ES,Spain,95,2017-12-01,12,11.0,1,46497393.0,17.654906804469782,-0.3162674387996841,-0.283767626990606
9,ES,Spain,96,2018-01-01,1,7.0,1,46645070.0,17.658077799072824,-0.3162674387996841,-0.283767626990606
9,ES,Spain,97,2018-02-01,2,13.0,1,46645070.0,17.658077799072824,-0.3162674387996841,-0.283767626990606
9,ES,Spain,98,2018-03-01,3,53.0,1,46645070.0,17.658077799072824,-0.3162674387996841,-0.283767626990606
9,ES,Spain,99,2018-04-01,4,49.0,1,46645070.0,17.658077799072824,-0.3162674387996841,-0.283767626990606
9,ES,Spain,100,2018-05-01,5,41.0,1,46645070.0,17.658077799072824,-0.3162674387996841,-0.283767626990606
9,ES,Spain,101,2018-06-01,6,24.0,1,46645070.0,17.658077799072824,-0.3162674387996841,-0.283767626990606
9,ES,Spain,102,2018-07-01,7,13.0,1,46645070.0,17.658077799072824,-0.3162674387996841,-0.283767626990606
9,ES,Spain,103,2018-08-01,8,6.0,1,46645070.0,17.658077799072824,-0.3162674387996841,-0.283767626990606
9,ES,Spain,104,2018-09-01,9,4.0,1,46645070.0,17.658077799072824,-0.3162674387996841,-0.283767626990606
9,ES,Spain,105,2018-10-01,10,3.0,1,46645070.0,17.658077799072824,-0.3162674387996841,-0.283767626990606
9,ES,Spain,106,2018-11-01,11,1.0,1,46645070.0,17.658077799072824,-0.3162674387996841,-0.283767626990606
9,ES,Spain,107,2018-12-01,12,6.0,1,46645070.0,17.658077799072824,-0.3162674387996841,-0.283767626990606
9,ES,Spain,108,2019-01-01,1,11.0,1,46918951.0,17.663932224295873,-0.3162674387996841,-0.283767626990606
9,ES,Spain,109,2019-02-01,2,10.0,1,46918951.0,17.663932224295873,-0.3162674387996841,-0.283767626990606
9,ES,Spain,110,2019-03-01,3,24.0,1,46918951.0,17.663932224295873,-0.3162674387996841,-0.283767626990606
9,ES,Spain,111,2019-04-01,4,67.0,1,46918951.0,17.663932224295873,-0.3162674387996841,-0.283767626990606
9,ES,Spain,112,2019-05-01,5,92.0,1,46918951.0,17.663932224295873,-0.3162674387996841,-0.283767626990606
9,ES,Spain,113,2019-06-01,6,30.0,1,46918951.0,17.663932224295873,-0.3162674387996841,-0.283767626990606
9,ES,Spain,114,2019-07-01,7,12.0,1,46918951.0,17.663932224295873,-0.3162674387996841,-0.283767626990606
9,ES,Spain,115,2019-08-01,8,12.0,1,46918951.0,17.663932224295873,-0.3162674387996841,-0.283767626990606
9,ES,Spain,116,2019-09-01,9,4.0,1,46918951.0,17.663932224295873,-0.3162674387996841,-0.283767626990606
9,ES,Spain,117,2019-10-01,10,1.0,1,46918951.0,17.663932224295873,-0.3162674387996841,-0.283767626990606
9,ES,Spain,118,2019-11-01,11,3.0,1,46918951.0,17.663932224295873,-0.3162674387996841,-0.283767626990606
9,ES,Spain,119,2019-12-01,12,10.0,1,46918951.0,17.663932224295873,-0.3162674387996841,-0.283767626990606
10,FI,Finland,0,2010-01-01,1,0.0,1,5351427.0,15.492873812278305,0.25052645433008686,0.4233654499355012
10,FI,Finland,1,2010-02-01,2,0.0,1,5351427.0,15.492873812278305,0.25052645433008686,0.4233654499355012
10,FI,Finland,2,2010-03-01,3,0.0,1,5351427.0,15.492873812278305,0.25052645433008686,0.4233654499355012
10,FI,Finland,3,2010-04-01,4,0.0,1,5351427.0,15.492873812278305,0.25052645433008686,0.4233654499355012
10,FI,Finland,4,2010-05-01,5,0.0,1,5351427.0,15.492873812278305,0.25052645433008686,0.4233654499355012
10,FI,Finland,5,2010-06-01,6,0.0,1,5351427.0,15.492873812278305,0.25052645433008686,0.4233654499355012
10,FI,Finland,6,2010-07-01,7,0.0,1,5351427.0,15.492873812278305,0.25052645433008686,0.4233654499355012
10,FI,Finland,7,2010-08-01,8,0.0,1,5351427.0,15.492873812278305,0.25052645433008686,0.4233654499355012
10,FI,Finland,8,2010-09-01,9,1.0,1,5351427.0,15.492873812278305,0.25052645433008686,0.4233654499355012
10,FI,Finland,9,2010-10-01,10,0.0,1,5351427.0,15.492873812278305,0.25052645433008686,0.4233654499355012
10,FI,Finland,10,2010-11-01,11,0.0,1,5351427.0,15.492873812278305,0.25052645433008686,0.4233654499355012
10,FI,Finland,11,2010-12-01,12,0.0,1,5351427.0,15.492873812278305,0.25052645433008686,0.4233654499355012
10,FI,Finland,12,2011-01-01,1,1.0,1,5375276.0,15.497320479496903,0.25052645433008686,0.4233654499355012
10,FI,Finland,13,2011-02-01,2,0.0,1,5375276.0,15.497320479496903,0.25052645433008686,0.4233654499355012
10,FI,Finland,14,2011-03-01,3,0.0,1,5375276.0,15.497320479496903,0.25052645433008686,0.4233654499355012
10,FI,Finland,15,2011-04-01,4,3.0,1,5375276.0,15.497320479496903,0.25052645433008686,0.4233654499355012
10,FI,Finland,16,2011-05-01,5,12.0,1,5375276.0,15.497320479496903,0.25052645433008686,0.4233654499355012
10,FI,Finland,17,2011-06-01,6,1.0,1,5375276.0,15.497320479496903,0.25052645433008686,0.4233654499355012
10,FI,Finland,18,2011-07-01,7,0.0,1,5375276.0,15.497320479496903,0.25052645433008686,0.4233654499355012
10,FI,Finland,19,2011-08-01,8,2.0,1,5375276.0,15.497320479496903,0.25052645433008686,0.4233654499355012
10,FI,Finland,20,2011-09-01,9,0.0,1,5375276.0,15.497320479496903,0.25052645433008686,0.4233654499355012
10,FI,Finland,21,2011-10-01,10,0.0,1,5375276.0,15.497320479496903,0.25052645433008686,0.4233654499355012
10,FI,Finland,22,2011-11-01,11,0.0,1,5375276.0,15.497320479496903,0.25052645433008686,0.4233654499355012
10,FI,Finland,23,2011-12-01,12,0.0,1,5375276.0,15.497320479496903,0.25052645433008686,0.4233654499355012
10,FI,Finland,24,2012-01-01,1,0.0,1,5401267.0,15.502144113642906,0.25052645433008686,0.4233654499355012
10,FI,Finland,25,2012-02-01,2,0.0,1,5401267.0,15.502144113642906,0.25052645433008686,0.4233654499355012
10,FI,Finland,26,2012-03-01,3,0.0,1,5401267.0,15.502144113642906,0.25052645433008686,0.4233654499355012
10,FI,Finland,27,2012-04-01,4,0.0,1,5401267.0,15.502144113642906,0.25052645433008686,0.4233654499355012
10,FI,Finland,28,2012-05-01,5,0.0,1,5401267.0,15.502144113642906,0.25052645433008686,0.4233654499355012
10,FI,Finland,29,2012-06-01,6,0.0,1,5401267.0,15.502144113642906,0.25052645433008686,0.4233654499355012
10,FI,Finland,30,2012-07-01,7,0.0,1,5401267.0,15.502144113642906,0.25052645433008686,0.4233654499355012
10,FI,Finland,31,2012-08-01,8,0.0,1,5401267.0,15.502144113642906,0.25052645433008686,0.4233654499355012
10,FI,Finland,32,2012-09-01,9,0.0,1,5401267.0,15.502144113642906,0.25052645433008686,0.4233654499355012
10,FI,Finland,33,2012-10-01,10,0.0,1,5401267.0,15.502144113642906,0.25052645433008686,0.4233654499355012
10,FI,Finland,34,2012-11-01,11,0.0,1,5401267.0,15.502144113642906,0.25052645433008686,0.4233654499355012
10,FI,Finland,35,2012-12-01,12,0.0,1,5401267.0,15.502144113642906,0.25052645433008686,0.4233654499355012
10,FI,Finland,36,2013-01-01,1,1.0,1,5426674.0,15.506836981220998,0.25052645433008686,0.4233654499355012
10,FI,Finland,37,2013-02-01,2,0.0,1,5426674.0,15.506836981220998,0.25052645433008686,0.4233654499355012
10,FI,Finland,38,2013-03-01,3,0.0,1,5426674.0,15.506836981220998,0.25052645433008686,0.4233654499355012
10,FI,Finland,39,2013-04-01,4,0.0,1,5426674.0,15.506836981220998,0.25052645433008686,0.4233654499355012
10,FI,Finland,40,2013-05-01,5,0.0,1,5426674.0,15.506836981220998,0.25052645433008686,0.4233654499355012
10,FI,Finland,41,2013-06-01,6,0.0,1,5426674.0,15.506836981220998,0.25052645433008686,0.4233654499355012
10,FI,Finland,42,2013-07-01,7,0.0,1,5426674.0,15.506836981220998,0.25052645433008686,0.4233654499355012
10,FI,Finland,43,2013-08-01,8,0.0,1,5426674.0,15.506836981220998,0.25052645433008686,0.4233654499355012
10,FI,Finland,44,2013-09-01,9,0.0,1,5426674.0,15.506836981220998,0.25052645433008686,0.4233654499355012
10,FI,Finland,45,2013-10-01,10,0.0,1,5426674.0,15.506836981220998,0.25052645433008686,0.4233654499355012
10,FI,Finland,46,2013-11-01,11,0.0,1,5426674.0,15.506836981220998,0.25052645433008686,0.4233654499355012
10,FI,Finland,47,2013-12-01,12,0.0,1,5426674.0,15.506836981220998,0.25052645433008686,0.4233654499355012
10,FI,Finland,48,2014-01-01,1,0.0,1,5451270.0,15.511359167015666,0.25052645433008686,0.4233654499355012
10,FI,Finland,49,2014-02-01,2,0.0,1,5451270.0,15.511359167015666,0.25052645433008686,0.4233654499355012
10,FI,Finland,50,2014-03-01,3,0.0,1,5451270.0,15.511359167015666,0.25052645433008686,0.4233654499355012
10,FI,Finland,51,2014-04-01,4,0.0,1,5451270.0,15.511359167015666,0.25052645433008686,0.4233654499355012
10,FI,Finland,52,2014-05-01,5,0.0,1,5451270.0,15.511359167015666,0.25052645433008686,0.4233654499355012
10,FI,Finland,53,2014-06-01,6,0.0,1,5451270.0,15.511359167015666,0.25052645433008686,0.4233654499355012
10,FI,Finland,54,2014-07-01,7,0.0,1,5451270.0,15.511359167015666,0.25052645433008686,0.4233654499355012
10,FI,Finland,55,2014-08-01,8,0.0,1,5451270.0,15.511359167015666,0.25052645433008686,0.4233654499355012
10,FI,Finland,56,2014-09-01,9,0.0,1,5451270.0,15.511359167015666,0.25052645433008686,0.4233654499355012
10,FI,Finland,57,2014-10-01,10,0.0,1,5451270.0,15.511359167015666,0.25052645433008686,0.4233654499355012
10,FI,Finland,58,2014-11-01,11,0.0,1,5451270.0,15.511359167015666,0.25052645433008686,0.4233654499355012
10,FI,Finland,59,2014-12-01,12,0.0,1,5451270.0,15.511359167015666,0.25052645433008686,0.4233654499355012
10,FI,Finland,60,2015-01-01,1,0.0,1,5471753.0,15.515109598376844,0.25052645433008686,0.4233654499355012
10,FI,Finland,61,2015-02-01,2,0.0,1,5471753.0,15.515109598376844,0.25052645433008686,0.4233654499355012
10,FI,Finland,62,2015-03-01,3,0.0,1,5471753.0,15.515109598376844,0.25052645433008686,0.4233654499355012
10,FI,Finland,63,2015-04-01,4,0.0,1,5471753.0,15.515109598376844,0.25052645433008686,0.4233654499355012
10,FI,Finland,64,2015-05-01,5,0.0,1,5471753.0,15.515109598376844,0.25052645433008686,0.4233654499355012
10,FI,Finland,65,2015-06-01,6,0.0,1,5471753.0,15.515109598376844,0.25052645433008686,0.4233654499355012
10,FI,Finland,66,2015-07-01,7,0.0,1,5471753.0,15.515109598376844,0.25052645433008686,0.4233654499355012
10,FI,Finland,67,2015-08-01,8,0.0,1,5471753.0,15.515109598376844,0.25052645433008686,0.4233654499355012
10,FI,Finland,68,2015-09-01,9,0.0,1,5471753.0,15.515109598376844,0.25052645433008686,0.4233654499355012
10,FI,Finland,69,2015-10-01,10,0.0,1,5471753.0,15.515109598376844,0.25052645433008686,0.4233654499355012
10,FI,Finland,70,2015-11-01,11,0.0,1,5471753.0,15.515109598376844,0.25052645433008686,0.4233654499355012
10,FI,Finland,71,2015-12-01,12,1.0,1,5471753.0,15.515109598376844,0.25052645433008686,0.4233654499355012
10,FI,Finland,72,2016-01-01,1,0.0,1,5487308.0,15.51794834714297,0.25052645433008686,0.4233654499355012
10,FI,Finland,73,2016-02-01,2,0.0,1,5487308.0,15.51794834714297,0.25052645433008686,0.4233654499355012
10,FI,Finland,74,2016-03-01,3,0.0,1,5487308.0,15.51794834714297,0.25052645433008686,0.4233654499355012
10,FI,Finland,75,2016-04-01,4,0.0,1,5487308.0,15.51794834714297,0.25052645433008686,0.4233654499355012
10,FI,Finland,76,2016-05-01,5,0.0,1,5487308.0,15.51794834714297,0.25052645433008686,0.4233654499355012
10,FI,Finland,77,2016-06-01,6,0.0,1,5487308.0,15.51794834714297,0.25052645433008686,0.4233654499355012
10,FI,Finland,78,2016-07-01,7,0.0,1,5487308.0,15.51794834714297,0.25052645433008686,0.4233654499355012
10,FI,Finland,79,2016-08-01,8,0.0,1,5487308.0,15.51794834714297,0.25052645433008686,0.4233654499355012
10,FI,Finland,80,2016-09-01,9,0.0,1,5487308.0,15.51794834714297,0.25052645433008686,0.4233654499355012
10,FI,Finland,81,2016-10-01,10,0.0,1,5487308.0,15.51794834714297,0.25052645433008686,0.4233654499355012
10,FI,Finland,82,2016-11-01,11,0.0,1,5487308.0,15.51794834714297,0.25052645433008686,0.4233654499355012
10,FI,Finland,83,2016-12-01,12,1.0,1,5487308.0,15.51794834714297,0.25052645433008686,0.4233654499355012
10,FI,Finland,84,2017-01-01,1,0.0,1,5503297.0,15.52085792514705,0.25052645433008686,0.4233654499355012
10,FI,Finland,85,2017-02-01,2,0.0,1,5503297.0,15.52085792514705,0.25052645433008686,0.4233654499355012
10,FI,Finland,86,2017-03-01,3,0.0,1,5503297.0,15.52085792514705,0.25052645433008686,0.4233654499355012
10,FI,Finland,87,2017-04-01,4,0.0,1,5503297.0,15.52085792514705,0.25052645433008686,0.4233654499355012
10,FI,Finland,88,2017-05-01,5,0.0,1,5503297.0,15.52085792514705,0.25052645433008686,0.4233654499355012
10,FI,Finland,89,2017-06-01,6,0.0,1,5503297.0,15.52085792514705,0.25052645433008686,0.4233654499355012
10,FI,Finland,90,2017-07-01,7,2.0,1,5503297.0,15.52085792514705,0.25052645433008686,0.4233654499355012
10,FI,Finland,91,2017-08-01,8,1.0,1,5503297.0,15.52085792514705,0.25052645433008686,0.4233654499355012
10,FI,Finland,92,2017-09-01,9,0.0,1,5503297.0,15.52085792514705,0.25052645433008686,0.4233654499355012
10,FI,Finland,93,2017-10-01,10,0.0,1,5503297.0,15.52085792514705,0.25052645433008686,0.4233654499355012
10,FI,Finland,94,2017-11-01,11,0.0,1,5503297.0,15.52085792514705,0.25052645433008686,0.4233654499355012
10,FI,Finland,95,2017-12-01,12,0.0,1,5503297.0,15.52085792514705,0.25052645433008686,0.4233654499355012
10,FI,Finland,96,2018-01-01,1,0.0,1,5513130.0,15.52264307792141,0.25052645433008686,0.4233654499355012
10,FI,Finland,97,2018-02-01,2,0.0,1,5513130.0,15.52264307792141,0.25052645433008686,0.4233654499355012
10,FI,Finland,98,2018-03-01,3,0.0,1,5513130.0,15.52264307792141,0.25052645433008686,0.4233654499355012
10,FI,Finland,99,2018-04-01,4,0.0,1,5513130.0,15.52264307792141,0.25052645433008686,0.4233654499355012
10,FI,Finland,100,2018-05-01,5,0.0,1,5513130.0,15.52264307792141,0.25052645433008686,0.4233654499355012
10,FI,Finland,101,2018-06-01,6,0.0,1,5513130.0,15.52264307792141,0.25052645433008686,0.4233654499355012
10,FI,Finland,102,2018-07-01,7,0.0,1,5513130.0,15.52264307792141,0.25052645433008686,0.4233654499355012
10,FI,Finland,103,2018-08-01,8,0.0,1,5513130.0,15.52264307792141,0.25052645433008686,0.4233654499355012
10,FI,Finland,104,2018-09-01,9,0.0,1,5513130.0,15.52264307792141,0.25052645433008686,0.4233654499355012
10,FI,Finland,105,2018-10-01,10,0.0,1,5513130.0,15.52264307792141,0.25052645433008686,0.4233654499355012
10,FI,Finland,106,2018-11-01,11,0.0,1,5513130.0,15.52264307792141,0.25052645433008686,0.4233654499355012
10,FI,Finland,107,2018-12-01,12,2.0,1,5513130.0,15.52264307792141,0.25052645433008686,0.4233654499355012
10,FI,Finland,108,2019-01-01,1,0.0,1,5517919.0,15.523511354420021,0.25052645433008686,0.4233654499355012
10,FI,Finland,109,2019-02-01,2,1.0,1,5517919.0,15.523511354420021,0.25052645433008686,0.4233654499355012
10,FI,Finland,110,2019-03-01,3,0.0,1,5517919.0,15.523511354420021,0.25052645433008686,0.4233654499355012
10,FI,Finland,111,2019-04-01,4,0.0,1,5517919.0,15.523511354420021,0.25052645433008686,0.4233654499355012
10,FI,Finland,112,2019-05-01,5,0.0,1,5517919.0,15.523511354420021,0.25052645433008686,0.4233654499355012
10,FI,Finland,113,2019-06-01,6,0.0,1,5517919.0,15.523511354420021,0.25052645433008686,0.4233654499355012
10,FI,Finland,114,2019-07-01,7,0.0,1,5517919.0,15.523511354420021,0.25052645433008686,0.4233654499355012
10,FI,Finland,115,2019-08-01,8,0.0,1,5517919.0,15.523511354420021,0.25052645433008686,0.4233654499355012
10,FI,Finland,116,2019-09-01,9,0.0,1,5517919.0,15.523511354420021,0.25052645433008686,0.4233654499355012
10,FI,Finland,117,2019-10-01,10,0.0,1,5517919.0,15.523511354420021,0.25052645433008686,0.4233654499355012
10,FI,Finland,118,2019-11-01,11,1.0,1,5517919.0,15.523511354420021,0.25052645433008686,0.4233654499355012
10,FI,Finland,119,2019-12-01,12,1.0,1,5517919.0,15.523511354420021,0.25052645433008686,0.4233654499355012
11,FR,France,0,2010-01-01,1,107.0,1,64658856.0,17.98463563755942,-0.20367201895235587,-0.08930603083592646
11,FR,France,1,2010-02-01,2,149.0,1,64658856.0,17.98463563755942,-0.20367201895235587,-0.08930603083592646
11,FR,France,2,2010-03-01,3,288.0,1,64658856.0,17.98463563755942,-0.20367201895235587,-0.08930603083592646
11,FR,France,3,2010-04-01,4,363.0,1,64658856.0,17.98463563755942,-0.20367201895235587,-0.08930603083592646
11,FR,France,4,2010-05-01,5,305.0,1,64658856.0,17.98463563755942,-0.20367201895235587,-0.08930603083592646
11,FR,France,5,2010-06-01,6,304.0,1,64658856.0,17.98463563755942,-0.20367201895235587,-0.08930603083592646
11,FR,France,6,2010-07-01,7,212.0,1,64658856.0,17.98463563755942,-0.20367201895235587,-0.08930603083592646
11,FR,France,7,2010-08-01,8,81.0,1,64658856.0,17.98463563755942,-0.20367201895235587,-0.08930603083592646
11,FR,France,8,2010-09-01,9,83.0,1,64658856.0,17.98463563755942,-0.20367201895235587,-0.08930603083592646
11,FR,France,9,2010-10-01,10,148.0,1,64658856.0,17.98463563755942,-0.20367201895235587,-0.08930603083592646
11,FR,France,10,2010-11-01,11,235.0,1,64658856.0,17.98463563755942,-0.20367201895235587,-0.08930603083592646
11,FR,France,11,2010-12-01,12,402.0,1,64658856.0,17.98463563755942,-0.20367201895235587,-0.08930603083592646
11,FR,France,12,2011-01-01,1,618.0,1,64978721.0,17.989570405032136,-0.20367201895235587,-0.08930603083592646
11,FR,France,13,2011-02-01,2,700.0,1,64978721.0,17.989570405032136,-0.20367201895235587,-0.08930603083592646
11,FR,France,14,2011-03-01,3,1068.0,1,64978721.0,17.989570405032136,-0.20367201895235587,-0.08930603083592646
11,FR,France,15,2011-04-01,4,1076.0,1,64978721.0,17.989570405032136,-0.20367201895235587,-0.08930603083592646
11,FR,France,16,2011-05-01,5,779.0,1,64978721.0,17.989570405032136,-0.20367201895235587,-0.08930603083592646
11,FR,France,17,2011-06-01,6,335.0,1,64978721.0,17.989570405032136,-0.20367201895235587,-0.08930603083592646
11,FR,France,18,2011-07-01,7,201.0,1,64978721.0,17.989570405032136,-0.20367201895235587,-0.08930603083592646
11,FR,France,19,2011-08-01,8,62.0,1,64978721.0,17.989570405032136,-0.20367201895235587,-0.08930603083592646
11,FR,France,20,2011-09-01,9,24.0,1,64978721.0,17.989570405032136,-0.20367201895235587,-0.08930603083592646
11,FR,France,21,2011-10-01,10,29.0,1,64978721.0,17.989570405032136,-0.20367201895235587,-0.08930603083592646
11,FR,France,22,2011-11-01,11,49.0,1,64978721.0,17.989570405032136,-0.20367201895235587,-0.08930603083592646
11,FR,France,23,2011-12-01,12,50.0,1,64978721.0,17.989570405032136,-0.20367201895235587,-0.08930603083592646
11,FR,France,24,2012-01-01,1,42.0,1,65276983.0,17.9941500512531,-0.20367201895235587,-0.08930603083592646
11,FR,France,25,2012-02-01,2,46.0,1,65276983.0,17.9941500512531,-0.20367201895235587,-0.08930603083592646
11,FR,France,26,2012-03-01,3,66.0,1,65276983.0,17.9941500512531,-0.20367201895235587,-0.08930603083592646
11,FR,France,27,2012-04-01,4,56.0,1,65276983.0,17.9941500512531,-0.20367201895235587,-0.08930603083592646
11,FR,France,28,2012-05-01,5,53.0,1,65276983.0,17.9941500512531,-0.20367201895235587,-0.08930603083592646
11,FR,France,29,2012-06-01,6,45.0,1,65276983.0,17.9941500512531,-0.20367201895235587,-0.08930603083592646
11,FR,France,30,2012-07-01,7,49.0,1,65276983.0,17.9941500512531,-0.20367201895235587,-0.08930603083592646
11,FR,France,31,2012-08-01,8,12.0,1,65276983.0,17.9941500512531,-0.20367201895235587,-0.08930603083592646
11,FR,France,32,2012-09-01,9,3.0,1,65276983.0,17.9941500512531,-0.20367201895235587,-0.08930603083592646
11,FR,France,33,2012-10-01,10,8.0,1,65276983.0,17.9941500512531,-0.20367201895235587,-0.08930603083592646
11,FR,France,34,2012-11-01,11,8.0,1,65276983.0,17.9941500512531,-0.20367201895235587,-0.08930603083592646
11,FR,France,35,2012-12-01,12,8.0,1,65276983.0,17.9941500512531,-0.20367201895235587,-0.08930603083592646
11,FR,France,36,2013-01-01,1,3.0,1,65600350.0,17.999091589265937,-0.20367201895235587,-0.08930603083592646
11,FR,France,37,2013-02-01,2,6.0,1,65600350.0,17.999091589265937,-0.20367201895235587,-0.08930603083592646
11,FR,France,38,2013-03-01,3,11.0,1,65600350.0,17.999091589265937,-0.20367201895235587,-0.08930603083592646
11,FR,France,39,2013-04-01,4,22.0,1,65600350.0,17.999091589265937,-0.20367201895235587,-0.08930603083592646
11,FR,France,40,2013-05-01,5,22.0,1,65600350.0,17.999091589265937,-0.20367201895235587,-0.08930603083592646
11,FR,France,41,2013-06-01,6,23.0,1,65600350.0,17.999091589265937,-0.20367201895235587,-0.08930603083592646
11,FR,France,42,2013-07-01,7,6.0,1,65600350.0,17.999091589265937,-0.20367201895235587,-0.08930603083592646
11,FR,France,43,2013-08-01,8,9.0,1,65600350.0,17.999091589265937,-0.20367201895235587,-0.08930603083592646
11,FR,France,44,2013-09-01,9,5.0,1,65600350.0,17.999091589265937,-0.20367201895235587,-0.08930603083592646
11,FR,France,45,2013-10-01,10,6.0,1,65600350.0,17.999091589265937,-0.20367201895235587,-0.08930603083592646
11,FR,France,46,2013-11-01,11,4.0,1,65600350.0,17.999091589265937,-0.20367201895235587,-0.08930603083592646
11,FR,France,47,2013-12-01,12,4.0,1,65600350.0,17.999091589265937,-0.20367201895235587,-0.08930603083592646
11,FR,France,48,2014-01-01,1,22.0,1,66165980.0,18.007676991535806,-0.20367201895235587,-0.08930603083592646
11,FR,France,49,2014-02-01,2,19.0,1,66165980.0,18.007676991535806,-0.20367201895235587,-0.08930603083592646
11,FR,France,50,2014-03-01,3,16.0,1,66165980.0,18.007676991535806,-0.20367201895235587,-0.08930603083592646
11,FR,France,51,2014-04-01,4,18.0,1,66165980.0,18.007676991535806,-0.20367201895235587,-0.08930603083592646
11,FR,France,52,2014-05-01,5,20.0,1,66165980.0,18.007676991535806,-0.20367201895235587,-0.08930603083592646
11,FR,France,53,2014-06-01,6,18.0,1,66165980.0,18.007676991535806,-0.20367201895235587,-0.08930603083592646
11,FR,France,54,2014-07-01,7,9.0,1,66165980.0,18.007676991535806,-0.20367201895235587,-0.08930603083592646
11,FR,France,55,2014-08-01,8,6.0,1,66165980.0,18.007676991535806,-0.20367201895235587,-0.08930603083592646
11,FR,France,56,2014-09-01,9,4.0,1,66165980.0,18.007676991535806,-0.20367201895235587,-0.08930603083592646
11,FR,France,57,2014-10-01,10,2.0,1,66165980.0,18.007676991535806,-0.20367201895235587,-0.08930603083592646
11,FR,France,58,2014-11-01,11,2.0,1,66165980.0,18.007676991535806,-0.20367201895235587,-0.08930603083592646
11,FR,France,59,2014-12-01,12,1.0,1,66165980.0,18.007676991535806,-0.20367201895235587,-0.08930603083592646
11,FR,France,60,2015-01-01,1,2.0,1,66458153.0,18.012083029351967,-0.20367201895235587,-0.08930603083592646
11,FR,France,61,2015-02-01,2,2.0,1,66458153.0,18.012083029351967,-0.20367201895235587,-0.08930603083592646
11,FR,France,62,2015-03-01,3,10.0,1,66458153.0,18.012083029351967,-0.20367201895235587,-0.08930603083592646
11,FR,France,63,2015-04-01,4,38.0,1,66458153.0,18.012083029351967,-0.20367201895235587,-0.08930603083592646
11,FR,France,64,2015-05-01,5,49.0,1,66458153.0,18.012083029351967,-0.20367201895235587,-0.08930603083592646
11,FR,France,65,2015-06-01,6,24.0,1,66458153.0,18.012083029351967,-0.20367201895235587,-0.08930603083592646
11,FR,France,66,2015-07-01,7,13.0,1,66458153.0,18.012083029351967,-0.20367201895235587,-0.08930603083592646
11,FR,France,67,2015-08-01,8,7.0,1,66458153.0,18.012083029351967,-0.20367201895235587,-0.08930603083592646
11,FR,France,68,2015-09-01,9,0.0,1,66458153.0,18.012083029351967,-0.20367201895235587,-0.08930603083592646
11,FR,France,69,2015-10-01,10,1.0,1,66458153.0,18.012083029351967,-0.20367201895235587,-0.08930603083592646
11,FR,France,70,2015-11-01,11,3.0,1,66458153.0,18.012083029351967,-0.20367201895235587,-0.08930603083592646
11,FR,France,71,2015-12-01,12,8.0,1,66458153.0,18.012083029351967,-0.20367201895235587,-0.08930603083592646
11,FR,France,72,2016-01-01,1,13.0,1,66638391.0,18.01479141087351,-0.20367201895235587,-0.08930603083592646
11,FR,France,73,2016-02-01,2,10.0,1,66638391.0,18.01479141087351,-0.20367201895235587,-0.08930603083592646
11,FR,France,74,2016-03-01,3,7.0,1,66638391.0,18.01479141087351,-0.20367201895235587,-0.08930603083592646
11,FR,France,75,2016-04-01,4,1.0,1,66638391.0,18.01479141087351,-0.20367201895235587,-0.08930603083592646
11,FR,France,76,2016-05-01,5,0.0,1,66638391.0,18.01479141087351,-0.20367201895235587,-0.08930603083592646
11,FR,France,77,2016-06-01,6,2.0,1,66638391.0,18.01479141087351,-0.20367201895235587,-0.08930603083592646
11,FR,France,78,2016-07-01,7,4.0,1,66638391.0,18.01479141087351,-0.20367201895235587,-0.08930603083592646
11,FR,France,79,2016-08-01,8,3.0,1,66638391.0,18.01479141087351,-0.20367201895235587,-0.08930603083592646
11,FR,France,80,2016-09-01,9,5.0,1,66638391.0,18.01479141087351,-0.20367201895235587,-0.08930603083592646
11,FR,France,81,2016-10-01,10,2.0,1,66638391.0,18.01479141087351,-0.20367201895235587,-0.08930603083592646
11,FR,France,82,2016-11-01,11,1.0,1,66638391.0,18.01479141087351,-0.20367201895235587,-0.08930603083592646
11,FR,France,83,2016-12-01,12,2.0,1,66638391.0,18.01479141087351,-0.20367201895235587,-0.08930603083592646
11,FR,France,84,2017-01-01,1,24.0,1,66809816.0,18.017360573819136,-0.20367201895235587,-0.08930603083592646
11,FR,France,85,2017-02-01,2,38.0,1,66809816.0,18.017360573819136,-0.20367201895235587,-0.08930603083592646
11,FR,France,86,2017-03-01,3,35.0,1,66809816.0,18.017360573819136,-0.20367201895235587,-0.08930603083592646
11,FR,France,87,2017-04-01,4,44.0,1,66809816.0,18.017360573819136,-0.20367201895235587,-0.08930603083592646
11,FR,France,88,2017-05-01,5,64.0,1,66809816.0,18.017360573819136,-0.20367201895235587,-0.08930603083592646
11,FR,France,89,2017-06-01,6,28.0,1,66809816.0,18.017360573819136,-0.20367201895235587,-0.08930603083592646
11,FR,France,90,2017-07-01,7,18.0,1,66809816.0,18.017360573819136,-0.20367201895235587,-0.08930603083592646
11,FR,France,91,2017-08-01,8,14.0,1,66809816.0,18.017360573819136,-0.20367201895235587,-0.08930603083592646
11,FR,France,92,2017-09-01,9,15.0,1,66809816.0,18.017360573819136,-0.20367201895235587,-0.08930603083592646
11,FR,France,93,2017-10-01,10,10.0,1,66809816.0,18.017360573819136,-0.20367201895235587,-0.08930603083592646
11,FR,France,94,2017-11-01,11,7.0,1,66809816.0,18.017360573819136,-0.20367201895235587,-0.08930603083592646
11,FR,France,95,2017-12-01,12,42.0,1,66809816.0,18.017360573819136,-0.20367201895235587,-0.08930603083592646
11,FR,France,96,2018-01-01,1,161.0,1,67026224.0,18.020594503762148,-0.20367201895235587,-0.08930603083592646
11,FR,France,97,2018-02-01,2,244.0,1,67026224.0,18.020594503762148,-0.20367201895235587,-0.08930603083592646
11,FR,France,98,2018-03-01,3,318.0,1,67026224.0,18.020594503762148,-0.20367201895235587,-0.08930603083592646
11,FR,France,99,2018-04-01,4,279.0,1,67026224.0,18.020594503762148,-0.20367201895235587,-0.08930603083592646
11,FR,France,100,2018-05-01,5,140.0,1,67026224.0,18.020594503762148,-0.20367201895235587,-0.08930603083592646
11,FR,France,101,2018-06-01,6,95.0,1,67026224.0,18.020594503762148,-0.20367201895235587,-0.08930603083592646
11,FR,France,102,2018-07-01,7,43.0,1,67026224.0,18.020594503762148,-0.20367201895235587,-0.08930603083592646
11,FR,France,103,2018-08-01,8,21.0,1,67026224.0,18.020594503762148,-0.20367201895235587,-0.08930603083592646
11,FR,France,104,2018-09-01,9,29.0,1,67026224.0,18.020594503762148,-0.20367201895235587,-0.08930603083592646
11,FR,France,105,2018-10-01,10,52.0,1,67026224.0,18.020594503762148,-0.20367201895235587,-0.08930603083592646
11,FR,France,106,2018-11-01,11,35.0,1,67026224.0,18.020594503762148,-0.20367201895235587,-0.08930603083592646
11,FR,France,107,2018-12-01,12,45.0,1,67026224.0,18.020594503762148,-0.20367201895235587,-0.08930603083592646
11,FR,France,108,2019-01-01,1,93.0,1,67290471.0,18.02452919469417,-0.20367201895235587,-0.08930603083592646
11,FR,France,109,2019-02-01,2,121.0,1,67290471.0,18.02452919469417,-0.20367201895235587,-0.08930603083592646
11,FR,France,110,2019-03-01,3,218.0,1,67290471.0,18.02452919469417,-0.20367201895235587,-0.08930603083592646
11,FR,France,111,2019-04-01,4,214.0,1,67290471.0,18.02452919469417,-0.20367201895235587,-0.08930603083592646
11,FR,France,112,2019-05-01,5,355.0,1,67290471.0,18.02452919469417,-0.20367201895235587,-0.08930603083592646
11,FR,France,113,2019-06-01,6,294.0,1,67290471.0,18.02452919469417,-0.20367201895235587,-0.08930603083592646
11,FR,France,114,2019-07-01,7,192.0,1,67290471.0,18.02452919469417,-0.20367201895235587,-0.08930603083592646
11,FR,France,115,2019-08-01,8,68.0,1,67290471.0,18.02452919469417,-0.20367201895235587,-0.08930603083592646
11,FR,France,116,2019-09-01,9,30.0,1,67290471.0,18.02452919469417,-0.20367201895235587,-0.08930603083592646
11,FR,France,117,2019-10-01,10,29.0,1,67290471.0,18.02452919469417,-0.20367201895235587,-0.08930603083592646
11,FR,France,118,2019-11-01,11,26.0,1,67290471.0,18.02452919469417,-0.20367201895235587,-0.08930603083592646
11,FR,France,119,2019-12-01,12,19.0,1,67290471.0,18.02452919469417,-0.20367201895235587,-0.08930603083592646
12,HR,Croatia,0,2010-01-01,1,0.0,1,4302847.0,15.27478745460016,0.044419584101079226,-0.13350184814380817
12,HR,Croatia,1,2010-02-01,2,0.0,1,4302847.0,15.27478745460016,0.044419584101079226,-0.13350184814380817
12,HR,Croatia,2,2010-03-01,3,0.0,1,4302847.0,15.27478745460016,0.044419584101079226,-0.13350184814380817
12,HR,Croatia,3,2010-04-01,4,0.0,1,4302847.0,15.27478745460016,0.044419584101079226,-0.13350184814380817
12,HR,Croatia,4,2010-05-01,5,0.0,1,4302847.0,15.27478745460016,0.044419584101079226,-0.13350184814380817
12,HR,Croatia,5,2010-06-01,6,0.0,1,4302847.0,15.27478745460016,0.044419584101079226,-0.13350184814380817
12,HR,Croatia,6,2010-07-01,7,0.0,1,4302847.0,15.27478745460016,0.044419584101079226,-0.13350184814380817
12,HR,Croatia,7,2010-08-01,8,0.0,1,4302847.0,15.27478745460016,0.044419584101079226,-0.13350184814380817
12,HR,Croatia,8,2010-09-01,9,0.0,1,4302847.0,15.27478745460016,0.044419584101079226,-0.13350184814380817
12,HR,Croatia,9,2010-10-01,10,0.0,1,4302847.0,15.27478745460016,0.044419584101079226,-0.13350184814380817
12,HR,Croatia,10,2010-11-01,11,0.0,1,4302847.0,15.27478745460016,0.044419584101079226,-0.13350184814380817
12,HR,Croatia,11,2010-12-01,12,0.0,1,4302847.0,15.27478745460016,0.044419584101079226,-0.13350184814380817
12,HR,Croatia,12,2011-01-01,1,1.0,1,4289857.0,15.271763957015299,0.044419584101079226,-0.13350184814380817
12,HR,Croatia,13,2011-02-01,2,0.0,1,4289857.0,15.271763957015299,0.044419584101079226,-0.13350184814380817
12,HR,Croatia,14,2011-03-01,3,0.0,1,4289857.0,15.271763957015299,0.044419584101079226,-0.13350184814380817
12,HR,Croatia,15,2011-04-01,4,0.0,1,4289857.0,15.271763957015299,0.044419584101079226,-0.13350184814380817
12,HR,Croatia,16,2011-05-01,5,0.0,1,4289857.0,15.271763957015299,0.044419584101079226,-0.13350184814380817
12,HR,Croatia,17,2011-06-01,6,3.0,1,4289857.0,15.271763957015299,0.044419584101079226,-0.13350184814380817
12,HR,Croatia,18,2011-07-01,7,2.0,1,4289857.0,15.271763957015299,0.044419584101079226,-0.13350184814380817
12,HR,Croatia,19,2011-08-01,8,0.0,1,4289857.0,15.271763957015299,0.044419584101079226,-0.13350184814380817
12,HR,Croatia,20,2011-09-01,9,0.0,1,4289857.0,15.271763957015299,0.044419584101079226,-0.13350184814380817
12,HR,Croatia,21,2011-10-01,10,1.0,1,4289857.0,15.271763957015299,0.044419584101079226,-0.13350184814380817
12,HR,Croatia,22,2011-11-01,11,0.0,1,4289857.0,15.271763957015299,0.044419584101079226,-0.13350184814380817
12,HR,Croatia,23,2011-12-01,12,3.0,1,4289857.0,15.271763957015299,0.044419584101079226,-0.13350184814380817
12,HR,Croatia,24,2012-01-01,1,0.0,1,4275984.0,15.268524809305292,0.044419584101079226,-0.13350184814380817
12,HR,Croatia,25,2012-02-01,2,0.0,1,4275984.0,15.268524809305292,0.044419584101079226,-0.13350184814380817
12,HR,Croatia,26,2012-03-01,3,0.0,1,4275984.0,15.268524809305292,0.044419584101079226,-0.13350184814380817
12,HR,Croatia,27,2012-04-01,4,0.0,1,4275984.0,15.268524809305292,0.044419584101079226,-0.13350184814380817
12,HR,Croatia,28,2012-05-01,5,0.0,1,4275984.0,15.268524809305292,0.044419584101079226,-0.13350184814380817
12,HR,Croatia,29,2012-06-01,6,0.0,1,4275984.0,15.268524809305292,0.044419584101079226,-0.13350184814380817
12,HR,Croatia,30,2012-07-01,7,0.0,1,4275984.0,15.268524809305292,0.044419584101079226,-0.13350184814380817
12,HR,Croatia,31,2012-08-01,8,0.0,1,4275984.0,15.268524809305292,0.044419584101079226,-0.13350184814380817
12,HR,Croatia,32,2012-09-01,9,0.0,1,4275984.0,15.268524809305292,0.044419584101079226,-0.13350184814380817
12,HR,Croatia,33,2012-10-01,10,0.0,1,4275984.0,15.268524809305292,0.044419584101079226,-0.13350184814380817
12,HR,Croatia,34,2012-11-01,11,0.0,1,4275984.0,15.268524809305292,0.044419584101079226,-0.13350184814380817
12,HR,Croatia,35,2012-12-01,12,0.0,1,4275984.0,15.268524809305292,0.044419584101079226,-0.13350184814380817
12,HR,Croatia,36,2013-01-01,1,0.0,1,4247803.0,15.261912466063974,0.044419584101079226,-0.13350184814380817
12,HR,Croatia,37,2013-02-01,2,0.0,1,4247803.0,15.261912466063974,0.044419584101079226,-0.13350184814380817
12,HR,Croatia,38,2013-03-01,3,0.0,1,4247803.0,15.261912466063974,0.044419584101079226,-0.13350184814380817
12,HR,Croatia,39,2013-04-01,4,0.0,1,4247803.0,15.261912466063974,0.044419584101079226,-0.13350184814380817
12,HR,Croatia,40,2013-05-01,5,0.0,1,4247803.0,15.261912466063974,0.044419584101079226,-0.13350184814380817
12,HR,Croatia,41,2013-06-01,6,0.0,1,4247803.0,15.261912466063974,0.044419584101079226,-0.13350184814380817
12,HR,Croatia,42,2013-07-01,7,0.0,1,4247803.0,15.261912466063974,0.044419584101079226,-0.13350184814380817
12,HR,Croatia,43,2013-08-01,8,0.0,1,4247803.0,15.261912466063974,0.044419584101079226,-0.13350184814380817
12,HR,Croatia,44,2013-09-01,9,0.0,1,4247803.0,15.261912466063974,0.044419584101079226,-0.13350184814380817
12,HR,Croatia,45,2013-10-01,10,0.0,1,4247803.0,15.261912466063974,0.044419584101079226,-0.13350184814380817
12,HR,Croatia,46,2013-11-01,11,0.0,1,4247803.0,15.261912466063974,0.044419584101079226,-0.13350184814380817
12,HR,Croatia,47,2013-12-01,12,0.0,1,4247803.0,15.261912466063974,0.044419584101079226,-0.13350184814380817
12,HR,Croatia,48,2014-01-01,1,0.0,1,4217632.0,15.254784391074901,0.044419584101079226,-0.13350184814380817
12,HR,Croatia,49,2014-02-01,2,1.0,1,4217632.0,15.254784391074901,0.044419584101079226,-0.13350184814380817
12,HR,Croatia,50,2014-03-01,3,0.0,1,4217632.0,15.254784391074901,0.044419584101079226,-0.13350184814380817
12,HR,Croatia,51,2014-04-01,4,0.0,1,4217632.0,15.254784391074901,0.044419584101079226,-0.13350184814380817
12,HR,Croatia,52,2014-05-01,5,0.0,1,4217632.0,15.254784391074901,0.044419584101079226,-0.13350184814380817
12,HR,Croatia,53,2014-06-01,6,0.0,1,4217632.0,15.254784391074901,0.044419584101079226,-0.13350184814380817
12,HR,Croatia,54,2014-07-01,7,0.0,1,4217632.0,15.254784391074901,0.044419584101079226,-0.13350184814380817
12,HR,Croatia,55,2014-08-01,8,0.0,1,4217632.0,15.254784391074901,0.044419584101079226,-0.13350184814380817
12,HR,Croatia,56,2014-09-01,9,0.0,1,4217632.0,15.254784391074901,0.044419584101079226,-0.13350184814380817
12,HR,Croatia,57,2014-10-01,10,0.0,1,4217632.0,15.254784391074901,0.044419584101079226,-0.13350184814380817
12,HR,Croatia,58,2014-11-01,11,1.0,1,4217632.0,15.254784391074901,0.044419584101079226,-0.13350184814380817
12,HR,Croatia,59,2014-12-01,12,9.0,1,4217632.0,15.254784391074901,0.044419584101079226,-0.13350184814380817
12,HR,Croatia,60,2015-01-01,1,30.0,1,4180915.0,15.246040680067466,0.044419584101079226,-0.13350184814380817
12,HR,Croatia,61,2015-02-01,2,21.0,1,4180915.0,15.246040680067466,0.044419584101079226,-0.13350184814380817
12,HR,Croatia,62,2015-03-01,3,37.0,1,4180915.0,15.246040680067466,0.044419584101079226,-0.13350184814380817
12,HR,Croatia,63,2015-04-01,4,25.0,1,4180915.0,15.246040680067466,0.044419584101079226,-0.13350184814380817
12,HR,Croatia,64,2015-05-01,5,21.0,1,4180915.0,15.246040680067466,0.044419584101079226,-0.13350184814380817
12,HR,Croatia,65,2015-06-01,6,4.0,1,4180915.0,15.246040680067466,0.044419584101079226,-0.13350184814380817
12,HR,Croatia,66,2015-07-01,7,0.0,1,4180915.0,15.246040680067466,0.044419584101079226,-0.13350184814380817
12,HR,Croatia,67,2015-08-01,8,0.0,1,4180915.0,15.246040680067466,0.044419584101079226,-0.13350184814380817
12,HR,Croatia,68,2015-09-01,9,0.0,1,4180915.0,15.246040680067466,0.044419584101079226,-0.13350184814380817
12,HR,Croatia,69,2015-10-01,10,0.0,1,4180915.0,15.246040680067466,0.044419584101079226,-0.13350184814380817
12,HR,Croatia,70,2015-11-01,11,0.0,1,4180915.0,15.246040680067466,0.044419584101079226,-0.13350184814380817
12,HR,Croatia,71,2015-12-01,12,0.0,1,4180915.0,15.246040680067466,0.044419584101079226,-0.13350184814380817
12,HR,Croatia,72,2016-01-01,1,0.0,1,4131115.0,15.234057904287235,0.044419584101079226,-0.13350184814380817
12,HR,Croatia,73,2016-02-01,2,0.0,1,4131115.0,15.234057904287235,0.044419584101079226,-0.13350184814380817
12,HR,Croatia,74,2016-03-01,3,0.0,1,4131115.0,15.234057904287235,0.044419584101079226,-0.13350184814380817
12,HR,Croatia,75,2016-04-01,4,2.0,1,4131115.0,15.234057904287235,0.044419584101079226,-0.13350184814380817
12,HR,Croatia,76,2016-05-01,5,0.0,1,4131115.0,15.234057904287235,0.044419584101079226,-0.13350184814380817
12,HR,Croatia,77,2016-06-01,6,0.0,1,4131115.0,15.234057904287235,0.044419584101079226,-0.13350184814380817
12,HR,Croatia,78,2016-07-01,7,1.0,1,4131115.0,15.234057904287235,0.044419584101079226,-0.13350184814380817
12,HR,Croatia,79,2016-08-01,8,0.0,1,4131115.0,15.234057904287235,0.044419584101079226,-0.13350184814380817
12,HR,Croatia,80,2016-09-01,9,1.0,1,4131115.0,15.234057904287235,0.044419584101079226,-0.13350184814380817
12,HR,Croatia,81,2016-10-01,10,0.0,1,4131115.0,15.234057904287235,0.044419584101079226,-0.13350184814380817
12,HR,Croatia,82,2016-11-01,11,0.0,1,4131115.0,15.234057904287235,0.044419584101079226,-0.13350184814380817
12,HR,Croatia,83,2016-12-01,12,0.0,1,4131115.0,15.234057904287235,0.044419584101079226,-0.13350184814380817
12,HR,Croatia,84,2017-01-01,1,2.0,1,4078769.0,15.221305785168735,0.044419584101079226,-0.13350184814380817
12,HR,Croatia,85,2017-02-01,2,5.0,1,4078769.0,15.221305785168735,0.044419584101079226,-0.13350184814380817
12,HR,Croatia,86,2017-03-01,3,0.0,1,4078769.0,15.221305785168735,0.044419584101079226,-0.13350184814380817
12,HR,Croatia,87,2017-04-01,4,0.0,1,4078769.0,15.221305785168735,0.044419584101079226,-0.13350184814380817
12,HR,Croatia,88,2017-05-01,5,0.0,1,4078769.0,15.221305785168735,0.044419584101079226,-0.13350184814380817
12,HR,Croatia,89,2017-06-01,6,0.0,1,4078769.0,15.221305785168735,0.044419584101079226,-0.13350184814380817
12,HR,Croatia,90,2017-07-01,7,0.0,1,4078769.0,15.221305785168735,0.044419584101079226,-0.13350184814380817
12,HR,Croatia,91,2017-08-01,8,0.0,1,4078769.0,15.221305785168735,0.044419584101079226,-0.13350184814380817
12,HR,Croatia,92,2017-09-01,9,0.0,1,4078769.0,15.221305785168735,0.044419584101079226,-0.13350184814380817
12,HR,Croatia,93,2017-10-01,10,0.0,1,4078769.0,15.221305785168735,0.044419584101079226,-0.13350184814380817
12,HR,Croatia,94,2017-11-01,11,0.0,1,4078769.0,15.221305785168735,0.044419584101079226,-0.13350184814380817
12,HR,Croatia,95,2017-12-01,12,0.0,1,4078769.0,15.221305785168735,0.044419584101079226,-0.13350184814380817
12,HR,Croatia,96,2018-01-01,1,0.0,1,4014341.0,15.205383757395817,0.044419584101079226,-0.13350184814380817
12,HR,Croatia,97,2018-02-01,2,0.0,1,4014341.0,15.205383757395817,0.044419584101079226,-0.13350184814380817
12,HR,Croatia,98,2018-03-01,3,0.0,1,4014341.0,15.205383757395817,0.044419584101079226,-0.13350184814380817
12,HR,Croatia,99,2018-04-01,4,1.0,1,4014341.0,15.205383757395817,0.044419584101079226,-0.13350184814380817
12,HR,Croatia,100,2018-05-01,5,2.0,1,4014341.0,15.205383757395817,0.044419584101079226,-0.13350184814380817
12,HR,Croatia,101,2018-06-01,6,16.0,1,4014341.0,15.205383757395817,0.044419584101079226,-0.13350184814380817
12,HR,Croatia,102,2018-07-01,7,3.0,1,4014341.0,15.205383757395817,0.044419584101079226,-0.13350184814380817
12,HR,Croatia,103,2018-08-01,8,1.0,1,4014341.0,15.205383757395817,0.044419584101079226,-0.13350184814380817
12,HR,Croatia,104,2018-09-01,9,0.0,1,4014341.0,15.205383757395817,0.044419584101079226,-0.13350184814380817
12,HR,Croatia,105,2018-10-01,10,0.0,1,4014341.0,15.205383757395817,0.044419584101079226,-0.13350184814380817
12,HR,Croatia,106,2018-11-01,11,0.0,1,4014341.0,15.205383757395817,0.044419584101079226,-0.13350184814380817
12,HR,Croatia,107,2018-12-01,12,0.0,1,4014341.0,15.205383757395817,0.044419584101079226,-0.13350184814380817
12,HR,Croatia,108,2019-01-01,1,0.0,1,3968676.0,15.193943095780014,0.044419584101079226,-0.13350184814380817
12,HR,Croatia,109,2019-02-01,2,1.0,1,3968676.0,15.193943095780014,0.044419584101079226,-0.13350184814380817
12,HR,Croatia,110,2019-03-01,3,0.0,1,3968676.0,15.193943095780014,0.044419584101079226,-0.13350184814380817
12,HR,Croatia,111,2019-04-01,4,0.0,1,3968676.0,15.193943095780014,0.044419584101079226,-0.13350184814380817
12,HR,Croatia,112,2019-05-01,5,6.0,1,3968676.0,15.193943095780014,0.044419584101079226,-0.13350184814380817
12,HR,Croatia,113,2019-06-01,6,4.0,1,3968676.0,15.193943095780014,0.044419584101079226,-0.13350184814380817
12,HR,Croatia,114,2019-07-01,7,10.0,1,3968676.0,15.193943095780014,0.044419584101079226,-0.13350184814380817
12,HR,Croatia,115,2019-08-01,8,4.0,1,3968676.0,15.193943095780014,0.044419584101079226,-0.13350184814380817
12,HR,Croatia,116,2019-09-01,9,14.0,1,3968676.0,15.193943095780014,0.044419584101079226,-0.13350184814380817
12,HR,Croatia,117,2019-10-01,10,12.0,1,3968676.0,15.193943095780014,0.044419584101079226,-0.13350184814380817
12,HR,Croatia,118,2019-11-01,11,1.0,1,3968676.0,15.193943095780014,0.044419584101079226,-0.13350184814380817
12,HR,Croatia,119,2019-12-01,12,0.0,1,3968676.0,15.193943095780014,0.044419584101079226,-0.13350184814380817
13,HU,Hungary,0,2010-01-01,1,0.0,1,10014324.0,16.11952702605204,0.12648065280336931,-0.07162770391277373
13,HU,Hungary,1,2010-02-01,2,0.0,1,10014324.0,16.11952702605204,0.12648065280336931,-0.07162770391277373
13,HU,Hungary,2,2010-03-01,3,0.0,1,10014324.0,16.11952702605204,0.12648065280336931,-0.07162770391277373
13,HU,Hungary,3,2010-04-01,4,0.0,1,10014324.0,16.11952702605204,0.12648065280336931,-0.07162770391277373
13,HU,Hungary,4,2010-05-01,5,0.0,1,10014324.0,16.11952702605204,0.12648065280336931,-0.07162770391277373
13,HU,Hungary,5,2010-06-01,6,0.0,1,10014324.0,16.11952702605204,0.12648065280336931,-0.07162770391277373
13,HU,Hungary,6,2010-07-01,7,0.0,1,10014324.0,16.11952702605204,0.12648065280336931,-0.07162770391277373
13,HU,Hungary,7,2010-08-01,8,0.0,1,10014324.0,16.11952702605204,0.12648065280336931,-0.07162770391277373
13,HU,Hungary,8,2010-09-01,9,0.0,1,10014324.0,16.11952702605204,0.12648065280336931,-0.07162770391277373
13,HU,Hungary,9,2010-10-01,10,0.0,1,10014324.0,16.11952702605204,0.12648065280336931,-0.07162770391277373
13,HU,Hungary,10,2010-11-01,11,0.0,1,10014324.0,16.11952702605204,0.12648065280336931,-0.07162770391277373
13,HU,Hungary,11,2010-12-01,12,0.0,1,10014324.0,16.11952702605204,0.12648065280336931,-0.07162770391277373
13,HU,Hungary,12,2011-01-01,1,0.0,1,9985722.0,16.116666830680614,0.12648065280336931,-0.07162770391277373
13,HU,Hungary,13,2011-02-01,2,0.0,1,9985722.0,16.116666830680614,0.12648065280336931,-0.07162770391277373
13,HU,Hungary,14,2011-03-01,3,0.0,1,9985722.0,16.116666830680614,0.12648065280336931,-0.07162770391277373
13,HU,Hungary,15,2011-04-01,4,0.0,1,9985722.0,16.116666830680614,0.12648065280336931,-0.07162770391277373
13,HU,Hungary,16,2011-05-01,5,0.0,1,9985722.0,16.116666830680614,0.12648065280336931,-0.07162770391277373
13,HU,Hungary,17,2011-06-01,6,0.0,1,9985722.0,16.116666830680614,0.12648065280336931,-0.07162770391277373
13,HU,Hungary,18,2011-07-01,7,0.0,1,9985722.0,16.116666830680614,0.12648065280336931,-0.07162770391277373
13,HU,Hungary,19,2011-08-01,8,0.0,1,9985722.0,16.116666830680614,0.12648065280336931,-0.07162770391277373
13,HU,Hungary,20,2011-09-01,9,0.0,1,9985722.0,16.116666830680614,0.12648065280336931,-0.07162770391277373
13,HU,Hungary,21,2011-10-01,10,0.0,1,9985722.0,16.116666830680614,0.12648065280336931,-0.07162770391277373
13,HU,Hungary,22,2011-11-01,11,0.0,1,9985722.0,16.116666830680614,0.12648065280336931,-0.07162770391277373
13,HU,Hungary,23,2011-12-01,12,5.0,1,9985722.0,16.116666830680614,0.12648065280336931,-0.07162770391277373
13,HU,Hungary,24,2012-01-01,1,0.0,1,9931925.0,16.111264874232507,0.12648065280336931,-0.07162770391277373
13,HU,Hungary,25,2012-02-01,2,1.0,1,9931925.0,16.111264874232507,0.12648065280336931,-0.07162770391277373
13,HU,Hungary,26,2012-03-01,3,0.0,1,9931925.0,16.111264874232507,0.12648065280336931,-0.07162770391277373
13,HU,Hungary,27,2012-04-01,4,1.0,1,9931925.0,16.111264874232507,0.12648065280336931,-0.07162770391277373
13,HU,Hungary,28,2012-05-01,5,0.0,1,9931925.0,16.111264874232507,0.12648065280336931,-0.07162770391277373
13,HU,Hungary,29,2012-06-01,6,0.0,1,9931925.0,16.111264874232507,0.12648065280336931,-0.07162770391277373
13,HU,Hungary,30,2012-07-01,7,0.0,1,9931925.0,16.111264874232507,0.12648065280336931,-0.07162770391277373
13,HU,Hungary,31,2012-08-01,8,0.0,1,9931925.0,16.111264874232507,0.12648065280336931,-0.07162770391277373
13,HU,Hungary,32,2012-09-01,9,0.0,1,9931925.0,16.111264874232507,0.12648065280336931,-0.07162770391277373
13,HU,Hungary,33,2012-10-01,10,0.0,1,9931925.0,16.111264874232507,0.12648065280336931,-0.07162770391277373
13,HU,Hungary,34,2012-11-01,11,0.0,1,9931925.0,16.111264874232507,0.12648065280336931,-0.07162770391277373
13,HU,Hungary,35,2012-12-01,12,0.0,1,9931925.0,16.111264874232507,0.12648065280336931,-0.07162770391277373
13,HU,Hungary,36,2013-01-01,1,0.0,1,9895250.0,16.107565401985138,0.12648065280336931,-0.07162770391277373
13,HU,Hungary,37,2013-02-01,2,0.0,1,9895250.0,16.107565401985138,0.12648065280336931,-0.07162770391277373
13,HU,Hungary,38,2013-03-01,3,1.0,1,9895250.0,16.107565401985138,0.12648065280336931,-0.07162770391277373
13,HU,Hungary,39,2013-04-01,4,0.0,1,9895250.0,16.107565401985138,0.12648065280336931,-0.07162770391277373
13,HU,Hungary,40,2013-05-01,5,0.0,1,9895250.0,16.107565401985138,0.12648065280336931,-0.07162770391277373
13,HU,Hungary,41,2013-06-01,6,0.0,1,9895250.0,16.107565401985138,0.12648065280336931,-0.07162770391277373
13,HU,Hungary,42,2013-07-01,7,0.0,1,9895250.0,16.107565401985138,0.12648065280336931,-0.07162770391277373
13,HU,Hungary,43,2013-08-01,8,0.0,1,9895250.0,16.107565401985138,0.12648065280336931,-0.07162770391277373
13,HU,Hungary,44,2013-09-01,9,0.0,1,9895250.0,16.107565401985138,0.12648065280336931,-0.07162770391277373
13,HU,Hungary,45,2013-10-01,10,0.0,1,9895250.0,16.107565401985138,0.12648065280336931,-0.07162770391277373
13,HU,Hungary,46,2013-11-01,11,0.0,1,9895250.0,16.107565401985138,0.12648065280336931,-0.07162770391277373
13,HU,Hungary,47,2013-12-01,12,0.0,1,9895250.0,16.107565401985138,0.12648065280336931,-0.07162770391277373
13,HU,Hungary,48,2014-01-01,1,0.0,1,9850217.0,16.103004043362457,0.12648065280336931,-0.07162770391277373
13,HU,Hungary,49,2014-02-01,2,0.0,1,9850217.0,16.103004043362457,0.12648065280336931,-0.07162770391277373
13,HU,Hungary,50,2014-03-01,3,0.0,1,9850217.0,16.103004043362457,0.12648065280336931,-0.07162770391277373
13,HU,Hungary,51,2014-04-01,4,0.0,1,9850217.0,16.103004043362457,0.12648065280336931,-0.07162770391277373
13,HU,Hungary,52,2014-05-01,5,0.0,1,9850217.0,16.103004043362457,0.12648065280336931,-0.07162770391277373
13,HU,Hungary,53,2014-06-01,6,0.0,1,9850217.0,16.103004043362457,0.12648065280336931,-0.07162770391277373
13,HU,Hungary,54,2014-07-01,7,0.0,1,9850217.0,16.103004043362457,0.12648065280336931,-0.07162770391277373
13,HU,Hungary,55,2014-08-01,8,0.0,1,9850217.0,16.103004043362457,0.12648065280336931,-0.07162770391277373
13,HU,Hungary,56,2014-09-01,9,0.0,1,9850217.0,16.103004043362457,0.12648065280336931,-0.07162770391277373
13,HU,Hungary,57,2014-10-01,10,0.0,1,9850217.0,16.103004043362457,0.12648065280336931,-0.07162770391277373
13,HU,Hungary,58,2014-11-01,11,0.0,1,9850217.0,16.103004043362457,0.12648065280336931,-0.07162770391277373
13,HU,Hungary,59,2014-12-01,12,0.0,1,9850217.0,16.103004043362457,0.12648065280336931,-0.07162770391277373
13,HU,Hungary,60,2015-01-01,1,0.0,1,9815858.0,16.09950979909058,0.12648065280336931,-0.07162770391277373
13,HU,Hungary,61,2015-02-01,2,0.0,1,9815858.0,16.09950979909058,0.12648065280336931,-0.07162770391277373
13,HU,Hungary,62,2015-03-01,3,0.0,1,9815858.0,16.09950979909058,0.12648065280336931,-0.07162770391277373
13,HU,Hungary,63,2015-04-01,4,0.0,1,9815858.0,16.09950979909058,0.12648065280336931,-0.07162770391277373
13,HU,Hungary,64,2015-05-01,5,0.0,1,9815858.0,16.09950979909058,0.12648065280336931,-0.07162770391277373
13,HU,Hungary,65,2015-06-01,6,0.0,1,9815858.0,16.09950979909058,0.12648065280336931,-0.07162770391277373
13,HU,Hungary,66,2015-07-01,7,0.0,1,9815858.0,16.09950979909058,0.12648065280336931,-0.07162770391277373
13,HU,Hungary,67,2015-08-01,8,0.0,1,9815858.0,16.09950979909058,0.12648065280336931,-0.07162770391277373
13,HU,Hungary,68,2015-09-01,9,0.0,1,9815858.0,16.09950979909058,0.12648065280336931,-0.07162770391277373
13,HU,Hungary,69,2015-10-01,10,0.0,1,9815858.0,16.09950979909058,0.12648065280336931,-0.07162770391277373
13,HU,Hungary,70,2015-11-01,11,0.0,1,9815858.0,16.09950979909058,0.12648065280336931,-0.07162770391277373
13,HU,Hungary,71,2015-12-01,12,0.0,1,9815858.0,16.09950979909058,0.12648065280336931,-0.07162770391277373
13,HU,Hungary,72,2016-01-01,1,0.0,1,9779652.0,16.095814458555832,0.12648065280336931,-0.07162770391277373
13,HU,Hungary,73,2016-02-01,2,0.0,1,9779652.0,16.095814458555832,0.12648065280336931,-0.07162770391277373
13,HU,Hungary,74,2016-03-01,3,0.0,1,9779652.0,16.095814458555832,0.12648065280336931,-0.07162770391277373
13,HU,Hungary,75,2016-04-01,4,0.0,1,9779652.0,16.095814458555832,0.12648065280336931,-0.07162770391277373
13,HU,Hungary,76,2016-05-01,5,0.0,1,9779652.0,16.095814458555832,0.12648065280336931,-0.07162770391277373
13,HU,Hungary,77,2016-06-01,6,0.0,1,9779652.0,16.095814458555832,0.12648065280336931,-0.07162770391277373
13,HU,Hungary,78,2016-07-01,7,0.0,1,9779652.0,16.095814458555832,0.12648065280336931,-0.07162770391277373
13,HU,Hungary,79,2016-08-01,8,0.0,1,9779652.0,16.095814458555832,0.12648065280336931,-0.07162770391277373
13,HU,Hungary,80,2016-09-01,9,0.0,1,9779652.0,16.095814458555832,0.12648065280336931,-0.07162770391277373
13,HU,Hungary,81,2016-10-01,10,0.0,1,9779652.0,16.095814458555832,0.12648065280336931,-0.07162770391277373
13,HU,Hungary,82,2016-11-01,11,0.0,1,9779652.0,16.095814458555832,0.12648065280336931,-0.07162770391277373
13,HU,Hungary,83,2016-12-01,12,0.0,1,9779652.0,16.095814458555832,0.12648065280336931,-0.07162770391277373
13,HU,Hungary,84,2017-01-01,1,1.0,1,9739857.0,16.091736993786093,0.12648065280336931,-0.07162770391277373
13,HU,Hungary,85,2017-02-01,2,11.0,1,9739857.0,16.091736993786093,0.12648065280336931,-0.07162770391277373
13,HU,Hungary,86,2017-03-01,3,3.0,1,9739857.0,16.091736993786093,0.12648065280336931,-0.07162770391277373
13,HU,Hungary,87,2017-04-01,4,0.0,1,9739857.0,16.091736993786093,0.12648065280336931,-0.07162770391277373
13,HU,Hungary,88,2017-05-01,5,0.0,1,9739857.0,16.091736993786093,0.12648065280336931,-0.07162770391277373
13,HU,Hungary,89,2017-06-01,6,0.0,1,9739857.0,16.091736993786093,0.12648065280336931,-0.07162770391277373
13,HU,Hungary,90,2017-07-01,7,9.0,1,9739857.0,16.091736993786093,0.12648065280336931,-0.07162770391277373
13,HU,Hungary,91,2017-08-01,8,10.0,1,9739857.0,16.091736993786093,0.12648065280336931,-0.07162770391277373
13,HU,Hungary,92,2017-09-01,9,1.0,1,9739857.0,16.091736993786093,0.12648065280336931,-0.07162770391277373
13,HU,Hungary,93,2017-10-01,10,1.0,1,9739857.0,16.091736993786093,0.12648065280336931,-0.07162770391277373
13,HU,Hungary,94,2017-11-01,11,0.0,1,9739857.0,16.091736993786093,0.12648065280336931,-0.07162770391277373
13,HU,Hungary,95,2017-12-01,12,0.0,1,9739857.0,16.091736993786093,0.12648065280336931,-0.07162770391277373
13,HU,Hungary,96,2018-01-01,1,2.0,1,9713655.0,16.089043185506664,0.12648065280336931,-0.07162770391277373
13,HU,Hungary,97,2018-02-01,2,5.0,1,9713655.0,16.089043185506664,0.12648065280336931,-0.07162770391277373
13,HU,Hungary,98,2018-03-01,3,6.0,1,9713655.0,16.089043185506664,0.12648065280336931,-0.07162770391277373
13,HU,Hungary,99,2018-04-01,4,0.0,1,9713655.0,16.089043185506664,0.12648065280336931,-0.07162770391277373
13,HU,Hungary,100,2018-05-01,5,0.0,1,9713655.0,16.089043185506664,0.12648065280336931,-0.07162770391277373
13,HU,Hungary,101,2018-06-01,6,0.0,1,9713655.0,16.089043185506664,0.12648065280336931,-0.07162770391277373
13,HU,Hungary,102,2018-07-01,7,0.0,1,9713655.0,16.089043185506664,0.12648065280336931,-0.07162770391277373
13,HU,Hungary,103,2018-08-01,8,0.0,1,9713655.0,16.089043185506664,0.12648065280336931,-0.07162770391277373
13,HU,Hungary,104,2018-09-01,9,0.0,1,9713655.0,16.089043185506664,0.12648065280336931,-0.07162770391277373
13,HU,Hungary,105,2018-10-01,10,0.0,1,9713655.0,16.089043185506664,0.12648065280336931,-0.07162770391277373
13,HU,Hungary,106,2018-11-01,11,0.0,1,9713655.0,16.089043185506664,0.12648065280336931,-0.07162770391277373
13,HU,Hungary,107,2018-12-01,12,1.0,1,9713655.0,16.089043185506664,0.12648065280336931,-0.07162770391277373
13,HU,Hungary,108,2019-01-01,1,2.0,1,9700272.0,16.08766448431758,0.12648065280336931,-0.07162770391277373
13,HU,Hungary,109,2019-02-01,2,5.0,1,9700272.0,16.08766448431758,0.12648065280336931,-0.07162770391277373
13,HU,Hungary,110,2019-03-01,3,4.0,1,9700272.0,16.08766448431758,0.12648065280336931,-0.07162770391277373
13,HU,Hungary,111,2019-04-01,4,2.0,1,9700272.0,16.08766448431758,0.12648065280336931,-0.07162770391277373
13,HU,Hungary,112,2019-05-01,5,9.0,1,9700272.0,16.08766448431758,0.12648065280336931,-0.07162770391277373
13,HU,Hungary,113,2019-06-01,6,0.0,1,9700272.0,16.08766448431758,0.12648065280336931,-0.07162770391277373
13,HU,Hungary,114,2019-07-01,7,1.0,1,9700272.0,16.08766448431758,0.12648065280336931,-0.07162770391277373
13,HU,Hungary,115,2019-08-01,8,0.0,1,9700272.0,16.08766448431758,0.12648065280336931,-0.07162770391277373
13,HU,Hungary,116,2019-09-01,9,0.0,1,9700272.0,16.08766448431758,0.12648065280336931,-0.07162770391277373
13,HU,Hungary,117,2019-10-01,10,0.0,1,9700272.0,16.08766448431758,0.12648065280336931,-0.07162770391277373
13,HU,Hungary,118,2019-11-01,11,0.0,1,9700272.0,16.08766448431758,0.12648065280336931,-0.07162770391277373
13,HU,Hungary,119,2019-12-01,12,0.0,1,9700272.0,16.08766448431758,0.12648065280336931,-0.07162770391277373
14,IE,Ireland,0,2010-01-01,1,80.0,1,4549428.0,15.330512068738715,-0.3983285075019742,0.11104834095980382
14,IE,Ireland,1,2010-02-01,2,54.0,1,4549428.0,15.330512068738715,-0.3983285075019742,0.11104834095980382
14,IE,Ireland,2,2010-03-01,3,41.0,1,4549428.0,15.330512068738715,-0.3983285075019742,0.11104834095980382
14,IE,Ireland,3,2010-04-01,4,15.0,1,4549428.0,15.330512068738715,-0.3983285075019742,0.11104834095980382
14,IE,Ireland,4,2010-05-01,5,8.0,1,4549428.0,15.330512068738715,-0.3983285075019742,0.11104834095980382
14,IE,Ireland,5,2010-06-01,6,5.0,1,4549428.0,15.330512068738715,-0.3983285075019742,0.11104834095980382
14,IE,Ireland,6,2010-07-01,7,9.0,1,4549428.0,15.330512068738715,-0.3983285075019742,0.11104834095980382
14,IE,Ireland,7,2010-08-01,8,10.0,1,4549428.0,15.330512068738715,-0.3983285075019742,0.11104834095980382
14,IE,Ireland,8,2010-09-01,9,1.0,1,4549428.0,15.330512068738715,-0.3983285075019742,0.11104834095980382
14,IE,Ireland,9,2010-10-01,10,1.0,1,4549428.0,15.330512068738715,-0.3983285075019742,0.11104834095980382
14,IE,Ireland,10,2010-11-01,11,2.0,1,4549428.0,15.330512068738715,-0.3983285075019742,0.11104834095980382
14,IE,Ireland,11,2010-12-01,12,2.0,1,4549428.0,15.330512068738715,-0.3983285075019742,0.11104834095980382
14,IE,Ireland,12,2011-01-01,1,0.0,1,4570881.0,15.335216523284341,-0.3983285075019742,0.11104834095980382
14,IE,Ireland,13,2011-02-01,2,1.0,1,4570881.0,15.335216523284341,-0.3983285075019742,0.11104834095980382
14,IE,Ireland,14,2011-03-01,3,4.0,1,4570881.0,15.335216523284341,-0.3983285075019742,0.11104834095980382
14,IE,Ireland,15,2011-04-01,4,10.0,1,4570881.0,15.335216523284341,-0.3983285075019742,0.11104834095980382
14,IE,Ireland,16,2011-05-01,5,7.0,1,4570881.0,15.335216523284341,-0.3983285075019742,0.11104834095980382
14,IE,Ireland,17,2011-06-01,6,18.0,1,4570881.0,15.335216523284341,-0.3983285075019742,0.11104834095980382
14,IE,Ireland,18,2011-07-01,7,15.0,1,4570881.0,15.335216523284341,-0.3983285075019742,0.11104834095980382
14,IE,Ireland,19,2011-08-01,8,40.0,1,4570881.0,15.335216523284341,-0.3983285075019742,0.11104834095980382
14,IE,Ireland,20,2011-09-01,9,31.0,1,4570881.0,15.335216523284341,-0.3983285075019742,0.11104834095980382
14,IE,Ireland,21,2011-10-01,10,11.0,1,4570881.0,15.335216523284341,-0.3983285075019742,0.11104834095980382
14,IE,Ireland,22,2011-11-01,11,9.0,1,4570881.0,15.335216523284341,-0.3983285075019742,0.11104834095980382
14,IE,Ireland,23,2011-12-01,12,0.0,1,4570881.0,15.335216523284341,-0.3983285075019742,0.11104834095980382
14,IE,Ireland,24,2012-01-01,1,0.0,1,4589287.0,15.339235232279947,-0.3983285075019742,0.11104834095980382
14,IE,Ireland,25,2012-02-01,2,2.0,1,4589287.0,15.339235232279947,-0.3983285075019742,0.11104834095980382
14,IE,Ireland,26,2012-03-01,3,0.0,1,4589287.0,15.339235232279947,-0.3983285075019742,0.11104834095980382
14,IE,Ireland,27,2012-04-01,4,1.0,1,4589287.0,15.339235232279947,-0.3983285075019742,0.11104834095980382
14,IE,Ireland,28,2012-05-01,5,9.0,1,4589287.0,15.339235232279947,-0.3983285075019742,0.11104834095980382
14,IE,Ireland,29,2012-06-01,6,4.0,1,4589287.0,15.339235232279947,-0.3983285075019742,0.11104834095980382
14,IE,Ireland,30,2012-07-01,7,1.0,1,4589287.0,15.339235232279947,-0.3983285075019742,0.11104834095980382
14,IE,Ireland,31,2012-08-01,8,1.0,1,4589287.0,15.339235232279947,-0.3983285075019742,0.11104834095980382
14,IE,Ireland,32,2012-09-01,9,6.0,1,4589287.0,15.339235232279947,-0.3983285075019742,0.11104834095980382
14,IE,Ireland,33,2012-10-01,10,2.0,1,4589287.0,15.339235232279947,-0.3983285075019742,0.11104834095980382
14,IE,Ireland,34,2012-11-01,11,0.0,1,4589287.0,15.339235232279947,-0.3983285075019742,0.11104834095980382
14,IE,Ireland,35,2012-12-01,12,0.0,1,4589287.0,15.339235232279947,-0.3983285075019742,0.11104834095980382
14,IE,Ireland,36,2013-01-01,1,0.0,1,4609779.0,15.343690474561235,-0.3983285075019742,0.11104834095980382
14,IE,Ireland,37,2013-02-01,2,2.0,1,4609779.0,15.343690474561235,-0.3983285075019742,0.11104834095980382
14,IE,Ireland,38,2013-03-01,3,0.0,1,4609779.0,15.343690474561235,-0.3983285075019742,0.11104834095980382
14,IE,Ireland,39,2013-04-01,4,3.0,1,4609779.0,15.343690474561235,-0.3983285075019742,0.11104834095980382
14,IE,Ireland,40,2013-05-01,5,3.0,1,4609779.0,15.343690474561235,-0.3983285075019742,0.11104834095980382
14,IE,Ireland,41,2013-06-01,6,2.0,1,4609779.0,15.343690474561235,-0.3983285075019742,0.11104834095980382
14,IE,Ireland,42,2013-07-01,7,1.0,1,4609779.0,15.343690474561235,-0.3983285075019742,0.11104834095980382
14,IE,Ireland,43,2013-08-01,8,3.0,1,4609779.0,15.343690474561235,-0.3983285075019742,0.11104834095980382
14,IE,Ireland,44,2013-09-01,9,0.0,1,4609779.0,15.343690474561235,-0.3983285075019742,0.11104834095980382
14,IE,Ireland,45,2013-10-01,10,14.0,1,4609779.0,15.343690474561235,-0.3983285075019742,0.11104834095980382
14,IE,Ireland,46,2013-11-01,11,4.0,1,4609779.0,15.343690474561235,-0.3983285075019742,0.11104834095980382
14,IE,Ireland,47,2013-12-01,12,1.0,1,4609779.0,15.343690474561235,-0.3983285075019742,0.11104834095980382
14,IE,Ireland,48,2014-01-01,1,1.0,1,4637852.0,15.349761885982304,-0.3983285075019742,0.11104834095980382
14,IE,Ireland,49,2014-02-01,2,2.0,1,4637852.0,15.349761885982304,-0.3983285075019742,0.11104834095980382
14,IE,Ireland,50,2014-03-01,3,12.0,1,4637852.0,15.349761885982304,-0.3983285075019742,0.11104834095980382
14,IE,Ireland,51,2014-04-01,4,5.0,1,4637852.0,15.349761885982304,-0.3983285075019742,0.11104834095980382
14,IE,Ireland,52,2014-05-01,5,0.0,1,4637852.0,15.349761885982304,-0.3983285075019742,0.11104834095980382
14,IE,Ireland,53,2014-06-01,6,0.0,1,4637852.0,15.349761885982304,-0.3983285075019742,0.11104834095980382
14,IE,Ireland,54,2014-07-01,7,0.0,1,4637852.0,15.349761885982304,-0.3983285075019742,0.11104834095980382
14,IE,Ireland,55,2014-08-01,8,0.0,1,4637852.0,15.349761885982304,-0.3983285075019742,0.11104834095980382
14,IE,Ireland,56,2014-09-01,9,0.0,1,4637852.0,15.349761885982304,-0.3983285075019742,0.11104834095980382
14,IE,Ireland,57,2014-10-01,10,0.0,1,4637852.0,15.349761885982304,-0.3983285075019742,0.11104834095980382
14,IE,Ireland,58,2014-11-01,11,0.0,1,4637852.0,15.349761885982304,-0.3983285075019742,0.11104834095980382
14,IE,Ireland,59,2014-12-01,12,0.0,1,4637852.0,15.349761885982304,-0.3983285075019742,0.11104834095980382
14,IE,Ireland,60,2015-01-01,1,0.0,1,4677627.0,15.358301488017807,-0.3983285075019742,0.11104834095980382
14,IE,Ireland,61,2015-02-01,2,0.0,1,4677627.0,15.358301488017807,-0.3983285075019742,0.11104834095980382
14,IE,Ireland,62,2015-03-01,3,0.0,1,4677627.0,15.358301488017807,-0.3983285075019742,0.11104834095980382
14,IE,Ireland,63,2015-04-01,4,0.0,1,4677627.0,15.358301488017807,-0.3983285075019742,0.11104834095980382
14,IE,Ireland,64,2015-05-01,5,0.0,1,4677627.0,15.358301488017807,-0.3983285075019742,0.11104834095980382
14,IE,Ireland,65,2015-06-01,6,0.0,1,4677627.0,15.358301488017807,-0.3983285075019742,0.11104834095980382
14,IE,Ireland,66,2015-07-01,7,2.0,1,4677627.0,15.358301488017807,-0.3983285075019742,0.11104834095980382
14,IE,Ireland,67,2015-08-01,8,0.0,1,4677627.0,15.358301488017807,-0.3983285075019742,0.11104834095980382
14,IE,Ireland,68,2015-09-01,9,0.0,1,4677627.0,15.358301488017807,-0.3983285075019742,0.11104834095980382
14,IE,Ireland,69,2015-10-01,10,0.0,1,4677627.0,15.358301488017807,-0.3983285075019742,0.11104834095980382
14,IE,Ireland,70,2015-11-01,11,0.0,1,4677627.0,15.358301488017807,-0.3983285075019742,0.11104834095980382
14,IE,Ireland,71,2015-12-01,12,0.0,1,4677627.0,15.358301488017807,-0.3983285075019742,0.11104834095980382
14,IE,Ireland,72,2016-01-01,1,0.0,1,4726286.0,15.368650251190802,-0.3983285075019742,0.11104834095980382
14,IE,Ireland,73,2016-02-01,2,1.0,1,4726286.0,15.368650251190802,-0.3983285075019742,0.11104834095980382
14,IE,Ireland,74,2016-03-01,3,0.0,1,4726286.0,15.368650251190802,-0.3983285075019742,0.11104834095980382
14,IE,Ireland,75,2016-04-01,4,0.0,1,4726286.0,15.368650251190802,-0.3983285075019742,0.11104834095980382
14,IE,Ireland,76,2016-05-01,5,19.0,1,4726286.0,15.368650251190802,-0.3983285075019742,0.11104834095980382
14,IE,Ireland,77,2016-06-01,6,14.0,1,4726286.0,15.368650251190802,-0.3983285075019742,0.11104834095980382
14,IE,Ireland,78,2016-07-01,7,3.0,1,4726286.0,15.368650251190802,-0.3983285075019742,0.11104834095980382
14,IE,Ireland,79,2016-08-01,8,5.0,1,4726286.0,15.368650251190802,-0.3983285075019742,0.11104834095980382
14,IE,Ireland,80,2016-09-01,9,1.0,1,4726286.0,15.368650251190802,-0.3983285075019742,0.11104834095980382
14,IE,Ireland,81,2016-10-01,10,0.0,1,4726286.0,15.368650251190802,-0.3983285075019742,0.11104834095980382
14,IE,Ireland,82,2016-11-01,11,0.0,1,4726286.0,15.368650251190802,-0.3983285075019742,0.11104834095980382
14,IE,Ireland,83,2016-12-01,12,0.0,1,4726286.0,15.368650251190802,-0.3983285075019742,0.11104834095980382
14,IE,Ireland,84,2017-01-01,1,0.0,1,4799157.0,15.383950835454243,-0.3983285075019742,0.11104834095980382
14,IE,Ireland,85,2017-02-01,2,0.0,1,4799157.0,15.383950835454243,-0.3983285075019742,0.11104834095980382
14,IE,Ireland,86,2017-03-01,3,1.0,1,4799157.0,15.383950835454243,-0.3983285075019742,0.11104834095980382
14,IE,Ireland,87,2017-04-01,4,0.0,1,4799157.0,15.383950835454243,-0.3983285075019742,0.11104834095980382
14,IE,Ireland,88,2017-05-01,5,0.0,1,4799157.0,15.383950835454243,-0.3983285075019742,0.11104834095980382
14,IE,Ireland,89,2017-06-01,6,0.0,1,4799157.0,15.383950835454243,-0.3983285075019742,0.11104834095980382
14,IE,Ireland,90,2017-07-01,7,0.0,1,4799157.0,15.383950835454243,-0.3983285075019742,0.11104834095980382
14,IE,Ireland,91,2017-08-01,8,0.0,1,4799157.0,15.383950835454243,-0.3983285075019742,0.11104834095980382
14,IE,Ireland,92,2017-09-01,9,0.0,1,4799157.0,15.383950835454243,-0.3983285075019742,0.11104834095980382
14,IE,Ireland,93,2017-10-01,10,10.0,1,4799157.0,15.383950835454243,-0.3983285075019742,0.11104834095980382
14,IE,Ireland,94,2017-11-01,11,9.0,1,4799157.0,15.383950835454243,-0.3983285075019742,0.11104834095980382
14,IE,Ireland,95,2017-12-01,12,3.0,1,4799157.0,15.383950835454243,-0.3983285075019742,0.11104834095980382
14,IE,Ireland,96,2018-01-01,1,9.0,1,4855733.0,15.395670626684286,-0.3983285075019742,0.11104834095980382
14,IE,Ireland,97,2018-02-01,2,13.0,1,4855733.0,15.395670626684286,-0.3983285075019742,0.11104834095980382
14,IE,Ireland,98,2018-03-01,3,15.0,1,4855733.0,15.395670626684286,-0.3983285075019742,0.11104834095980382
14,IE,Ireland,99,2018-04-01,4,10.0,1,4855733.0,15.395670626684286,-0.3983285075019742,0.11104834095980382
14,IE,Ireland,100,2018-05-01,5,0.0,1,4855733.0,15.395670626684286,-0.3983285075019742,0.11104834095980382
14,IE,Ireland,101,2018-06-01,6,2.0,1,4855733.0,15.395670626684286,-0.3983285075019742,0.11104834095980382
14,IE,Ireland,102,2018-07-01,7,5.0,1,4855733.0,15.395670626684286,-0.3983285075019742,0.11104834095980382
14,IE,Ireland,103,2018-08-01,8,16.0,1,4855733.0,15.395670626684286,-0.3983285075019742,0.11104834095980382
14,IE,Ireland,104,2018-09-01,9,2.0,1,4855733.0,15.395670626684286,-0.3983285075019742,0.11104834095980382
14,IE,Ireland,105,2018-10-01,10,1.0,1,4855733.0,15.395670626684286,-0.3983285075019742,0.11104834095980382
14,IE,Ireland,106,2018-11-01,11,0.0,1,4855733.0,15.395670626684286,-0.3983285075019742,0.11104834095980382
14,IE,Ireland,107,2018-12-01,12,0.0,1,4855733.0,15.395670626684286,-0.3983285075019742,0.11104834095980382
14,IE,Ireland,108,2019-01-01,1,0.0,1,4940311.0,15.41293884264808,-0.3983285075019742,0.11104834095980382
14,IE,Ireland,109,2019-02-01,2,13.0,1,4940311.0,15.41293884264808,-0.3983285075019742,0.11104834095980382
14,IE,Ireland,110,2019-03-01,3,11.0,1,4940311.0,15.41293884264808,-0.3983285075019742,0.11104834095980382
14,IE,Ireland,111,2019-04-01,4,2.0,1,4940311.0,15.41293884264808,-0.3983285075019742,0.11104834095980382
14,IE,Ireland,112,2019-05-01,5,2.0,1,4940311.0,15.41293884264808,-0.3983285075019742,0.11104834095980382
14,IE,Ireland,113,2019-06-01,6,2.0,1,4940311.0,15.41293884264808,-0.3983285075019742,0.11104834095980382
14,IE,Ireland,114,2019-07-01,7,2.0,1,4940311.0,15.41293884264808,-0.3983285075019742,0.11104834095980382
14,IE,Ireland,115,2019-08-01,8,1.0,1,4940311.0,15.41293884264808,-0.3983285075019742,0.11104834095980382
14,IE,Ireland,116,2019-09-01,9,2.0,1,4940311.0,15.41293884264808,-0.3983285075019742,0.11104834095980382
14,IE,Ireland,117,2019-10-01,10,5.0,1,4940311.0,15.41293884264808,-0.3983285075019742,0.11104834095980382
14,IE,Ireland,118,2019-11-01,11,2.0,1,4940311.0,15.41293884264808,-0.3983285075019742,0.11104834095980382
14,IE,Ireland,119,2019-12-01,12,0.0,1,4940311.0,15.41293884264808,-0.3983285075019742,0.11104834095980382
15,IS,Iceland,0,2010-01-01,1,0.0,1,317630.0,12.668642462332487,-0.6082521716241116,0.44988294032023035
15,IS,Iceland,1,2010-02-01,2,0.0,1,317630.0,12.668642462332487,-0.6082521716241116,0.44988294032023035
15,IS,Iceland,2,2010-03-01,3,0.0,1,317630.0,12.668642462332487,-0.6082521716241116,0.44988294032023035
15,IS,Iceland,3,2010-04-01,4,0.0,1,317630.0,12.668642462332487,-0.6082521716241116,0.44988294032023035
15,IS,Iceland,4,2010-05-01,5,0.0,1,317630.0,12.668642462332487,-0.6082521716241116,0.44988294032023035
15,IS,Iceland,5,2010-06-01,6,0.0,1,317630.0,12.668642462332487,-0.6082521716241116,0.44988294032023035
15,IS,Iceland,6,2010-07-01,7,0.0,1,317630.0,12.668642462332487,-0.6082521716241116,0.44988294032023035
15,IS,Iceland,7,2010-08-01,8,0.0,1,317630.0,12.668642462332487,-0.6082521716241116,0.44988294032023035
15,IS,Iceland,8,2010-09-01,9,0.0,1,317630.0,12.668642462332487,-0.6082521716241116,0.44988294032023035
15,IS,Iceland,9,2010-10-01,10,0.0,1,317630.0,12.668642462332487,-0.6082521716241116,0.44988294032023035
15,IS,Iceland,10,2010-11-01,11,0.0,1,317630.0,12.668642462332487,-0.6082521716241116,0.44988294032023035
15,IS,Iceland,11,2010-12-01,12,0.0,1,317630.0,12.668642462332487,-0.6082521716241116,0.44988294032023035
15,IS,Iceland,12,2011-01-01,1,0.0,1,318452.0,12.671227036200579,-0.6082521716241116,0.44988294032023035
15,IS,Iceland,13,2011-02-01,2,0.0,1,318452.0,12.671227036200579,-0.6082521716241116,0.44988294032023035
15,IS,Iceland,14,2011-03-01,3,0.0,1,318452.0,12.671227036200579,-0.6082521716241116,0.44988294032023035
15,IS,Iceland,15,2011-04-01,4,0.0,1,318452.0,12.671227036200579,-0.6082521716241116,0.44988294032023035
15,IS,Iceland,16,2011-05-01,5,0.0,1,318452.0,12.671227036200579,-0.6082521716241116,0.44988294032023035
15,IS,Iceland,17,2011-06-01,6,0.0,1,318452.0,12.671227036200579,-0.6082521716241116,0.44988294032023035
15,IS,Iceland,18,2011-07-01,7,0.0,1,318452.0,12.671227036200579,-0.6082521716241116,0.44988294032023035
15,IS,Iceland,19,2011-08-01,8,0.0,1,318452.0,12.671227036200579,-0.6082521716241116,0.44988294032023035
15,IS,Iceland,20,2011-09-01,9,0.0,1,318452.0,12.671227036200579,-0.6082521716241116,0.44988294032023035
15,IS,Iceland,21,2011-10-01,10,0.0,1,318452.0,12.671227036200579,-0.6082521716241116,0.44988294032023035
15,IS,Iceland,22,2011-11-01,11,0.0,1,318452.0,12.671227036200579,-0.6082521716241116,0.44988294032023035
15,IS,Iceland,23,2011-12-01,12,0.0,1,318452.0,12.671227036200579,-0.6082521716241116,0.44988294032023035
15,IS,Iceland,24,2012-01-01,1,0.0,1,319575.0,12.674747267036222,-0.6082521716241116,0.44988294032023035
15,IS,Iceland,25,2012-02-01,2,0.0,1,319575.0,12.674747267036222,-0.6082521716241116,0.44988294032023035
15,IS,Iceland,26,2012-03-01,3,0.0,1,319575.0,12.674747267036222,-0.6082521716241116,0.44988294032023035
15,IS,Iceland,27,2012-04-01,4,0.0,1,319575.0,12.674747267036222,-0.6082521716241116,0.44988294032023035
15,IS,Iceland,28,2012-05-01,5,0.0,1,319575.0,12.674747267036222,-0.6082521716241116,0.44988294032023035
15,IS,Iceland,29,2012-06-01,6,0.0,1,319575.0,12.674747267036222,-0.6082521716241116,0.44988294032023035
15,IS,Iceland,30,2012-07-01,7,0.0,1,319575.0,12.674747267036222,-0.6082521716241116,0.44988294032023035
15,IS,Iceland,31,2012-08-01,8,0.0,1,319575.0,12.674747267036222,-0.6082521716241116,0.44988294032023035
15,IS,Iceland,32,2012-09-01,9,0.0,1,319575.0,12.674747267036222,-0.6082521716241116,0.44988294032023035
15,IS,Iceland,33,2012-10-01,10,0.0,1,319575.0,12.674747267036222,-0.6082521716241116,0.44988294032023035
15,IS,Iceland,34,2012-11-01,11,0.0,1,319575.0,12.674747267036222,-0.6082521716241116,0.44988294032023035
15,IS,Iceland,35,2012-12-01,12,0.0,1,319575.0,12.674747267036222,-0.6082521716241116,0.44988294032023035
15,IS,Iceland,36,2013-01-01,1,0.0,1,321857.0,12.681862626506328,-0.6082521716241116,0.44988294032023035
15,IS,Iceland,37,2013-02-01,2,0.0,1,321857.0,12.681862626506328,-0.6082521716241116,0.44988294032023035
15,IS,Iceland,38,2013-03-01,3,0.0,1,321857.0,12.681862626506328,-0.6082521716241116,0.44988294032023035
15,IS,Iceland,39,2013-04-01,4,0.0,1,321857.0,12.681862626506328,-0.6082521716241116,0.44988294032023035
15,IS,Iceland,40,2013-05-01,5,0.0,1,321857.0,12.681862626506328,-0.6082521716241116,0.44988294032023035
15,IS,Iceland,41,2013-06-01,6,0.0,1,321857.0,12.681862626506328,-0.6082521716241116,0.44988294032023035
15,IS,Iceland,42,2013-07-01,7,0.0,1,321857.0,12.681862626506328,-0.6082521716241116,0.44988294032023035
15,IS,Iceland,43,2013-08-01,8,0.0,1,321857.0,12.681862626506328,-0.6082521716241116,0.44988294032023035
15,IS,Iceland,44,2013-09-01,9,0.0,1,321857.0,12.681862626506328,-0.6082521716241116,0.44988294032023035
15,IS,Iceland,45,2013-10-01,10,0.0,1,321857.0,12.681862626506328,-0.6082521716241116,0.44988294032023035
15,IS,Iceland,46,2013-11-01,11,0.0,1,321857.0,12.681862626506328,-0.6082521716241116,0.44988294032023035
15,IS,Iceland,47,2013-12-01,12,0.0,1,321857.0,12.681862626506328,-0.6082521716241116,0.44988294032023035
15,IS,Iceland,48,2014-01-01,1,0.0,1,325671.0,12.69364294830718,-0.6082521716241116,0.44988294032023035
15,IS,Iceland,49,2014-02-01,2,0.0,1,325671.0,12.69364294830718,-0.6082521716241116,0.44988294032023035
15,IS,Iceland,50,2014-03-01,3,1.0,1,325671.0,12.69364294830718,-0.6082521716241116,0.44988294032023035
15,IS,Iceland,51,2014-04-01,4,0.0,1,325671.0,12.69364294830718,-0.6082521716241116,0.44988294032023035
15,IS,Iceland,52,2014-05-01,5,0.0,1,325671.0,12.69364294830718,-0.6082521716241116,0.44988294032023035
15,IS,Iceland,53,2014-06-01,6,0.0,1,325671.0,12.69364294830718,-0.6082521716241116,0.44988294032023035
15,IS,Iceland,54,2014-07-01,7,0.0,1,325671.0,12.69364294830718,-0.6082521716241116,0.44988294032023035
15,IS,Iceland,55,2014-08-01,8,0.0,1,325671.0,12.69364294830718,-0.6082521716241116,0.44988294032023035
15,IS,Iceland,56,2014-09-01,9,0.0,1,325671.0,12.69364294830718,-0.6082521716241116,0.44988294032023035
15,IS,Iceland,57,2014-10-01,10,0.0,1,325671.0,12.69364294830718,-0.6082521716241116,0.44988294032023035
15,IS,Iceland,58,2014-11-01,11,0.0,1,325671.0,12.69364294830718,-0.6082521716241116,0.44988294032023035
15,IS,Iceland,59,2014-12-01,12,0.0,1,325671.0,12.69364294830718,-0.6082521716241116,0.44988294032023035
15,IS,Iceland,60,2015-01-01,1,0.0,1,329100.0,12.704116934931431,-0.6082521716241116,0.44988294032023035
15,IS,Iceland,61,2015-02-01,2,0.0,1,329100.0,12.704116934931431,-0.6082521716241116,0.44988294032023035
15,IS,Iceland,62,2015-03-01,3,0.0,1,329100.0,12.704116934931431,-0.6082521716241116,0.44988294032023035
15,IS,Iceland,63,2015-04-01,4,0.0,1,329100.0,12.704116934931431,-0.6082521716241116,0.44988294032023035
15,IS,Iceland,64,2015-05-01,5,0.0,1,329100.0,12.704116934931431,-0.6082521716241116,0.44988294032023035
15,IS,Iceland,65,2015-06-01,6,0.0,1,329100.0,12.704116934931431,-0.6082521716241116,0.44988294032023035
15,IS,Iceland,66,2015-07-01,7,0.0,1,329100.0,12.704116934931431,-0.6082521716241116,0.44988294032023035
15,IS,Iceland,67,2015-08-01,8,0.0,1,329100.0,12.704116934931431,-0.6082521716241116,0.44988294032023035
15,IS,Iceland,68,2015-09-01,9,0.0,1,329100.0,12.704116934931431,-0.6082521716241116,0.44988294032023035
15,IS,Iceland,69,2015-10-01,10,0.0,1,329100.0,12.704116934931431,-0.6082521716241116,0.44988294032023035
15,IS,Iceland,70,2015-11-01,11,0.0,1,329100.0,12.704116934931431,-0.6082521716241116,0.44988294032023035
15,IS,Iceland,71,2015-12-01,12,0.0,1,329100.0,12.704116934931431,-0.6082521716241116,0.44988294032023035
15,IS,Iceland,72,2016-01-01,1,0.0,1,332529.0,12.714482353319886,-0.6082521716241116,0.44988294032023035
15,IS,Iceland,73,2016-02-01,2,0.0,1,332529.0,12.714482353319886,-0.6082521716241116,0.44988294032023035
15,IS,Iceland,74,2016-03-01,3,0.0,1,332529.0,12.714482353319886,-0.6082521716241116,0.44988294032023035
15,IS,Iceland,75,2016-04-01,4,0.0,1,332529.0,12.714482353319886,-0.6082521716241116,0.44988294032023035
15,IS,Iceland,76,2016-05-01,5,0.0,1,332529.0,12.714482353319886,-0.6082521716241116,0.44988294032023035
15,IS,Iceland,77,2016-06-01,6,0.0,1,332529.0,12.714482353319886,-0.6082521716241116,0.44988294032023035
15,IS,Iceland,78,2016-07-01,7,0.0,1,332529.0,12.714482353319886,-0.6082521716241116,0.44988294032023035
15,IS,Iceland,79,2016-08-01,8,1.0,1,332529.0,12.714482353319886,-0.6082521716241116,0.44988294032023035
15,IS,Iceland,80,2016-09-01,9,0.0,1,332529.0,12.714482353319886,-0.6082521716241116,0.44988294032023035
15,IS,Iceland,81,2016-10-01,10,0.0,1,332529.0,12.714482353319886,-0.6082521716241116,0.44988294032023035
15,IS,Iceland,82,2016-11-01,11,0.0,1,332529.0,12.714482353319886,-0.6082521716241116,0.44988294032023035
15,IS,Iceland,83,2016-12-01,12,0.0,1,332529.0,12.714482353319886,-0.6082521716241116,0.44988294032023035
15,IS,Iceland,84,2017-01-01,1,0.0,1,338349.0,12.731833186136571,-0.6082521716241116,0.44988294032023035
15,IS,Iceland,85,2017-02-01,2,0.0,1,338349.0,12.731833186136571,-0.6082521716241116,0.44988294032023035
15,IS,Iceland,86,2017-03-01,3,2.0,1,338349.0,12.731833186136571,-0.6082521716241116,0.44988294032023035
15,IS,Iceland,87,2017-04-01,4,0.0,1,338349.0,12.731833186136571,-0.6082521716241116,0.44988294032023035
15,IS,Iceland,88,2017-05-01,5,0.0,1,338349.0,12.731833186136571,-0.6082521716241116,0.44988294032023035
15,IS,Iceland,89,2017-06-01,6,0.0,1,338349.0,12.731833186136571,-0.6082521716241116,0.44988294032023035
15,IS,Iceland,90,2017-07-01,7,0.0,1,338349.0,12.731833186136571,-0.6082521716241116,0.44988294032023035
15,IS,Iceland,91,2017-08-01,8,0.0,1,338349.0,12.731833186136571,-0.6082521716241116,0.44988294032023035
15,IS,Iceland,92,2017-09-01,9,0.0,1,338349.0,12.731833186136571,-0.6082521716241116,0.44988294032023035
15,IS,Iceland,93,2017-10-01,10,0.0,1,338349.0,12.731833186136571,-0.6082521716241116,0.44988294032023035
15,IS,Iceland,94,2017-11-01,11,1.0,1,338349.0,12.731833186136571,-0.6082521716241116,0.44988294032023035
15,IS,Iceland,95,2017-12-01,12,0.0,1,338349.0,12.731833186136571,-0.6082521716241116,0.44988294032023035
15,IS,Iceland,96,2018-01-01,1,0.0,1,348450.0,12.761250026866666,-0.6082521716241116,0.44988294032023035
15,IS,Iceland,97,2018-02-01,2,0.0,1,348450.0,12.761250026866666,-0.6082521716241116,0.44988294032023035
15,IS,Iceland,98,2018-03-01,3,0.0,1,348450.0,12.761250026866666,-0.6082521716241116,0.44988294032023035
15,IS,Iceland,99,2018-04-01,4,0.0,1,348450.0,12.761250026866666,-0.6082521716241116,0.44988294032023035
15,IS,Iceland,100,2018-05-01,5,0.0,1,348450.0,12.761250026866666,-0.6082521716241116,0.44988294032023035
15,IS,Iceland,101,2018-06-01,6,0.0,1,348450.0,12.761250026866666,-0.6082521716241116,0.44988294032023035
15,IS,Iceland,102,2018-07-01,7,0.0,1,348450.0,12.761250026866666,-0.6082521716241116,0.44988294032023035
15,IS,Iceland,103,2018-08-01,8,0.0,1,348450.0,12.761250026866666,-0.6082521716241116,0.44988294032023035
15,IS,Iceland,104,2018-09-01,9,0.0,1,348450.0,12.761250026866666,-0.6082521716241116,0.44988294032023035
15,IS,Iceland,105,2018-10-01,10,0.0,1,348450.0,12.761250026866666,-0.6082521716241116,0.44988294032023035
15,IS,Iceland,106,2018-11-01,11,0.0,1,348450.0,12.761250026866666,-0.6082521716241116,0.44988294032023035
15,IS,Iceland,107,2018-12-01,12,0.0,1,348450.0,12.761250026866666,-0.6082521716241116,0.44988294032023035
15,IS,Iceland,108,2019-01-01,1,0.0,1,356991.0,12.785465850359962,-0.6082521716241116,0.44988294032023035
15,IS,Iceland,109,2019-02-01,2,1.0,1,356991.0,12.785465850359962,-0.6082521716241116,0.44988294032023035
15,IS,Iceland,110,2019-03-01,3,6.0,1,356991.0,12.785465850359962,-0.6082521716241116,0.44988294032023035
15,IS,Iceland,111,2019-04-01,4,0.0,1,356991.0,12.785465850359962,-0.6082521716241116,0.44988294032023035
15,IS,Iceland,112,2019-05-01,5,0.0,1,356991.0,12.785465850359962,-0.6082521716241116,0.44988294032023035
15,IS,Iceland,113,2019-06-01,6,0.0,1,356991.0,12.785465850359962,-0.6082521716241116,0.44988294032023035
15,IS,Iceland,114,2019-07-01,7,1.0,1,356991.0,12.785465850359962,-0.6082521716241116,0.44988294032023035
15,IS,Iceland,115,2019-08-01,8,0.0,1,356991.0,12.785465850359962,-0.6082521716241116,0.44988294032023035
15,IS,Iceland,116,2019-09-01,9,0.0,1,356991.0,12.785465850359962,-0.6082521716241116,0.44988294032023035
15,IS,Iceland,117,2019-10-01,10,0.0,1,356991.0,12.785465850359962,-0.6082521716241116,0.44988294032023035
15,IS,Iceland,118,2019-11-01,11,0.0,1,356991.0,12.785465850359962,-0.6082521716241116,0.44988294032023035
15,IS,Iceland,119,2019-12-01,12,1.0,1,356991.0,12.785465850359962,-0.6082521716241116,0.44988294032023035
16,IT,Italy,0,2010-01-01,1,43.0,1,59690316.0,17.904680354149917,-0.0013819426164779958,-0.20126876801589355
16,IT,Italy,1,2010-02-01,2,58.0,1,59690316.0,17.904680354149917,-0.0013819426164779958,-0.20126876801589355
16,IT,Italy,2,2010-03-01,3,250.0,1,59690316.0,17.904680354149917,-0.0013819426164779958,-0.20126876801589355
16,IT,Italy,3,2010-04-01,4,316.0,1,59690316.0,17.904680354149917,-0.0013819426164779958,-0.20126876801589355
16,IT,Italy,4,2010-05-01,5,371.0,1,59690316.0,17.904680354149917,-0.0013819426164779958,-0.20126876801589355
16,IT,Italy,5,2010-06-01,6,488.0,1,59690316.0,17.904680354149917,-0.0013819426164779958,-0.20126876801589355
16,IT,Italy,6,2010-07-01,7,339.0,1,59690316.0,17.904680354149917,-0.0013819426164779958,-0.20126876801589355
16,IT,Italy,7,2010-08-01,8,184.0,1,59690316.0,17.904680354149917,-0.0013819426164779958,-0.20126876801589355
16,IT,Italy,8,2010-09-01,9,119.0,1,59690316.0,17.904680354149917,-0.0013819426164779958,-0.20126876801589355
16,IT,Italy,9,2010-10-01,10,214.0,1,59690316.0,17.904680354149917,-0.0013819426164779958,-0.20126876801589355
16,IT,Italy,10,2010-11-01,11,380.0,1,59690316.0,17.904680354149917,-0.0013819426164779958,-0.20126876801589355
16,IT,Italy,11,2010-12-01,12,302.0,1,59690316.0,17.904680354149917,-0.0013819426164779958,-0.20126876801589355
16,IT,Italy,12,2011-01-01,1,141.0,1,59948497.0,17.908996368231108,-0.0013819426164779958,-0.20126876801589355
16,IT,Italy,13,2011-02-01,2,167.0,1,59948497.0,17.908996368231108,-0.0013819426164779958,-0.20126876801589355
16,IT,Italy,14,2011-03-01,3,270.0,1,59948497.0,17.908996368231108,-0.0013819426164779958,-0.20126876801589355
16,IT,Italy,15,2011-04-01,4,358.0,1,59948497.0,17.908996368231108,-0.0013819426164779958,-0.20126876801589355
16,IT,Italy,16,2011-05-01,5,334.0,1,59948497.0,17.908996368231108,-0.0013819426164779958,-0.20126876801589355
16,IT,Italy,17,2011-06-01,6,276.0,1,59948497.0,17.908996368231108,-0.0013819426164779958,-0.20126876801589355
16,IT,Italy,18,2011-07-01,7,185.0,1,59948497.0,17.908996368231108,-0.0013819426164779958,-0.20126876801589355
16,IT,Italy,19,2011-08-01,8,93.0,1,59948497.0,17.908996368231108,-0.0013819426164779958,-0.20126876801589355
16,IT,Italy,20,2011-09-01,9,46.0,1,59948497.0,17.908996368231108,-0.0013819426164779958,-0.20126876801589355
16,IT,Italy,21,2011-10-01,10,23.0,1,59948497.0,17.908996368231108,-0.0013819426164779958,-0.20126876801589355
16,IT,Italy,22,2011-11-01,11,12.0,1,59948497.0,17.908996368231108,-0.0013819426164779958,-0.20126876801589355
16,IT,Italy,23,2011-12-01,12,0.0,1,59948497.0,17.908996368231108,-0.0013819426164779958,-0.20126876801589355
16,IT,Italy,24,2012-01-01,1,29.0,1,60105185.0,17.91160666866268,-0.0013819426164779958,-0.20126876801589355
16,IT,Italy,25,2012-02-01,2,42.0,1,60105185.0,17.91160666866268,-0.0013819426164779958,-0.20126876801589355
16,IT,Italy,26,2012-03-01,3,30.0,1,60105185.0,17.91160666866268,-0.0013819426164779958,-0.20126876801589355
16,IT,Italy,27,2012-04-01,4,31.0,1,60105185.0,17.91160666866268,-0.0013819426164779958,-0.20126876801589355
16,IT,Italy,28,2012-05-01,5,35.0,1,60105185.0,17.91160666866268,-0.0013819426164779958,-0.20126876801589355
16,IT,Italy,29,2012-06-01,6,22.0,1,60105185.0,17.91160666866268,-0.0013819426164779958,-0.20126876801589355
16,IT,Italy,30,2012-07-01,7,5.0,1,60105185.0,17.91160666866268,-0.0013819426164779958,-0.20126876801589355
16,IT,Italy,31,2012-08-01,8,2.0,1,60105185.0,17.91160666866268,-0.0013819426164779958,-0.20126876801589355
16,IT,Italy,32,2012-09-01,9,3.0,1,60105185.0,17.91160666866268,-0.0013819426164779958,-0.20126876801589355
16,IT,Italy,33,2012-10-01,10,5.0,1,60105185.0,17.91160666866268,-0.0013819426164779958,-0.20126876801589355
16,IT,Italy,34,2012-11-01,11,3.0,1,60105185.0,17.91160666866268,-0.0013819426164779958,-0.20126876801589355
16,IT,Italy,35,2012-12-01,12,9.0,1,60105185.0,17.91160666866268,-0.0013819426164779958,-0.20126876801589355
16,IT,Italy,36,2013-01-01,1,56.0,1,60277309.0,17.9144662890539,-0.0013819426164779958,-0.20126876801589355
16,IT,Italy,37,2013-02-01,2,120.0,1,60277309.0,17.9144662890539,-0.0013819426164779958,-0.20126876801589355
16,IT,Italy,38,2013-03-01,3,126.0,1,60277309.0,17.9144662890539,-0.0013819426164779958,-0.20126876801589355
16,IT,Italy,39,2013-04-01,4,142.0,1,60277309.0,17.9144662890539,-0.0013819426164779958,-0.20126876801589355
16,IT,Italy,40,2013-05-01,5,215.0,1,60277309.0,17.9144662890539,-0.0013819426164779958,-0.20126876801589355
16,IT,Italy,41,2013-06-01,6,195.0,1,60277309.0,17.9144662890539,-0.0013819426164779958,-0.20126876801589355
16,IT,Italy,42,2013-07-01,7,116.0,1,60277309.0,17.9144662890539,-0.0013819426164779958,-0.20126876801589355
16,IT,Italy,43,2013-08-01,8,52.0,1,60277309.0,17.9144662890539,-0.0013819426164779958,-0.20126876801589355
16,IT,Italy,44,2013-09-01,9,25.0,1,60277309.0,17.9144662890539,-0.0013819426164779958,-0.20126876801589355
16,IT,Italy,45,2013-10-01,10,25.0,1,60277309.0,17.9144662890539,-0.0013819426164779958,-0.20126876801589355
16,IT,Italy,46,2013-11-01,11,92.0,1,60277309.0,17.9144662890539,-0.0013819426164779958,-0.20126876801589355
16,IT,Italy,47,2013-12-01,12,80.0,1,60277309.0,17.9144662890539,-0.0013819426164779958,-0.20126876801589355
16,IT,Italy,48,2014-01-01,1,116.0,1,60345917.0,17.91560384787526,-0.0013819426164779958,-0.20126876801589355
16,IT,Italy,49,2014-02-01,2,111.0,1,60345917.0,17.91560384787526,-0.0013819426164779958,-0.20126876801589355
16,IT,Italy,50,2014-03-01,3,171.0,1,60345917.0,17.91560384787526,-0.0013819426164779958,-0.20126876801589355
16,IT,Italy,51,2014-04-01,4,197.0,1,60345917.0,17.91560384787526,-0.0013819426164779958,-0.20126876801589355
16,IT,Italy,52,2014-05-01,5,126.0,1,60345917.0,17.91560384787526,-0.0013819426164779958,-0.20126876801589355
16,IT,Italy,53,2014-06-01,6,68.0,1,60345917.0,17.91560384787526,-0.0013819426164779958,-0.20126876801589355
16,IT,Italy,54,2014-07-01,7,68.0,1,60345917.0,17.91560384787526,-0.0013819426164779958,-0.20126876801589355
16,IT,Italy,55,2014-08-01,8,52.0,1,60345917.0,17.91560384787526,-0.0013819426164779958,-0.20126876801589355
16,IT,Italy,56,2014-09-01,9,35.0,1,60345917.0,17.91560384787526,-0.0013819426164779958,-0.20126876801589355
16,IT,Italy,57,2014-10-01,10,37.0,1,60345917.0,17.91560384787526,-0.0013819426164779958,-0.20126876801589355
16,IT,Italy,58,2014-11-01,11,25.0,1,60345917.0,17.91560384787526,-0.0013819426164779958,-0.20126876801589355
16,IT,Italy,59,2014-12-01,12,10.0,1,60345917.0,17.91560384787526,-0.0013819426164779958,-0.20126876801589355
16,IT,Italy,60,2015-01-01,1,7.0,1,60295497.0,17.914767982292062,-0.0013819426164779958,-0.20126876801589355
16,IT,Italy,61,2015-02-01,2,12.0,1,60295497.0,17.914767982292062,-0.0013819426164779958,-0.20126876801589355
16,IT,Italy,62,2015-03-01,3,8.0,1,60295497.0,17.914767982292062,-0.0013819426164779958,-0.20126876801589355
16,IT,Italy,63,2015-04-01,4,10.0,1,60295497.0,17.914767982292062,-0.0013819426164779958,-0.20126876801589355
16,IT,Italy,64,2015-05-01,5,21.0,1,60295497.0,17.914767982292062,-0.0013819426164779958,-0.20126876801589355
16,IT,Italy,65,2015-06-01,6,8.0,1,60295497.0,17.914767982292062,-0.0013819426164779958,-0.20126876801589355
16,IT,Italy,66,2015-07-01,7,15.0,1,60295497.0,17.914767982292062,-0.0013819426164779958,-0.20126876801589355
16,IT,Italy,67,2015-08-01,8,15.0,1,60295497.0,17.914767982292062,-0.0013819426164779958,-0.20126876801589355
16,IT,Italy,68,2015-09-01,9,11.0,1,60295497.0,17.914767982292062,-0.0013819426164779958,-0.20126876801589355
16,IT,Italy,69,2015-10-01,10,12.0,1,60295497.0,17.914767982292062,-0.0013819426164779958,-0.20126876801589355
16,IT,Italy,70,2015-11-01,11,20.0,1,60295497.0,17.914767982292062,-0.0013819426164779958,-0.20126876801589355
16,IT,Italy,71,2015-12-01,12,29.0,1,60295497.0,17.914767982292062,-0.0013819426164779958,-0.20126876801589355
16,IT,Italy,72,2016-01-01,1,59.0,1,60163712.0,17.91257993783002,-0.0013819426164779958,-0.20126876801589355
16,IT,Italy,73,2016-02-01,2,65.0,1,60163712.0,17.91257993783002,-0.0013819426164779958,-0.20126876801589355
16,IT,Italy,74,2016-03-01,3,62.0,1,60163712.0,17.91257993783002,-0.0013819426164779958,-0.20126876801589355
16,IT,Italy,75,2016-04-01,4,56.0,1,60163712.0,17.91257993783002,-0.0013819426164779958,-0.20126876801589355
16,IT,Italy,76,2016-05-01,5,47.0,1,60163712.0,17.91257993783002,-0.0013819426164779958,-0.20126876801589355
16,IT,Italy,77,2016-06-01,6,43.0,1,60163712.0,17.91257993783002,-0.0013819426164779958,-0.20126876801589355
16,IT,Italy,78,2016-07-01,7,32.0,1,60163712.0,17.91257993783002,-0.0013819426164779958,-0.20126876801589355
16,IT,Italy,79,2016-08-01,8,28.0,1,60163712.0,17.91257993783002,-0.0013819426164779958,-0.20126876801589355
16,IT,Italy,80,2016-09-01,9,42.0,1,60163712.0,17.91257993783002,-0.0013819426164779958,-0.20126876801589355
16,IT,Italy,81,2016-10-01,10,62.0,1,60163712.0,17.91257993783002,-0.0013819426164779958,-0.20126876801589355
16,IT,Italy,82,2016-11-01,11,69.0,1,60163712.0,17.91257993783002,-0.0013819426164779958,-0.20126876801589355
16,IT,Italy,83,2016-12-01,12,67.0,1,60163712.0,17.91257993783002,-0.0013819426164779958,-0.20126876801589355
16,IT,Italy,84,2017-01-01,1,245.0,1,60066734.0,17.910966735446465,-0.0013819426164779958,-0.20126876801589355
16,IT,Italy,85,2017-02-01,2,386.0,1,60066734.0,17.910966735446465,-0.0013819426164779958,-0.20126876801589355
16,IT,Italy,86,2017-03-01,3,738.0,1,60066734.0,17.910966735446465,-0.0013819426164779958,-0.20126876801589355
16,IT,Italy,87,2017-04-01,4,676.0,1,60066734.0,17.910966735446465,-0.0013819426164779958,-0.20126876801589355
16,IT,Italy,88,2017-05-01,5,648.0,1,60066734.0,17.910966735446465,-0.0013819426164779958,-0.20126876801589355
16,IT,Italy,89,2017-06-01,6,549.0,1,60066734.0,17.910966735446465,-0.0013819426164779958,-0.20126876801589355
16,IT,Italy,90,2017-07-01,7,494.0,1,60066734.0,17.910966735446465,-0.0013819426164779958,-0.20126876801589355
16,IT,Italy,91,2017-08-01,8,213.0,1,60066734.0,17.910966735446465,-0.0013819426164779958,-0.20126876801589355
16,IT,Italy,92,2017-09-01,9,143.0,1,60066734.0,17.910966735446465,-0.0013819426164779958,-0.20126876801589355
16,IT,Italy,93,2017-10-01,10,108.0,1,60066734.0,17.910966735446465,-0.0013819426164779958,-0.20126876801589355
16,IT,Italy,94,2017-11-01,11,56.0,1,60066734.0,17.910966735446465,-0.0013819426164779958,-0.20126876801589355
16,IT,Italy,95,2017-12-01,12,102.0,1,60066734.0,17.910966735446465,-0.0013819426164779958,-0.20126876801589355
16,IT,Italy,96,2018-01-01,1,170.0,1,59937769.0,17.908817398606203,-0.0013819426164779958,-0.20126876801589355
16,IT,Italy,97,2018-02-01,2,245.0,1,59937769.0,17.908817398606203,-0.0013819426164779958,-0.20126876801589355
16,IT,Italy,98,2018-03-01,3,305.0,1,59937769.0,17.908817398606203,-0.0013819426164779958,-0.20126876801589355
16,IT,Italy,99,2018-04-01,4,381.0,1,59937769.0,17.908817398606203,-0.0013819426164779958,-0.20126876801589355
16,IT,Italy,100,2018-05-01,5,355.0,1,59937769.0,17.908817398606203,-0.0013819426164779958,-0.20126876801589355
16,IT,Italy,101,2018-06-01,6,274.0,1,59937769.0,17.908817398606203,-0.0013819426164779958,-0.20126876801589355
16,IT,Italy,102,2018-07-01,7,122.0,1,59937769.0,17.908817398606203,-0.0013819426164779958,-0.20126876801589355
16,IT,Italy,103,2018-08-01,8,58.0,1,59937769.0,17.908817398606203,-0.0013819426164779958,-0.20126876801589355
16,IT,Italy,104,2018-09-01,9,43.0,1,59937769.0,17.908817398606203,-0.0013819426164779958,-0.20126876801589355
16,IT,Italy,105,2018-10-01,10,33.0,1,59937769.0,17.908817398606203,-0.0013819426164779958,-0.20126876801589355
16,IT,Italy,106,2018-11-01,11,43.0,1,59937769.0,17.908817398606203,-0.0013819426164779958,-0.20126876801589355
16,IT,Italy,107,2018-12-01,12,52.0,1,59937769.0,17.908817398606203,-0.0013819426164779958,-0.20126876801589355
16,IT,Italy,108,2019-01-01,1,158.0,1,59816673.0,17.90679499276885,-0.0013819426164779958,-0.20126876801589355
16,IT,Italy,109,2019-02-01,2,156.0,1,59816673.0,17.90679499276885,-0.0013819426164779958,-0.20126876801589355
16,IT,Italy,110,2019-03-01,3,205.0,1,59816673.0,17.90679499276885,-0.0013819426164779958,-0.20126876801589355
16,IT,Italy,111,2019-04-01,4,278.0,1,59816673.0,17.90679499276885,-0.0013819426164779958,-0.20126876801589355
16,IT,Italy,112,2019-05-01,5,208.0,1,59816673.0,17.90679499276885,-0.0013819426164779958,-0.20126876801589355
16,IT,Italy,113,2019-06-01,6,179.0,1,59816673.0,17.90679499276885,-0.0013819426164779958,-0.20126876801589355
16,IT,Italy,114,2019-07-01,7,139.0,1,59816673.0,17.90679499276885,-0.0013819426164779958,-0.20126876801589355
16,IT,Italy,115,2019-08-01,8,73.0,1,59816673.0,17.90679499276885,-0.0013819426164779958,-0.20126876801589355
16,IT,Italy,116,2019-09-01,9,15.0,1,59816673.0,17.90679499276885,-0.0013819426164779958,-0.20126876801589355
16,IT,Italy,117,2019-10-01,10,1.0,1,59816673.0,17.90679499276885,-0.0013819426164779958,-0.20126876801589355
16,IT,Italy,118,2019-11-01,11,8.0,1,59816673.0,17.90679499276885,-0.0013819426164779958,-0.20126876801589355
16,IT,Italy,119,2019-12-01,12,10.0,1,59816673.0,17.90679499276885,-0.0013819426164779958,-0.20126876801589355
17,LT,Lithuania,0,2010-01-01,1,0.0,1,3141976.0,14.960362459321681,0.21045011845222422,0.16408332172926196
17,LT,Lithuania,1,2010-02-01,2,0.0,1,3141976.0,14.960362459321681,0.21045011845222422,0.16408332172926196
17,LT,Lithuania,2,2010-03-01,3,0.0,1,3141976.0,14.960362459321681,0.21045011845222422,0.16408332172926196
17,LT,Lithuania,3,2010-04-01,4,0.0,1,3141976.0,14.960362459321681,0.21045011845222422,0.16408332172926196
17,LT,Lithuania,4,2010-05-01,5,0.0,1,3141976.0,14.960362459321681,0.21045011845222422,0.16408332172926196
17,LT,Lithuania,5,2010-06-01,6,0.0,1,3141976.0,14.960362459321681,0.21045011845222422,0.16408332172926196
17,LT,Lithuania,6,2010-07-01,7,1.0,1,3141976.0,14.960362459321681,0.21045011845222422,0.16408332172926196
17,LT,Lithuania,7,2010-08-01,8,1.0,1,3141976.0,14.960362459321681,0.21045011845222422,0.16408332172926196
17,LT,Lithuania,8,2010-09-01,9,0.0,1,3141976.0,14.960362459321681,0.21045011845222422,0.16408332172926196
17,LT,Lithuania,9,2010-10-01,10,0.0,1,3141976.0,14.960362459321681,0.21045011845222422,0.16408332172926196
17,LT,Lithuania,10,2010-11-01,11,0.0,1,3141976.0,14.960362459321681,0.21045011845222422,0.16408332172926196
17,LT,Lithuania,11,2010-12-01,12,0.0,1,3141976.0,14.960362459321681,0.21045011845222422,0.16408332172926196
17,LT,Lithuania,12,2011-01-01,1,0.0,1,3052588.0,14.931500313380283,0.21045011845222422,0.16408332172926196
17,LT,Lithuania,13,2011-02-01,2,0.0,1,3052588.0,14.931500313380283,0.21045011845222422,0.16408332172926196
17,LT,Lithuania,14,2011-03-01,3,0.0,1,3052588.0,14.931500313380283,0.21045011845222422,0.16408332172926196
17,LT,Lithuania,15,2011-04-01,4,1.0,1,3052588.0,14.931500313380283,0.21045011845222422,0.16408332172926196
17,LT,Lithuania,16,2011-05-01,5,2.0,1,3052588.0,14.931500313380283,0.21045011845222422,0.16408332172926196
17,LT,Lithuania,17,2011-06-01,6,4.0,1,3052588.0,14.931500313380283,0.21045011845222422,0.16408332172926196
17,LT,Lithuania,18,2011-07-01,7,0.0,1,3052588.0,14.931500313380283,0.21045011845222422,0.16408332172926196
17,LT,Lithuania,19,2011-08-01,8,0.0,1,3052588.0,14.931500313380283,0.21045011845222422,0.16408332172926196
17,LT,Lithuania,20,2011-09-01,9,0.0,1,3052588.0,14.931500313380283,0.21045011845222422,0.16408332172926196
17,LT,Lithuania,21,2011-10-01,10,0.0,1,3052588.0,14.931500313380283,0.21045011845222422,0.16408332172926196
17,LT,Lithuania,22,2011-11-01,11,0.0,1,3052588.0,14.931500313380283,0.21045011845222422,0.16408332172926196
17,LT,Lithuania,23,2011-12-01,12,0.0,1,3052588.0,14.931500313380283,0.21045011845222422,0.16408332172926196
17,LT,Lithuania,24,2012-01-01,1,0.0,1,3003641.0,14.915335777401024,0.21045011845222422,0.16408332172926196
17,LT,Lithuania,25,2012-02-01,2,0.0,1,3003641.0,14.915335777401024,0.21045011845222422,0.16408332172926196
17,LT,Lithuania,26,2012-03-01,3,0.0,1,3003641.0,14.915335777401024,0.21045011845222422,0.16408332172926196
17,LT,Lithuania,27,2012-04-01,4,2.0,1,3003641.0,14.915335777401024,0.21045011845222422,0.16408332172926196
17,LT,Lithuania,28,2012-05-01,5,0.0,1,3003641.0,14.915335777401024,0.21045011845222422,0.16408332172926196
17,LT,Lithuania,29,2012-06-01,6,0.0,1,3003641.0,14.915335777401024,0.21045011845222422,0.16408332172926196
17,LT,Lithuania,30,2012-07-01,7,0.0,1,3003641.0,14.915335777401024,0.21045011845222422,0.16408332172926196
17,LT,Lithuania,31,2012-08-01,8,0.0,1,3003641.0,14.915335777401024,0.21045011845222422,0.16408332172926196
17,LT,Lithuania,32,2012-09-01,9,0.0,1,3003641.0,14.915335777401024,0.21045011845222422,0.16408332172926196
17,LT,Lithuania,33,2012-10-01,10,0.0,1,3003641.0,14.915335777401024,0.21045011845222422,0.16408332172926196
17,LT,Lithuania,34,2012-11-01,11,0.0,1,3003641.0,14.915335777401024,0.21045011845222422,0.16408332172926196
17,LT,Lithuania,35,2012-12-01,12,0.0,1,3003641.0,14.915335777401024,0.21045011845222422,0.16408332172926196
17,LT,Lithuania,36,2013-01-01,1,0.0,1,2974637.0,14.905632572710488,0.21045011845222422,0.16408332172926196
17,LT,Lithuania,37,2013-02-01,2,0.0,1,2974637.0,14.905632572710488,0.21045011845222422,0.16408332172926196
17,LT,Lithuania,38,2013-03-01,3,0.0,1,2974637.0,14.905632572710488,0.21045011845222422,0.16408332172926196
17,LT,Lithuania,39,2013-04-01,4,0.0,1,2974637.0,14.905632572710488,0.21045011845222422,0.16408332172926196
17,LT,Lithuania,40,2013-05-01,5,27.0,1,2974637.0,14.905632572710488,0.21045011845222422,0.16408332172926196
17,LT,Lithuania,41,2013-06-01,6,7.0,1,2974637.0,14.905632572710488,0.21045011845222422,0.16408332172926196
17,LT,Lithuania,42,2013-07-01,7,0.0,1,2974637.0,14.905632572710488,0.21045011845222422,0.16408332172926196
17,LT,Lithuania,43,2013-08-01,8,0.0,1,2974637.0,14.905632572710488,0.21045011845222422,0.16408332172926196
17,LT,Lithuania,44,2013-09-01,9,1.0,1,2974637.0,14.905632572710488,0.21045011845222422,0.16408332172926196
17,LT,Lithuania,45,2013-10-01,10,0.0,1,2974637.0,14.905632572710488,0.21045011845222422,0.16408332172926196
17,LT,Lithuania,46,2013-11-01,11,0.0,1,2974637.0,14.905632572710488,0.21045011845222422,0.16408332172926196
17,LT,Lithuania,47,2013-12-01,12,0.0,1,2974637.0,14.905632572710488,0.21045011845222422,0.16408332172926196
17,LT,Lithuania,48,2014-01-01,1,0.0,1,2947862.0,14.89659071979812,0.21045011845222422,0.16408332172926196
17,LT,Lithuania,49,2014-02-01,2,0.0,1,2947862.0,14.89659071979812,0.21045011845222422,0.16408332172926196
17,LT,Lithuania,50,2014-03-01,3,2.0,1,2947862.0,14.89659071979812,0.21045011845222422,0.16408332172926196
17,LT,Lithuania,51,2014-04-01,4,1.0,1,2947862.0,14.89659071979812,0.21045011845222422,0.16408332172926196
17,LT,Lithuania,52,2014-05-01,5,2.0,1,2947862.0,14.89659071979812,0.21045011845222422,0.16408332172926196
17,LT,Lithuania,53,2014-06-01,6,5.0,1,2947862.0,14.89659071979812,0.21045011845222422,0.16408332172926196
17,LT,Lithuania,54,2014-07-01,7,1.0,1,2947862.0,14.89659071979812,0.21045011845222422,0.16408332172926196
17,LT,Lithuania,55,2014-08-01,8,0.0,1,2947862.0,14.89659071979812,0.21045011845222422,0.16408332172926196
17,LT,Lithuania,56,2014-09-01,9,0.0,1,2947862.0,14.89659071979812,0.21045011845222422,0.16408332172926196
17,LT,Lithuania,57,2014-10-01,10,0.0,1,2947862.0,14.89659071979812,0.21045011845222422,0.16408332172926196
17,LT,Lithuania,58,2014-11-01,11,0.0,1,2947862.0,14.89659071979812,0.21045011845222422,0.16408332172926196
17,LT,Lithuania,59,2014-12-01,12,0.0,1,2947862.0,14.89659071979812,0.21045011845222422,0.16408332172926196
17,LT,Lithuania,60,2015-01-01,1,0.0,1,2926644.0,14.889366932038483,0.21045011845222422,0.16408332172926196
17,LT,Lithuania,61,2015-02-01,2,0.0,1,2926644.0,14.889366932038483,0.21045011845222422,0.16408332172926196
17,LT,Lithuania,62,2015-03-01,3,4.0,1,2926644.0,14.889366932038483,0.21045011845222422,0.16408332172926196
17,LT,Lithuania,63,2015-04-01,4,4.0,1,2926644.0,14.889366932038483,0.21045011845222422,0.16408332172926196
17,LT,Lithuania,64,2015-05-01,5,0.0,1,2926644.0,14.889366932038483,0.21045011845222422,0.16408332172926196
17,LT,Lithuania,65,2015-06-01,6,15.0,1,2926644.0,14.889366932038483,0.21045011845222422,0.16408332172926196
17,LT,Lithuania,66,2015-07-01,7,26.0,1,2926644.0,14.889366932038483,0.21045011845222422,0.16408332172926196
17,LT,Lithuania,67,2015-08-01,8,1.0,1,2926644.0,14.889366932038483,0.21045011845222422,0.16408332172926196
17,LT,Lithuania,68,2015-09-01,9,0.0,1,2926644.0,14.889366932038483,0.21045011845222422,0.16408332172926196
17,LT,Lithuania,69,2015-10-01,10,0.0,1,2926644.0,14.889366932038483,0.21045011845222422,0.16408332172926196
17,LT,Lithuania,70,2015-11-01,11,0.0,1,2926644.0,14.889366932038483,0.21045011845222422,0.16408332172926196
17,LT,Lithuania,71,2015-12-01,12,0.0,1,2926644.0,14.889366932038483,0.21045011845222422,0.16408332172926196
17,LT,Lithuania,72,2016-01-01,1,0.0,1,2895573.0,14.878693576865317,0.21045011845222422,0.16408332172926196
17,LT,Lithuania,73,2016-02-01,2,0.0,1,2895573.0,14.878693576865317,0.21045011845222422,0.16408332172926196
17,LT,Lithuania,74,2016-03-01,3,0.0,1,2895573.0,14.878693576865317,0.21045011845222422,0.16408332172926196
17,LT,Lithuania,75,2016-04-01,4,10.0,1,2895573.0,14.878693576865317,0.21045011845222422,0.16408332172926196
17,LT,Lithuania,76,2016-05-01,5,10.0,1,2895573.0,14.878693576865317,0.21045011845222422,0.16408332172926196
17,LT,Lithuania,77,2016-06-01,6,2.0,1,2895573.0,14.878693576865317,0.21045011845222422,0.16408332172926196
17,LT,Lithuania,78,2016-07-01,7,0.0,1,2895573.0,14.878693576865317,0.21045011845222422,0.16408332172926196
17,LT,Lithuania,79,2016-08-01,8,0.0,1,2895573.0,14.878693576865317,0.21045011845222422,0.16408332172926196
17,LT,Lithuania,80,2016-09-01,9,0.0,1,2895573.0,14.878693576865317,0.21045011845222422,0.16408332172926196
17,LT,Lithuania,81,2016-10-01,10,0.0,1,2895573.0,14.878693576865317,0.21045011845222422,0.16408332172926196
17,LT,Lithuania,82,2016-11-01,11,0.0,1,2895573.0,14.878693576865317,0.21045011845222422,0.16408332172926196
17,LT,Lithuania,83,2016-12-01,12,0.0,1,2895573.0,14.878693576865317,0.21045011845222422,0.16408332172926196
17,LT,Lithuania,84,2017-01-01,1,0.0,1,2859077.0,14.866009403435655,0.21045011845222422,0.16408332172926196
17,LT,Lithuania,85,2017-02-01,2,0.0,1,2859077.0,14.866009403435655,0.21045011845222422,0.16408332172926196
17,LT,Lithuania,86,2017-03-01,3,0.0,1,2859077.0,14.866009403435655,0.21045011845222422,0.16408332172926196
17,LT,Lithuania,87,2017-04-01,4,1.0,1,2859077.0,14.866009403435655,0.21045011845222422,0.16408332172926196
17,LT,Lithuania,88,2017-05-01,5,0.0,1,2859077.0,14.866009403435655,0.21045011845222422,0.16408332172926196
17,LT,Lithuania,89,2017-06-01,6,0.0,1,2859077.0,14.866009403435655,0.21045011845222422,0.16408332172926196
17,LT,Lithuania,90,2017-07-01,7,1.0,1,2859077.0,14.866009403435655,0.21045011845222422,0.16408332172926196
17,LT,Lithuania,91,2017-08-01,8,0.0,1,2859077.0,14.866009403435655,0.21045011845222422,0.16408332172926196
17,LT,Lithuania,92,2017-09-01,9,0.0,1,2859077.0,14.866009403435655,0.21045011845222422,0.16408332172926196
17,LT,Lithuania,93,2017-10-01,10,0.0,1,2859077.0,14.866009403435655,0.21045011845222422,0.16408332172926196
17,LT,Lithuania,94,2017-11-01,11,0.0,1,2859077.0,14.866009403435655,0.21045011845222422,0.16408332172926196
17,LT,Lithuania,95,2017-12-01,12,0.0,1,2859077.0,14.866009403435655,0.21045011845222422,0.16408332172926196
17,LT,Lithuania,96,2018-01-01,1,0.0,1,2826200.0,14.854443611130783,0.21045011845222422,0.16408332172926196
17,LT,Lithuania,97,2018-02-01,2,0.0,1,2826200.0,14.854443611130783,0.21045011845222422,0.16408332172926196
17,LT,Lithuania,98,2018-03-01,3,0.0,1,2826200.0,14.854443611130783,0.21045011845222422,0.16408332172926196
17,LT,Lithuania,99,2018-04-01,4,0.0,1,2826200.0,14.854443611130783,0.21045011845222422,0.16408332172926196
17,LT,Lithuania,100,2018-05-01,5,0.0,1,2826200.0,14.854443611130783,0.21045011845222422,0.16408332172926196
17,LT,Lithuania,101,2018-06-01,6,0.0,1,2826200.0,14.854443611130783,0.21045011845222422,0.16408332172926196
17,LT,Lithuania,102,2018-07-01,7,1.0,1,2826200.0,14.854443611130783,0.21045011845222422,0.16408332172926196
17,LT,Lithuania,103,2018-08-01,8,1.0,1,2826200.0,14.854443611130783,0.21045011845222422,0.16408332172926196
17,LT,Lithuania,104,2018-09-01,9,0.0,1,2826200.0,14.854443611130783,0.21045011845222422,0.16408332172926196
17,LT,Lithuania,105,2018-10-01,10,0.0,1,2826200.0,14.854443611130783,0.21045011845222422,0.16408332172926196
17,LT,Lithuania,106,2018-11-01,11,8.0,1,2826200.0,14.854443611130783,0.21045011845222422,0.16408332172926196
17,LT,Lithuania,107,2018-12-01,12,20.0,1,2826200.0,14.854443611130783,0.21045011845222422,0.16408332172926196
17,LT,Lithuania,108,2019-01-01,1,12.0,1,2812200.0,14.849477653138852,0.21045011845222422,0.16408332172926196
17,LT,Lithuania,109,2019-02-01,2,73.0,1,2812200.0,14.849477653138852,0.21045011845222422,0.16408332172926196
17,LT,Lithuania,110,2019-03-01,3,249.0,1,2812200.0,14.849477653138852,0.21045011845222422,0.16408332172926196
17,LT,Lithuania,111,2019-04-01,4,231.0,1,2812200.0,14.849477653138852,0.21045011845222422,0.16408332172926196
17,LT,Lithuania,112,2019-05-01,5,125.0,1,2812200.0,14.849477653138852,0.21045011845222422,0.16408332172926196
17,LT,Lithuania,113,2019-06-01,6,62.0,1,2812200.0,14.849477653138852,0.21045011845222422,0.16408332172926196
17,LT,Lithuania,114,2019-07-01,7,33.0,1,2812200.0,14.849477653138852,0.21045011845222422,0.16408332172926196
17,LT,Lithuania,115,2019-08-01,8,39.0,1,2812200.0,14.849477653138852,0.21045011845222422,0.16408332172926196
17,LT,Lithuania,116,2019-09-01,9,6.0,1,2812200.0,14.849477653138852,0.21045011845222422,0.16408332172926196
17,LT,Lithuania,117,2019-10-01,10,2.0,1,2812200.0,14.849477653138852,0.21045011845222422,0.16408332172926196
17,LT,Lithuania,118,2019-11-01,11,2.0,1,2812200.0,14.849477653138852,0.21045011845222422,0.16408332172926196
17,LT,Lithuania,119,2019-12-01,12,0.0,1,2812200.0,14.849477653138852,0.21045011845222422,0.16408332172926196
18,LU,Luxembourg,0,2010-01-01,1,0.0,1,502066.0,13.12648686413549,-0.12924453803632532,0.004978379420887699
18,LU,Luxembourg,1,2010-02-01,2,0.0,1,502066.0,13.12648686413549,-0.12924453803632532,0.004978379420887699
18,LU,Luxembourg,2,2010-03-01,3,0.0,1,502066.0,13.12648686413549,-0.12924453803632532,0.004978379420887699
18,LU,Luxembourg,3,2010-04-01,4,0.0,1,502066.0,13.12648686413549,-0.12924453803632532,0.004978379420887699
18,LU,Luxembourg,4,2010-05-01,5,0.0,1,502066.0,13.12648686413549,-0.12924453803632532,0.004978379420887699
18,LU,Luxembourg,5,2010-06-01,6,0.0,1,502066.0,13.12648686413549,-0.12924453803632532,0.004978379420887699
18,LU,Luxembourg,6,2010-07-01,7,0.0,1,502066.0,13.12648686413549,-0.12924453803632532,0.004978379420887699
18,LU,Luxembourg,7,2010-08-01,8,0.0,1,502066.0,13.12648686413549,-0.12924453803632532,0.004978379420887699
18,LU,Luxembourg,8,2010-09-01,9,0.0,1,502066.0,13.12648686413549,-0.12924453803632532,0.004978379420887699
18,LU,Luxembourg,9,2010-10-01,10,0.0,1,502066.0,13.12648686413549,-0.12924453803632532,0.004978379420887699
18,LU,Luxembourg,10,2010-11-01,11,0.0,1,502066.0,13.12648686413549,-0.12924453803632532,0.004978379420887699
18,LU,Luxembourg,11,2010-12-01,12,0.0,1,502066.0,13.12648686413549,-0.12924453803632532,0.004978379420887699
18,LU,Luxembourg,12,2011-01-01,1,,0,511840.0,13.145767355183345,-0.12924453803632532,0.004978379420887699
18,LU,Luxembourg,13,2011-02-01,2,,0,511840.0,13.145767355183345,-0.12924453803632532,0.004978379420887699
18,LU,Luxembourg,14,2011-03-01,3,,0,511840.0,13.145767355183345,-0.12924453803632532,0.004978379420887699
18,LU,Luxembourg,15,2011-04-01,4,,0,511840.0,13.145767355183345,-0.12924453803632532,0.004978379420887699
18,LU,Luxembourg,16,2011-05-01,5,,0,511840.0,13.145767355183345,-0.12924453803632532,0.004978379420887699
18,LU,Luxembourg,17,2011-06-01,6,,0,511840.0,13.145767355183345,-0.12924453803632532,0.004978379420887699
18,LU,Luxembourg,18,2011-07-01,7,,0,511840.0,13.145767355183345,-0.12924453803632532,0.004978379420887699
18,LU,Luxembourg,19,2011-08-01,8,,0,511840.0,13.145767355183345,-0.12924453803632532,0.004978379420887699
18,LU,Luxembourg,20,2011-09-01,9,,0,511840.0,13.145767355183345,-0.12924453803632532,0.004978379420887699
18,LU,Luxembourg,21,2011-10-01,10,,0,511840.0,13.145767355183345,-0.12924453803632532,0.004978379420887699
18,LU,Luxembourg,22,2011-11-01,11,,0,511840.0,13.145767355183345,-0.12924453803632532,0.004978379420887699
18,LU,Luxembourg,23,2011-12-01,12,,0,511840.0,13.145767355183345,-0.12924453803632532,0.004978379420887699
18,LU,Luxembourg,24,2012-01-01,1,,0,524853.0,13.170873502366442,-0.12924453803632532,0.004978379420887699
18,LU,Luxembourg,25,2012-02-01,2,,0,524853.0,13.170873502366442,-0.12924453803632532,0.004978379420887699
18,LU,Luxembourg,26,2012-03-01,3,,0,524853.0,13.170873502366442,-0.12924453803632532,0.004978379420887699
18,LU,Luxembourg,27,2012-04-01,4,,0,524853.0,13.170873502366442,-0.12924453803632532,0.004978379420887699
18,LU,Luxembourg,28,2012-05-01,5,,0,524853.0,13.170873502366442,-0.12924453803632532,0.004978379420887699
18,LU,Luxembourg,29,2012-06-01,6,,0,524853.0,13.170873502366442,-0.12924453803632532,0.004978379420887699
18,LU,Luxembourg,30,2012-07-01,7,,0,524853.0,13.170873502366442,-0.12924453803632532,0.004978379420887699
18,LU,Luxembourg,31,2012-08-01,8,,0,524853.0,13.170873502366442,-0.12924453803632532,0.004978379420887699
18,LU,Luxembourg,32,2012-09-01,9,,0,524853.0,13.170873502366442,-0.12924453803632532,0.004978379420887699
18,LU,Luxembourg,33,2012-10-01,10,,0,524853.0,13.170873502366442,-0.12924453803632532,0.004978379420887699
18,LU,Luxembourg,34,2012-11-01,11,,0,524853.0,13.170873502366442,-0.12924453803632532,0.004978379420887699
18,LU,Luxembourg,35,2012-12-01,12,,0,524853.0,13.170873502366442,-0.12924453803632532,0.004978379420887699
18,LU,Luxembourg,36,2013-01-01,1,0.0,1,537039.0,13.193825996552208,-0.12924453803632532,0.004978379420887699
18,LU,Luxembourg,37,2013-02-01,2,0.0,1,537039.0,13.193825996552208,-0.12924453803632532,0.004978379420887699
18,LU,Luxembourg,38,2013-03-01,3,0.0,1,537039.0,13.193825996552208,-0.12924453803632532,0.004978379420887699
18,LU,Luxembourg,39,2013-04-01,4,0.0,1,537039.0,13.193825996552208,-0.12924453803632532,0.004978379420887699
18,LU,Luxembourg,40,2013-05-01,5,0.0,1,537039.0,13.193825996552208,-0.12924453803632532,0.004978379420887699
18,LU,Luxembourg,41,2013-06-01,6,0.0,1,537039.0,13.193825996552208,-0.12924453803632532,0.004978379420887699
18,LU,Luxembourg,42,2013-07-01,7,0.0,1,537039.0,13.193825996552208,-0.12924453803632532,0.004978379420887699
18,LU,Luxembourg,43,2013-08-01,8,0.0,1,537039.0,13.193825996552208,-0.12924453803632532,0.004978379420887699
18,LU,Luxembourg,44,2013-09-01,9,0.0,1,537039.0,13.193825996552208,-0.12924453803632532,0.004978379420887699
18,LU,Luxembourg,45,2013-10-01,10,0.0,1,537039.0,13.193825996552208,-0.12924453803632532,0.004978379420887699
18,LU,Luxembourg,46,2013-11-01,11,0.0,1,537039.0,13.193825996552208,-0.12924453803632532,0.004978379420887699
18,LU,Luxembourg,47,2013-12-01,12,0.0,1,537039.0,13.193825996552208,-0.12924453803632532,0.004978379420887699
18,LU,Luxembourg,48,2014-01-01,1,1.0,1,549680.0,13.217091569704957,-0.12924453803632532,0.004978379420887699
18,LU,Luxembourg,49,2014-02-01,2,0.0,1,549680.0,13.217091569704957,-0.12924453803632532,0.004978379420887699
18,LU,Luxembourg,50,2014-03-01,3,0.0,1,549680.0,13.217091569704957,-0.12924453803632532,0.004978379420887699
18,LU,Luxembourg,51,2014-04-01,4,0.0,1,549680.0,13.217091569704957,-0.12924453803632532,0.004978379420887699
18,LU,Luxembourg,52,2014-05-01,5,1.0,1,549680.0,13.217091569704957,-0.12924453803632532,0.004978379420887699
18,LU,Luxembourg,53,2014-06-01,6,0.0,1,549680.0,13.217091569704957,-0.12924453803632532,0.004978379420887699
18,LU,Luxembourg,54,2014-07-01,7,0.0,1,549680.0,13.217091569704957,-0.12924453803632532,0.004978379420887699
18,LU,Luxembourg,55,2014-08-01,8,0.0,1,549680.0,13.217091569704957,-0.12924453803632532,0.004978379420887699
18,LU,Luxembourg,56,2014-09-01,9,0.0,1,549680.0,13.217091569704957,-0.12924453803632532,0.004978379420887699
18,LU,Luxembourg,57,2014-10-01,10,0.0,1,549680.0,13.217091569704957,-0.12924453803632532,0.004978379420887699
18,LU,Luxembourg,58,2014-11-01,11,0.0,1,549680.0,13.217091569704957,-0.12924453803632532,0.004978379420887699
18,LU,Luxembourg,59,2014-12-01,12,0.0,1,549680.0,13.217091569704957,-0.12924453803632532,0.004978379420887699
18,LU,Luxembourg,60,2015-01-01,1,0.0,1,562958.0,13.240960303983842,-0.12924453803632532,0.004978379420887699
18,LU,Luxembourg,61,2015-02-01,2,0.0,1,562958.0,13.240960303983842,-0.12924453803632532,0.004978379420887699
18,LU,Luxembourg,62,2015-03-01,3,0.0,1,562958.0,13.240960303983842,-0.12924453803632532,0.004978379420887699
18,LU,Luxembourg,63,2015-04-01,4,0.0,1,562958.0,13.240960303983842,-0.12924453803632532,0.004978379420887699
18,LU,Luxembourg,64,2015-05-01,5,0.0,1,562958.0,13.240960303983842,-0.12924453803632532,0.004978379420887699
18,LU,Luxembourg,65,2015-06-01,6,0.0,1,562958.0,13.240960303983842,-0.12924453803632532,0.004978379420887699
18,LU,Luxembourg,66,2015-07-01,7,0.0,1,562958.0,13.240960303983842,-0.12924453803632532,0.004978379420887699
18,LU,Luxembourg,67,2015-08-01,8,0.0,1,562958.0,13.240960303983842,-0.12924453803632532,0.004978379420887699
18,LU,Luxembourg,68,2015-09-01,9,0.0,1,562958.0,13.240960303983842,-0.12924453803632532,0.004978379420887699
18,LU,Luxembourg,69,2015-10-01,10,0.0,1,562958.0,13.240960303983842,-0.12924453803632532,0.004978379420887699
18,LU,Luxembourg,70,2015-11-01,11,0.0,1,562958.0,13.240960303983842,-0.12924453803632532,0.004978379420887699
18,LU,Luxembourg,71,2015-12-01,12,0.0,1,562958.0,13.240960303983842,-0.12924453803632532,0.004978379420887699
18,LU,Luxembourg,72,2016-01-01,1,0.0,1,576249.0,13.264295137933573,-0.12924453803632532,0.004978379420887699
18,LU,Luxembourg,73,2016-02-01,2,0.0,1,576249.0,13.264295137933573,-0.12924453803632532,0.004978379420887699
18,LU,Luxembourg,74,2016-03-01,3,0.0,1,576249.0,13.264295137933573,-0.12924453803632532,0.004978379420887699
18,LU,Luxembourg,75,2016-04-01,4,0.0,1,576249.0,13.264295137933573,-0.12924453803632532,0.004978379420887699
18,LU,Luxembourg,76,2016-05-01,5,0.0,1,576249.0,13.264295137933573,-0.12924453803632532,0.004978379420887699
18,LU,Luxembourg,77,2016-06-01,6,0.0,1,576249.0,13.264295137933573,-0.12924453803632532,0.004978379420887699
18,LU,Luxembourg,78,2016-07-01,7,0.0,1,576249.0,13.264295137933573,-0.12924453803632532,0.004978379420887699
18,LU,Luxembourg,79,2016-08-01,8,0.0,1,576249.0,13.264295137933573,-0.12924453803632532,0.004978379420887699
18,LU,Luxembourg,80,2016-09-01,9,0.0,1,576249.0,13.264295137933573,-0.12924453803632532,0.004978379420887699
18,LU,Luxembourg,81,2016-10-01,10,0.0,1,576249.0,13.264295137933573,-0.12924453803632532,0.004978379420887699
18,LU,Luxembourg,82,2016-11-01,11,0.0,1,576249.0,13.264295137933573,-0.12924453803632532,0.004978379420887699
18,LU,Luxembourg,83,2016-12-01,12,0.0,1,576249.0,13.264295137933573,-0.12924453803632532,0.004978379420887699
18,LU,Luxembourg,84,2017-01-01,1,0.0,1,590667.0,13.28900768581298,-0.12924453803632532,0.004978379420887699
18,LU,Luxembourg,85,2017-02-01,2,0.0,1,590667.0,13.28900768581298,-0.12924453803632532,0.004978379420887699
18,LU,Luxembourg,86,2017-03-01,3,3.0,1,590667.0,13.28900768581298,-0.12924453803632532,0.004978379420887699
18,LU,Luxembourg,87,2017-04-01,4,0.0,1,590667.0,13.28900768581298,-0.12924453803632532,0.004978379420887699
18,LU,Luxembourg,88,2017-05-01,5,0.0,1,590667.0,13.28900768581298,-0.12924453803632532,0.004978379420887699
18,LU,Luxembourg,89,2017-06-01,6,0.0,1,590667.0,13.28900768581298,-0.12924453803632532,0.004978379420887699
18,LU,Luxembourg,90,2017-07-01,7,0.0,1,590667.0,13.28900768581298,-0.12924453803632532,0.004978379420887699
18,LU,Luxembourg,91,2017-08-01,8,0.0,1,590667.0,13.28900768581298,-0.12924453803632532,0.004978379420887699
18,LU,Luxembourg,92,2017-09-01,9,0.0,1,590667.0,13.28900768581298,-0.12924453803632532,0.004978379420887699
18,LU,Luxembourg,93,2017-10-01,10,0.0,1,590667.0,13.28900768581298,-0.12924453803632532,0.004978379420887699
18,LU,Luxembourg,94,2017-11-01,11,1.0,1,590667.0,13.28900768581298,-0.12924453803632532,0.004978379420887699
18,LU,Luxembourg,95,2017-12-01,12,0.0,1,590667.0,13.28900768581298,-0.12924453803632532,0.004978379420887699
18,LU,Luxembourg,96,2018-01-01,1,0.0,1,602005.0,13.308021029904307,-0.12924453803632532,0.004978379420887699
18,LU,Luxembourg,97,2018-02-01,2,0.0,1,602005.0,13.308021029904307,-0.12924453803632532,0.004978379420887699
18,LU,Luxembourg,98,2018-03-01,3,0.0,1,602005.0,13.308021029904307,-0.12924453803632532,0.004978379420887699
18,LU,Luxembourg,99,2018-04-01,4,1.0,1,602005.0,13.308021029904307,-0.12924453803632532,0.004978379420887699
18,LU,Luxembourg,100,2018-05-01,5,0.0,1,602005.0,13.308021029904307,-0.12924453803632532,0.004978379420887699
18,LU,Luxembourg,101,2018-06-01,6,0.0,1,602005.0,13.308021029904307,-0.12924453803632532,0.004978379420887699
18,LU,Luxembourg,102,2018-07-01,7,0.0,1,602005.0,13.308021029904307,-0.12924453803632532,0.004978379420887699
18,LU,Luxembourg,103,2018-08-01,8,2.0,1,602005.0,13.308021029904307,-0.12924453803632532,0.004978379420887699
18,LU,Luxembourg,104,2018-09-01,9,0.0,1,602005.0,13.308021029904307,-0.12924453803632532,0.004978379420887699
18,LU,Luxembourg,105,2018-10-01,10,0.0,1,602005.0,13.308021029904307,-0.12924453803632532,0.004978379420887699
18,LU,Luxembourg,106,2018-11-01,11,1.0,1,602005.0,13.308021029904307,-0.12924453803632532,0.004978379420887699
18,LU,Luxembourg,107,2018-12-01,12,0.0,1,602005.0,13.308021029904307,-0.12924453803632532,0.004978379420887699
18,LU,Luxembourg,108,2019-01-01,1,0.0,1,613894.0,13.327577553789068,-0.12924453803632532,0.004978379420887699
18,LU,Luxembourg,109,2019-02-01,2,0.0,1,613894.0,13.327577553789068,-0.12924453803632532,0.004978379420887699
18,LU,Luxembourg,110,2019-03-01,3,15.0,1,613894.0,13.327577553789068,-0.12924453803632532,0.004978379420887699
18,LU,Luxembourg,111,2019-04-01,4,7.0,1,613894.0,13.327577553789068,-0.12924453803632532,0.004978379420887699
18,LU,Luxembourg,112,2019-05-01,5,1.0,1,613894.0,13.327577553789068,-0.12924453803632532,0.004978379420887699
18,LU,Luxembourg,113,2019-06-01,6,1.0,1,613894.0,13.327577553789068,-0.12924453803632532,0.004978379420887699
18,LU,Luxembourg,114,2019-07-01,7,0.0,1,613894.0,13.327577553789068,-0.12924453803632532,0.004978379420887699
18,LU,Luxembourg,115,2019-08-01,8,0.0,1,613894.0,13.327577553789068,-0.12924453803632532,0.004978379420887699
18,LU,Luxembourg,116,2019-09-01,9,0.0,1,613894.0,13.327577553789068,-0.12924453803632532,0.004978379420887699
18,LU,Luxembourg,117,2019-10-01,10,1.0,1,613894.0,13.327577553789068,-0.12924453803632532,0.004978379420887699
18,LU,Luxembourg,118,2019-11-01,11,0.0,1,613894.0,13.327577553789068,-0.12924453803632532,0.004978379420887699
18,LU,Luxembourg,119,2019-12-01,12,0.0,1,613894.0,13.327577553789068,-0.12924453803632532,0.004978379420887699
19,LV,Latvia,0,2010-01-01,1,0.0,1,2120504.0,14.567164354242562,0.2238088970781785,0.21417191467819444
19,LV,Latvia,1,2010-02-01,2,0.0,1,2120504.0,14.567164354242562,0.2238088970781785,0.21417191467819444
19,LV,Latvia,2,2010-03-01,3,0.0,1,2120504.0,14.567164354242562,0.2238088970781785,0.21417191467819444
19,LV,Latvia,3,2010-04-01,4,0.0,1,2120504.0,14.567164354242562,0.2238088970781785,0.21417191467819444
19,LV,Latvia,4,2010-05-01,5,0.0,1,2120504.0,14.567164354242562,0.2238088970781785,0.21417191467819444
19,LV,Latvia,5,2010-06-01,6,0.0,1,2120504.0,14.567164354242562,0.2238088970781785,0.21417191467819444
19,LV,Latvia,6,2010-07-01,7,0.0,1,2120504.0,14.567164354242562,0.2238088970781785,0.21417191467819444
19,LV,Latvia,7,2010-08-01,8,0.0,1,2120504.0,14.567164354242562,0.2238088970781785,0.21417191467819444
19,LV,Latvia,8,2010-09-01,9,0.0,1,2120504.0,14.567164354242562,0.2238088970781785,0.21417191467819444
19,LV,Latvia,9,2010-10-01,10,0.0,1,2120504.0,14.567164354242562,0.2238088970781785,0.21417191467819444
19,LV,Latvia,10,2010-11-01,11,0.0,1,2120504.0,14.567164354242562,0.2238088970781785,0.21417191467819444
19,LV,Latvia,11,2010-12-01,12,0.0,1,2120504.0,14.567164354242562,0.2238088970781785,0.21417191467819444
19,LV,Latvia,12,2011-01-01,1,0.0,1,2074605.0,14.545281332080112,0.2238088970781785,0.21417191467819444
19,LV,Latvia,13,2011-02-01,2,0.0,1,2074605.0,14.545281332080112,0.2238088970781785,0.21417191467819444
19,LV,Latvia,14,2011-03-01,3,0.0,1,2074605.0,14.545281332080112,0.2238088970781785,0.21417191467819444
19,LV,Latvia,15,2011-04-01,4,0.0,1,2074605.0,14.545281332080112,0.2238088970781785,0.21417191467819444
19,LV,Latvia,16,2011-05-01,5,0.0,1,2074605.0,14.545281332080112,0.2238088970781785,0.21417191467819444
19,LV,Latvia,17,2011-06-01,6,0.0,1,2074605.0,14.545281332080112,0.2238088970781785,0.21417191467819444
19,LV,Latvia,18,2011-07-01,7,0.0,1,2074605.0,14.545281332080112,0.2238088970781785,0.21417191467819444
19,LV,Latvia,19,2011-08-01,8,1.0,1,2074605.0,14.545281332080112,0.2238088970781785,0.21417191467819444
19,LV,Latvia,20,2011-09-01,9,0.0,1,2074605.0,14.545281332080112,0.2238088970781785,0.21417191467819444
19,LV,Latvia,21,2011-10-01,10,0.0,1,2074605.0,14.545281332080112,0.2238088970781785,0.21417191467819444
19,LV,Latvia,22,2011-11-01,11,0.0,1,2074605.0,14.545281332080112,0.2238088970781785,0.21417191467819444
19,LV,Latvia,23,2011-12-01,12,0.0,1,2074605.0,14.545281332080112,0.2238088970781785,0.21417191467819444
19,LV,Latvia,24,2012-01-01,1,0.0,1,2044813.0,14.530816900735127,0.2238088970781785,0.21417191467819444
19,LV,Latvia,25,2012-02-01,2,2.0,1,2044813.0,14.530816900735127,0.2238088970781785,0.21417191467819444
19,LV,Latvia,26,2012-03-01,3,1.0,1,2044813.0,14.530816900735127,0.2238088970781785,0.21417191467819444
19,LV,Latvia,27,2012-04-01,4,0.0,1,2044813.0,14.530816900735127,0.2238088970781785,0.21417191467819444
19,LV,Latvia,28,2012-05-01,5,0.0,1,2044813.0,14.530816900735127,0.2238088970781785,0.21417191467819444
19,LV,Latvia,29,2012-06-01,6,0.0,1,2044813.0,14.530816900735127,0.2238088970781785,0.21417191467819444
19,LV,Latvia,30,2012-07-01,7,0.0,1,2044813.0,14.530816900735127,0.2238088970781785,0.21417191467819444
19,LV,Latvia,31,2012-08-01,8,0.0,1,2044813.0,14.530816900735127,0.2238088970781785,0.21417191467819444
19,LV,Latvia,32,2012-09-01,9,0.0,1,2044813.0,14.530816900735127,0.2238088970781785,0.21417191467819444
19,LV,Latvia,33,2012-10-01,10,0.0,1,2044813.0,14.530816900735127,0.2238088970781785,0.21417191467819444
19,LV,Latvia,34,2012-11-01,11,0.0,1,2044813.0,14.530816900735127,0.2238088970781785,0.21417191467819444
19,LV,Latvia,35,2012-12-01,12,0.0,1,2044813.0,14.530816900735127,0.2238088970781785,0.21417191467819444
19,LV,Latvia,36,2013-01-01,1,0.0,1,2023825.0,14.520499843200808,0.2238088970781785,0.21417191467819444
19,LV,Latvia,37,2013-02-01,2,0.0,1,2023825.0,14.520499843200808,0.2238088970781785,0.21417191467819444
19,LV,Latvia,38,2013-03-01,3,0.0,1,2023825.0,14.520499843200808,0.2238088970781785,0.21417191467819444
19,LV,Latvia,39,2013-04-01,4,0.0,1,2023825.0,14.520499843200808,0.2238088970781785,0.21417191467819444
19,LV,Latvia,40,2013-05-01,5,0.0,1,2023825.0,14.520499843200808,0.2238088970781785,0.21417191467819444
19,LV,Latvia,41,2013-06-01,6,0.0,1,2023825.0,14.520499843200808,0.2238088970781785,0.21417191467819444
19,LV,Latvia,42,2013-07-01,7,0.0,1,2023825.0,14.520499843200808,0.2238088970781785,0.21417191467819444
19,LV,Latvia,43,2013-08-01,8,0.0,1,2023825.0,14.520499843200808,0.2238088970781785,0.21417191467819444
19,LV,Latvia,44,2013-09-01,9,0.0,1,2023825.0,14.520499843200808,0.2238088970781785,0.21417191467819444
19,LV,Latvia,45,2013-10-01,10,0.0,1,2023825.0,14.520499843200808,0.2238088970781785,0.21417191467819444
19,LV,Latvia,46,2013-11-01,11,0.0,1,2023825.0,14.520499843200808,0.2238088970781785,0.21417191467819444
19,LV,Latvia,47,2013-12-01,12,0.0,1,2023825.0,14.520499843200808,0.2238088970781785,0.21417191467819444
19,LV,Latvia,48,2014-01-01,1,0.0,1,2001468.0,14.509391469277963,0.2238088970781785,0.21417191467819444
19,LV,Latvia,49,2014-02-01,2,0.0,1,2001468.0,14.509391469277963,0.2238088970781785,0.21417191467819444
19,LV,Latvia,50,2014-03-01,3,0.0,1,2001468.0,14.509391469277963,0.2238088970781785,0.21417191467819444
19,LV,Latvia,51,2014-04-01,4,24.0,1,2001468.0,14.509391469277963,0.2238088970781785,0.21417191467819444
19,LV,Latvia,52,2014-05-01,5,9.0,1,2001468.0,14.509391469277963,0.2238088970781785,0.21417191467819444
19,LV,Latvia,53,2014-06-01,6,0.0,1,2001468.0,14.509391469277963,0.2238088970781785,0.21417191467819444
19,LV,Latvia,54,2014-07-01,7,2.0,1,2001468.0,14.509391469277963,0.2238088970781785,0.21417191467819444
19,LV,Latvia,55,2014-08-01,8,0.0,1,2001468.0,14.509391469277963,0.2238088970781785,0.21417191467819444
19,LV,Latvia,56,2014-09-01,9,0.0,1,2001468.0,14.509391469277963,0.2238088970781785,0.21417191467819444
19,LV,Latvia,57,2014-10-01,10,0.0,1,2001468.0,14.509391469277963,0.2238088970781785,0.21417191467819444
19,LV,Latvia,58,2014-11-01,11,0.0,1,2001468.0,14.509391469277963,0.2238088970781785,0.21417191467819444
19,LV,Latvia,59,2014-12-01,12,0.0,1,2001468.0,14.509391469277963,0.2238088970781785,0.21417191467819444
19,LV,Latvia,60,2015-01-01,1,0.0,1,1986096.0,14.501681460787573,0.2238088970781785,0.21417191467819444
19,LV,Latvia,61,2015-02-01,2,0.0,1,1986096.0,14.501681460787573,0.2238088970781785,0.21417191467819444
19,LV,Latvia,62,2015-03-01,3,0.0,1,1986096.0,14.501681460787573,0.2238088970781785,0.21417191467819444
19,LV,Latvia,63,2015-04-01,4,0.0,1,1986096.0,14.501681460787573,0.2238088970781785,0.21417191467819444
19,LV,Latvia,64,2015-05-01,5,0.0,1,1986096.0,14.501681460787573,0.2238088970781785,0.21417191467819444
19,LV,Latvia,65,2015-06-01,6,0.0,1,1986096.0,14.501681460787573,0.2238088970781785,0.21417191467819444
19,LV,Latvia,66,2015-07-01,7,0.0,1,1986096.0,14.501681460787573,0.2238088970781785,0.21417191467819444
19,LV,Latvia,67,2015-08-01,8,0.0,1,1986096.0,14.501681460787573,0.2238088970781785,0.21417191467819444
19,LV,Latvia,68,2015-09-01,9,0.0,1,1986096.0,14.501681460787573,0.2238088970781785,0.21417191467819444
19,LV,Latvia,69,2015-10-01,10,0.0,1,1986096.0,14.501681460787573,0.2238088970781785,0.21417191467819444
19,LV,Latvia,70,2015-11-01,11,0.0,1,1986096.0,14.501681460787573,0.2238088970781785,0.21417191467819444
19,LV,Latvia,71,2015-12-01,12,0.0,1,1986096.0,14.501681460787573,0.2238088970781785,0.21417191467819444
19,LV,Latvia,72,2016-01-01,1,0.0,1,1968957.0,14.4930145188861,0.2238088970781785,0.21417191467819444
19,LV,Latvia,73,2016-02-01,2,0.0,1,1968957.0,14.4930145188861,0.2238088970781785,0.21417191467819444
19,LV,Latvia,74,2016-03-01,3,0.0,1,1968957.0,14.4930145188861,0.2238088970781785,0.21417191467819444
19,LV,Latvia,75,2016-04-01,4,0.0,1,1968957.0,14.4930145188861,0.2238088970781785,0.21417191467819444
19,LV,Latvia,76,2016-05-01,5,0.0,1,1968957.0,14.4930145188861,0.2238088970781785,0.21417191467819444
19,LV,Latvia,77,2016-06-01,6,0.0,1,1968957.0,14.4930145188861,0.2238088970781785,0.21417191467819444
19,LV,Latvia,78,2016-07-01,7,0.0,1,1968957.0,14.4930145188861,0.2238088970781785,0.21417191467819444
19,LV,Latvia,79,2016-08-01,8,0.0,1,1968957.0,14.4930145188861,0.2238088970781785,0.21417191467819444
19,LV,Latvia,80,2016-09-01,9,0.0,1,1968957.0,14.4930145188861,0.2238088970781785,0.21417191467819444
19,LV,Latvia,81,2016-10-01,10,0.0,1,1968957.0,14.4930145188861,0.2238088970781785,0.21417191467819444
19,LV,Latvia,82,2016-11-01,11,0.0,1,1968957.0,14.4930145188861,0.2238088970781785,0.21417191467819444
19,LV,Latvia,83,2016-12-01,12,0.0,1,1968957.0,14.4930145188861,0.2238088970781785,0.21417191467819444
19,LV,Latvia,84,2017-01-01,1,0.0,1,1950116.0,14.483399415950124,0.2238088970781785,0.21417191467819444
19,LV,Latvia,85,2017-02-01,2,0.0,1,1950116.0,14.483399415950124,0.2238088970781785,0.21417191467819444
19,LV,Latvia,86,2017-03-01,3,0.0,1,1950116.0,14.483399415950124,0.2238088970781785,0.21417191467819444
19,LV,Latvia,87,2017-04-01,4,0.0,1,1950116.0,14.483399415950124,0.2238088970781785,0.21417191467819444
19,LV,Latvia,88,2017-05-01,5,0.0,1,1950116.0,14.483399415950124,0.2238088970781785,0.21417191467819444
19,LV,Latvia,89,2017-06-01,6,0.0,1,1950116.0,14.483399415950124,0.2238088970781785,0.21417191467819444
19,LV,Latvia,90,2017-07-01,7,0.0,1,1950116.0,14.483399415950124,0.2238088970781785,0.21417191467819444
19,LV,Latvia,91,2017-08-01,8,0.0,1,1950116.0,14.483399415950124,0.2238088970781785,0.21417191467819444
19,LV,Latvia,92,2017-09-01,9,0.0,1,1950116.0,14.483399415950124,0.2238088970781785,0.21417191467819444
19,LV,Latvia,93,2017-10-01,10,0.0,1,1950116.0,14.483399415950124,0.2238088970781785,0.21417191467819444
19,LV,Latvia,94,2017-11-01,11,0.0,1,1950116.0,14.483399415950124,0.2238088970781785,0.21417191467819444
19,LV,Latvia,95,2017-12-01,12,0.0,1,1950116.0,14.483399415950124,0.2238088970781785,0.21417191467819444
19,LV,Latvia,96,2018-01-01,1,7.0,1,1934379.0,14.475296902704333,0.2238088970781785,0.21417191467819444
19,LV,Latvia,97,2018-02-01,2,7.0,1,1934379.0,14.475296902704333,0.2238088970781785,0.21417191467819444
19,LV,Latvia,98,2018-03-01,3,1.0,1,1934379.0,14.475296902704333,0.2238088970781785,0.21417191467819444
19,LV,Latvia,99,2018-04-01,4,0.0,1,1934379.0,14.475296902704333,0.2238088970781785,0.21417191467819444
19,LV,Latvia,100,2018-05-01,5,2.0,1,1934379.0,14.475296902704333,0.2238088970781785,0.21417191467819444
19,LV,Latvia,101,2018-06-01,6,3.0,1,1934379.0,14.475296902704333,0.2238088970781785,0.21417191467819444
19,LV,Latvia,102,2018-07-01,7,1.0,1,1934379.0,14.475296902704333,0.2238088970781785,0.21417191467819444
19,LV,Latvia,103,2018-08-01,8,1.0,1,1934379.0,14.475296902704333,0.2238088970781785,0.21417191467819444
19,LV,Latvia,104,2018-09-01,9,0.0,1,1934379.0,14.475296902704333,0.2238088970781785,0.21417191467819444
19,LV,Latvia,105,2018-10-01,10,0.0,1,1934379.0,14.475296902704333,0.2238088970781785,0.21417191467819444
19,LV,Latvia,106,2018-11-01,11,1.0,1,1934379.0,14.475296902704333,0.2238088970781785,0.21417191467819444
19,LV,Latvia,107,2018-12-01,12,2.0,1,1934379.0,14.475296902704333,0.2238088970781785,0.21417191467819444
19,LV,Latvia,108,2019-01-01,1,0.0,1,1919968.0,14.467819077198406,0.2238088970781785,0.21417191467819444
19,LV,Latvia,109,2019-02-01,2,0.0,1,1919968.0,14.467819077198406,0.2238088970781785,0.21417191467819444
19,LV,Latvia,110,2019-03-01,3,0.0,1,1919968.0,14.467819077198406,0.2238088970781785,0.21417191467819444
19,LV,Latvia,111,2019-04-01,4,1.0,1,1919968.0,14.467819077198406,0.2238088970781785,0.21417191467819444
19,LV,Latvia,112,2019-05-01,5,0.0,1,1919968.0,14.467819077198406,0.2238088970781785,0.21417191467819444
19,LV,Latvia,113,2019-06-01,6,0.0,1,1919968.0,14.467819077198406,0.2238088970781785,0.21417191467819444
19,LV,Latvia,114,2019-07-01,7,0.0,1,1919968.0,14.467819077198406,0.2238088970781785,0.21417191467819444
19,LV,Latvia,115,2019-08-01,8,2.0,1,1919968.0,14.467819077198406,0.2238088970781785,0.21417191467819444
19,LV,Latvia,116,2019-09-01,9,0.0,1,1919968.0,14.467819077198406,0.2238088970781785,0.21417191467819444
19,LV,Latvia,117,2019-10-01,10,0.0,1,1919968.0,14.467819077198406,0.2238088970781785,0.21417191467819444
19,LV,Latvia,118,2019-11-01,11,0.0,1,1919968.0,14.467819077198406,0.2238088970781785,0.21417191467819444
19,LV,Latvia,119,2019-12-01,12,0.0,1,1919968.0,14.467819077198406,0.2238088970781785,0.21417191467819444
20,MT,Malta,0,2010-01-01,1,0.0,1,414027.0,12.933686468072194,0.029152408528560162,-0.4045695276321493
20,MT,Malta,1,2010-02-01,2,0.0,1,414027.0,12.933686468072194,0.029152408528560162,-0.4045695276321493
20,MT,Malta,2,2010-03-01,3,0.0,1,414027.0,12.933686468072194,0.029152408528560162,-0.4045695276321493
20,MT,Malta,3,2010-04-01,4,0.0,1,414027.0,12.933686468072194,0.029152408528560162,-0.4045695276321493
20,MT,Malta,4,2010-05-01,5,0.0,1,414027.0,12.933686468072194,0.029152408528560162,-0.4045695276321493
20,MT,Malta,5,2010-06-01,6,0.0,1,414027.0,12.933686468072194,0.029152408528560162,-0.4045695276321493
20,MT,Malta,6,2010-07-01,7,0.0,1,414027.0,12.933686468072194,0.029152408528560162,-0.4045695276321493
20,MT,Malta,7,2010-08-01,8,0.0,1,414027.0,12.933686468072194,0.029152408528560162,-0.4045695276321493
20,MT,Malta,8,2010-09-01,9,0.0,1,414027.0,12.933686468072194,0.029152408528560162,-0.4045695276321493
20,MT,Malta,9,2010-10-01,10,0.0,1,414027.0,12.933686468072194,0.029152408528560162,-0.4045695276321493
20,MT,Malta,10,2010-11-01,11,0.0,1,414027.0,12.933686468072194,0.029152408528560162,-0.4045695276321493
20,MT,Malta,11,2010-12-01,12,0.0,1,414027.0,12.933686468072194,0.029152408528560162,-0.4045695276321493
20,MT,Malta,12,2011-01-01,1,0.0,1,414989.0,12.936007292837449,0.029152408528560162,-0.4045695276321493
20,MT,Malta,13,2011-02-01,2,1.0,1,414989.0,12.936007292837449,0.029152408528560162,-0.4045695276321493
20,MT,Malta,14,2011-03-01,3,1.0,1,414989.0,12.936007292837449,0.029152408528560162,-0.4045695276321493
20,MT,Malta,15,2011-04-01,4,2.0,1,414989.0,12.936007292837449,0.029152408528560162,-0.4045695276321493
20,MT,Malta,16,2011-05-01,5,0.0,1,414989.0,12.936007292837449,0.029152408528560162,-0.4045695276321493
20,MT,Malta,17,2011-06-01,6,0.0,1,414989.0,12.936007292837449,0.029152408528560162,-0.4045695276321493
20,MT,Malta,18,2011-07-01,7,0.0,1,414989.0,12.936007292837449,0.029152408528560162,-0.4045695276321493
20,MT,Malta,19,2011-08-01,8,1.0,1,414989.0,12.936007292837449,0.029152408528560162,-0.4045695276321493
20,MT,Malta,20,2011-09-01,9,1.0,1,414989.0,12.936007292837449,0.029152408528560162,-0.4045695276321493
20,MT,Malta,21,2011-10-01,10,0.0,1,414989.0,12.936007292837449,0.029152408528560162,-0.4045695276321493
20,MT,Malta,22,2011-11-01,11,0.0,1,414989.0,12.936007292837449,0.029152408528560162,-0.4045695276321493
20,MT,Malta,23,2011-12-01,12,0.0,1,414989.0,12.936007292837449,0.029152408528560162,-0.4045695276321493
20,MT,Malta,24,2012-01-01,1,0.0,1,417546.0,12.942149996844435,0.029152408528560162,-0.4045695276321493
20,MT,Malta,25,2012-02-01,2,0.0,1,417546.0,12.942149996844435,0.029152408528560162,-0.4045695276321493
20,MT,Malta,26,2012-03-01,3,0.0,1,417546.0,12.942149996844435,0.029152408528560162,-0.4045695276321493
20,MT,Malta,27,2012-04-01,4,0.0,1,417546.0,12.942149996844435,0.029152408528560162,-0.4045695276321493
20,MT,Malta,28,2012-05-01,5,0.0,1,417546.0,12.942149996844435,0.029152408528560162,-0.4045695276321493
20,MT,Malta,29,2012-06-01,6,0.0,1,417546.0,12.942149996844435,0.029152408528560162,-0.4045695276321493
20,MT,Malta,30,2012-07-01,7,0.0,1,417546.0,12.942149996844435,0.029152408528560162,-0.4045695276321493
20,MT,Malta,31,2012-08-01,8,0.0,1,417546.0,12.942149996844435,0.029152408528560162,-0.4045695276321493
20,MT,Malta,32,2012-09-01,9,0.0,1,417546.0,12.942149996844435,0.029152408528560162,-0.4045695276321493
20,MT,Malta,33,2012-10-01,10,0.0,1,417546.0,12.942149996844435,0.029152408528560162,-0.4045695276321493
20,MT,Malta,34,2012-11-01,11,0.0,1,417546.0,12.942149996844435,0.029152408528560162,-0.4045695276321493
20,MT,Malta,35,2012-12-01,12,0.0,1,417546.0,12.942149996844435,0.029152408528560162,-0.4045695276321493
20,MT,Malta,36,2013-01-01,1,0.0,1,421464.0,12.9514896435238,0.029152408528560162,-0.4045695276321493
20,MT,Malta,37,2013-02-01,2,0.0,1,421464.0,12.9514896435238,0.029152408528560162,-0.4045695276321493
20,MT,Malta,38,2013-03-01,3,1.0,1,421464.0,12.9514896435238,0.029152408528560162,-0.4045695276321493
20,MT,Malta,39,2013-04-01,4,0.0,1,421464.0,12.9514896435238,0.029152408528560162,-0.4045695276321493
20,MT,Malta,40,2013-05-01,5,0.0,1,421464.0,12.9514896435238,0.029152408528560162,-0.4045695276321493
20,MT,Malta,41,2013-06-01,6,0.0,1,421464.0,12.9514896435238,0.029152408528560162,-0.4045695276321493
20,MT,Malta,42,2013-07-01,7,0.0,1,421464.0,12.9514896435238,0.029152408528560162,-0.4045695276321493
20,MT,Malta,43,2013-08-01,8,0.0,1,421464.0,12.9514896435238,0.029152408528560162,-0.4045695276321493
20,MT,Malta,44,2013-09-01,9,0.0,1,421464.0,12.9514896435238,0.029152408528560162,-0.4045695276321493
20,MT,Malta,45,2013-10-01,10,0.0,1,421464.0,12.9514896435238,0.029152408528560162,-0.4045695276321493
20,MT,Malta,46,2013-11-01,11,0.0,1,421464.0,12.9514896435238,0.029152408528560162,-0.4045695276321493
20,MT,Malta,47,2013-12-01,12,0.0,1,421464.0,12.9514896435238,0.029152408528560162,-0.4045695276321493
20,MT,Malta,48,2014-01-01,1,0.0,1,428156.0,12.967242894136364,0.029152408528560162,-0.4045695276321493
20,MT,Malta,49,2014-02-01,2,0.0,1,428156.0,12.967242894136364,0.029152408528560162,-0.4045695276321493
20,MT,Malta,50,2014-03-01,3,0.0,1,428156.0,12.967242894136364,0.029152408528560162,-0.4045695276321493
20,MT,Malta,51,2014-04-01,4,0.0,1,428156.0,12.967242894136364,0.029152408528560162,-0.4045695276321493
20,MT,Malta,52,2014-05-01,5,0.0,1,428156.0,12.967242894136364,0.029152408528560162,-0.4045695276321493
20,MT,Malta,53,2014-06-01,6,0.0,1,428156.0,12.967242894136364,0.029152408528560162,-0.4045695276321493
20,MT,Malta,54,2014-07-01,7,0.0,1,428156.0,12.967242894136364,0.029152408528560162,-0.4045695276321493
20,MT,Malta,55,2014-08-01,8,0.0,1,428156.0,12.967242894136364,0.029152408528560162,-0.4045695276321493
20,MT,Malta,56,2014-09-01,9,0.0,1,428156.0,12.967242894136364,0.029152408528560162,-0.4045695276321493
20,MT,Malta,57,2014-10-01,10,0.0,1,428156.0,12.967242894136364,0.029152408528560162,-0.4045695276321493
20,MT,Malta,58,2014-11-01,11,0.0,1,428156.0,12.967242894136364,0.029152408528560162,-0.4045695276321493
20,MT,Malta,59,2014-12-01,12,0.0,1,428156.0,12.967242894136364,0.029152408528560162,-0.4045695276321493
20,MT,Malta,60,2015-01-01,1,0.0,1,438805.0,12.991810402031145,0.029152408528560162,-0.4045695276321493
20,MT,Malta,61,2015-02-01,2,0.0,1,438805.0,12.991810402031145,0.029152408528560162,-0.4045695276321493
20,MT,Malta,62,2015-03-01,3,0.0,1,438805.0,12.991810402031145,0.029152408528560162,-0.4045695276321493
20,MT,Malta,63,2015-04-01,4,0.0,1,438805.0,12.991810402031145,0.029152408528560162,-0.4045695276321493
20,MT,Malta,64,2015-05-01,5,1.0,1,438805.0,12.991810402031145,0.029152408528560162,-0.4045695276321493
20,MT,Malta,65,2015-06-01,6,0.0,1,438805.0,12.991810402031145,0.029152408528560162,-0.4045695276321493
20,MT,Malta,66,2015-07-01,7,0.0,1,438805.0,12.991810402031145,0.029152408528560162,-0.4045695276321493
20,MT,Malta,67,2015-08-01,8,0.0,1,438805.0,12.991810402031145,0.029152408528560162,-0.4045695276321493
20,MT,Malta,68,2015-09-01,9,0.0,1,438805.0,12.991810402031145,0.029152408528560162,-0.4045695276321493
20,MT,Malta,69,2015-10-01,10,0.0,1,438805.0,12.991810402031145,0.029152408528560162,-0.4045695276321493
20,MT,Malta,70,2015-11-01,11,0.0,1,438805.0,12.991810402031145,0.029152408528560162,-0.4045695276321493
20,MT,Malta,71,2015-12-01,12,0.0,1,438805.0,12.991810402031145,0.029152408528560162,-0.4045695276321493
20,MT,Malta,72,2016-01-01,1,0.0,1,449635.0,13.01619142150679,0.029152408528560162,-0.4045695276321493
20,MT,Malta,73,2016-02-01,2,0.0,1,449635.0,13.01619142150679,0.029152408528560162,-0.4045695276321493
20,MT,Malta,74,2016-03-01,3,0.0,1,449635.0,13.01619142150679,0.029152408528560162,-0.4045695276321493
20,MT,Malta,75,2016-04-01,4,0.0,1,449635.0,13.01619142150679,0.029152408528560162,-0.4045695276321493
20,MT,Malta,76,2016-05-01,5,0.0,1,449635.0,13.01619142150679,0.029152408528560162,-0.4045695276321493
20,MT,Malta,77,2016-06-01,6,0.0,1,449635.0,13.01619142150679,0.029152408528560162,-0.4045695276321493
20,MT,Malta,78,2016-07-01,7,0.0,1,449635.0,13.01619142150679,0.029152408528560162,-0.4045695276321493
20,MT,Malta,79,2016-08-01,8,0.0,1,449635.0,13.01619142150679,0.029152408528560162,-0.4045695276321493
20,MT,Malta,80,2016-09-01,9,0.0,1,449635.0,13.01619142150679,0.029152408528560162,-0.4045695276321493
20,MT,Malta,81,2016-10-01,10,0.0,1,449635.0,13.01619142150679,0.029152408528560162,-0.4045695276321493
20,MT,Malta,82,2016-11-01,11,0.0,1,449635.0,13.01619142150679,0.029152408528560162,-0.4045695276321493
20,MT,Malta,83,2016-12-01,12,0.0,1,449635.0,13.01619142150679,0.029152408528560162,-0.4045695276321493
20,MT,Malta,84,2017-01-01,1,0.0,1,459375.0,13.037622148949238,0.029152408528560162,-0.4045695276321493
20,MT,Malta,85,2017-02-01,2,0.0,1,459375.0,13.037622148949238,0.029152408528560162,-0.4045695276321493
20,MT,Malta,86,2017-03-01,3,0.0,1,459375.0,13.037622148949238,0.029152408528560162,-0.4045695276321493
20,MT,Malta,87,2017-04-01,4,0.0,1,459375.0,13.037622148949238,0.029152408528560162,-0.4045695276321493
20,MT,Malta,88,2017-05-01,5,0.0,1,459375.0,13.037622148949238,0.029152408528560162,-0.4045695276321493
20,MT,Malta,89,2017-06-01,6,0.0,1,459375.0,13.037622148949238,0.029152408528560162,-0.4045695276321493
20,MT,Malta,90,2017-07-01,7,0.0,1,459375.0,13.037622148949238,0.029152408528560162,-0.4045695276321493
20,MT,Malta,91,2017-08-01,8,0.0,1,459375.0,13.037622148949238,0.029152408528560162,-0.4045695276321493
20,MT,Malta,92,2017-09-01,9,0.0,1,459375.0,13.037622148949238,0.029152408528560162,-0.4045695276321493
20,MT,Malta,93,2017-10-01,10,0.0,1,459375.0,13.037622148949238,0.029152408528560162,-0.4045695276321493
20,MT,Malta,94,2017-11-01,11,0.0,1,459375.0,13.037622148949238,0.029152408528560162,-0.4045695276321493
20,MT,Malta,95,2017-12-01,12,0.0,1,459375.0,13.037622148949238,0.029152408528560162,-0.4045695276321493
20,MT,Malta,96,2018-01-01,1,0.0,1,474837.0,13.070726866229897,0.029152408528560162,-0.4045695276321493
20,MT,Malta,97,2018-02-01,2,0.0,1,474837.0,13.070726866229897,0.029152408528560162,-0.4045695276321493
20,MT,Malta,98,2018-03-01,3,0.0,1,474837.0,13.070726866229897,0.029152408528560162,-0.4045695276321493
20,MT,Malta,99,2018-04-01,4,0.0,1,474837.0,13.070726866229897,0.029152408528560162,-0.4045695276321493
20,MT,Malta,100,2018-05-01,5,0.0,1,474837.0,13.070726866229897,0.029152408528560162,-0.4045695276321493
20,MT,Malta,101,2018-06-01,6,0.0,1,474837.0,13.070726866229897,0.029152408528560162,-0.4045695276321493
20,MT,Malta,102,2018-07-01,7,5.0,1,474837.0,13.070726866229897,0.029152408528560162,-0.4045695276321493
20,MT,Malta,103,2018-08-01,8,0.0,1,474837.0,13.070726866229897,0.029152408528560162,-0.4045695276321493
20,MT,Malta,104,2018-09-01,9,0.0,1,474837.0,13.070726866229897,0.029152408528560162,-0.4045695276321493
20,MT,Malta,105,2018-10-01,10,0.0,1,474837.0,13.070726866229897,0.029152408528560162,-0.4045695276321493
20,MT,Malta,106,2018-11-01,11,0.0,1,474837.0,13.070726866229897,0.029152408528560162,-0.4045695276321493
20,MT,Malta,107,2018-12-01,12,0.0,1,474837.0,13.070726866229897,0.029152408528560162,-0.4045695276321493
20,MT,Malta,108,2019-01-01,1,0.0,1,492968.0,13.108199542196056,0.029152408528560162,-0.4045695276321493
20,MT,Malta,109,2019-02-01,2,0.0,1,492968.0,13.108199542196056,0.029152408528560162,-0.4045695276321493
20,MT,Malta,110,2019-03-01,3,3.0,1,492968.0,13.108199542196056,0.029152408528560162,-0.4045695276321493
20,MT,Malta,111,2019-04-01,4,13.0,1,492968.0,13.108199542196056,0.029152408528560162,-0.4045695276321493
20,MT,Malta,112,2019-05-01,5,11.0,1,492968.0,13.108199542196056,0.029152408528560162,-0.4045695276321493
20,MT,Malta,113,2019-06-01,6,3.0,1,492968.0,13.108199542196056,0.029152408528560162,-0.4045695276321493
20,MT,Malta,114,2019-07-01,7,0.0,1,492968.0,13.108199542196056,0.029152408528560162,-0.4045695276321493
20,MT,Malta,115,2019-08-01,8,1.0,1,492968.0,13.108199542196056,0.029152408528560162,-0.4045695276321493
20,MT,Malta,116,2019-09-01,9,0.0,1,492968.0,13.108199542196056,0.029152408528560162,-0.4045695276321493
20,MT,Malta,117,2019-10-01,10,0.0,1,492968.0,13.108199542196056,0.029152408528560162,-0.4045695276321493
20,MT,Malta,118,2019-11-01,11,1.0,1,492968.0,13.108199542196056,0.029152408528560162,-0.4045695276321493
20,MT,Malta,119,2019-12-01,12,0.0,1,492968.0,13.108199542196056,0.029152408528560162,-0.4045695276321493
21,NL,Netherlands,0,2010-01-01,1,2.0,1,16574989.0,16.623405430385905,-0.1445117136088444,0.07274529929297309
21,NL,Netherlands,1,2010-02-01,2,0.0,1,16574989.0,16.623405430385905,-0.1445117136088444,0.07274529929297309
21,NL,Netherlands,2,2010-03-01,3,1.0,1,16574989.0,16.623405430385905,-0.1445117136088444,0.07274529929297309
21,NL,Netherlands,3,2010-04-01,4,1.0,1,16574989.0,16.623405430385905,-0.1445117136088444,0.07274529929297309
21,NL,Netherlands,4,2010-05-01,5,1.0,1,16574989.0,16.623405430385905,-0.1445117136088444,0.07274529929297309
21,NL,Netherlands,5,2010-06-01,6,0.0,1,16574989.0,16.623405430385905,-0.1445117136088444,0.07274529929297309
21,NL,Netherlands,6,2010-07-01,7,2.0,1,16574989.0,16.623405430385905,-0.1445117136088444,0.07274529929297309
21,NL,Netherlands,7,2010-08-01,8,2.0,1,16574989.0,16.623405430385905,-0.1445117136088444,0.07274529929297309
21,NL,Netherlands,8,2010-09-01,9,1.0,1,16574989.0,16.623405430385905,-0.1445117136088444,0.07274529929297309
21,NL,Netherlands,9,2010-10-01,10,0.0,1,16574989.0,16.623405430385905,-0.1445117136088444,0.07274529929297309
21,NL,Netherlands,10,2010-11-01,11,0.0,1,16574989.0,16.623405430385905,-0.1445117136088444,0.07274529929297309
21,NL,Netherlands,11,2010-12-01,12,3.0,1,16574989.0,16.623405430385905,-0.1445117136088444,0.07274529929297309
21,NL,Netherlands,12,2011-01-01,1,2.0,1,16655799.0,16.628269002040728,-0.1445117136088444,0.07274529929297309
21,NL,Netherlands,13,2011-02-01,2,1.0,1,16655799.0,16.628269002040728,-0.1445117136088444,0.07274529929297309
21,NL,Netherlands,14,2011-03-01,3,7.0,1,16655799.0,16.628269002040728,-0.1445117136088444,0.07274529929297309
21,NL,Netherlands,15,2011-04-01,4,9.0,1,16655799.0,16.628269002040728,-0.1445117136088444,0.07274529929297309
21,NL,Netherlands,16,2011-05-01,5,5.0,1,16655799.0,16.628269002040728,-0.1445117136088444,0.07274529929297309
21,NL,Netherlands,17,2011-06-01,6,6.0,1,16655799.0,16.628269002040728,-0.1445117136088444,0.07274529929297309
21,NL,Netherlands,18,2011-07-01,7,4.0,1,16655799.0,16.628269002040728,-0.1445117136088444,0.07274529929297309
21,NL,Netherlands,19,2011-08-01,8,1.0,1,16655799.0,16.628269002040728,-0.1445117136088444,0.07274529929297309
21,NL,Netherlands,20,2011-09-01,9,0.0,1,16655799.0,16.628269002040728,-0.1445117136088444,0.07274529929297309
21,NL,Netherlands,21,2011-10-01,10,0.0,1,16655799.0,16.628269002040728,-0.1445117136088444,0.07274529929297309
21,NL,Netherlands,22,2011-11-01,11,0.0,1,16655799.0,16.628269002040728,-0.1445117136088444,0.07274529929297309
21,NL,Netherlands,23,2011-12-01,12,0.0,1,16655799.0,16.628269002040728,-0.1445117136088444,0.07274529929297309
21,NL,Netherlands,24,2012-01-01,1,0.0,1,16730348.0,16.632734873703036,-0.1445117136088444,0.07274529929297309
21,NL,Netherlands,25,2012-02-01,2,0.0,1,16730348.0,16.632734873703036,-0.1445117136088444,0.07274529929297309
21,NL,Netherlands,26,2012-03-01,3,1.0,1,16730348.0,16.632734873703036,-0.1445117136088444,0.07274529929297309
21,NL,Netherlands,27,2012-04-01,4,4.0,1,16730348.0,16.632734873703036,-0.1445117136088444,0.07274529929297309
21,NL,Netherlands,28,2012-05-01,5,0.0,1,16730348.0,16.632734873703036,-0.1445117136088444,0.07274529929297309
21,NL,Netherlands,29,2012-06-01,6,1.0,1,16730348.0,16.632734873703036,-0.1445117136088444,0.07274529929297309
21,NL,Netherlands,30,2012-07-01,7,2.0,1,16730348.0,16.632734873703036,-0.1445117136088444,0.07274529929297309
21,NL,Netherlands,31,2012-08-01,8,2.0,1,16730348.0,16.632734873703036,-0.1445117136088444,0.07274529929297309
21,NL,Netherlands,32,2012-09-01,9,0.0,1,16730348.0,16.632734873703036,-0.1445117136088444,0.07274529929297309
21,NL,Netherlands,33,2012-10-01,10,0.0,1,16730348.0,16.632734873703036,-0.1445117136088444,0.07274529929297309
21,NL,Netherlands,34,2012-11-01,11,0.0,1,16730348.0,16.632734873703036,-0.1445117136088444,0.07274529929297309
21,NL,Netherlands,35,2012-12-01,12,0.0,1,16730348.0,16.632734873703036,-0.1445117136088444,0.07274529929297309
21,NL,Netherlands,36,2013-01-01,1,1.0,1,16779575.0,16.635672930911426,-0.1445117136088444,0.07274529929297309
21,NL,Netherlands,37,2013-02-01,2,2.0,1,16779575.0,16.635672930911426,-0.1445117136088444,0.07274529929297309
21,NL,Netherlands,38,2013-03-01,3,9.0,1,16779575.0,16.635672930911426,-0.1445117136088444,0.07274529929297309
21,NL,Netherlands,39,2013-04-01,4,3.0,1,16779575.0,16.635672930911426,-0.1445117136088444,0.07274529929297309
21,NL,Netherlands,40,2013-05-01,5,9.0,1,16779575.0,16.635672930911426,-0.1445117136088444,0.07274529929297309
21,NL,Netherlands,41,2013-06-01,6,79.0,1,16779575.0,16.635672930911426,-0.1445117136088444,0.07274529929297309
21,NL,Netherlands,42,2013-07-01,7,207.0,1,16779575.0,16.635672930911426,-0.1445117136088444,0.07274529929297309
21,NL,Netherlands,43,2013-08-01,8,144.0,1,16779575.0,16.635672930911426,-0.1445117136088444,0.07274529929297309
21,NL,Netherlands,44,2013-09-01,9,130.0,1,16779575.0,16.635672930911426,-0.1445117136088444,0.07274529929297309
21,NL,Netherlands,45,2013-10-01,10,153.0,1,16779575.0,16.635672930911426,-0.1445117136088444,0.07274529929297309
21,NL,Netherlands,46,2013-11-01,11,91.0,1,16779575.0,16.635672930911426,-0.1445117136088444,0.07274529929297309
21,NL,Netherlands,47,2013-12-01,12,54.0,1,16779575.0,16.635672930911426,-0.1445117136088444,0.07274529929297309
21,NL,Netherlands,48,2014-01-01,1,29.0,1,16829289.0,16.638631319285295,-0.1445117136088444,0.07274529929297309
21,NL,Netherlands,49,2014-02-01,2,19.0,1,16829289.0,16.638631319285295,-0.1445117136088444,0.07274529929297309
21,NL,Netherlands,50,2014-03-01,3,37.0,1,16829289.0,16.638631319285295,-0.1445117136088444,0.07274529929297309
21,NL,Netherlands,51,2014-04-01,4,21.0,1,16829289.0,16.638631319285295,-0.1445117136088444,0.07274529929297309
21,NL,Netherlands,52,2014-05-01,5,5.0,1,16829289.0,16.638631319285295,-0.1445117136088444,0.07274529929297309
21,NL,Netherlands,53,2014-06-01,6,1.0,1,16829289.0,16.638631319285295,-0.1445117136088444,0.07274529929297309
21,NL,Netherlands,54,2014-07-01,7,1.0,1,16829289.0,16.638631319285295,-0.1445117136088444,0.07274529929297309
21,NL,Netherlands,55,2014-08-01,8,1.0,1,16829289.0,16.638631319285295,-0.1445117136088444,0.07274529929297309
21,NL,Netherlands,56,2014-09-01,9,2.0,1,16829289.0,16.638631319285295,-0.1445117136088444,0.07274529929297309
21,NL,Netherlands,57,2014-10-01,10,0.0,1,16829289.0,16.638631319285295,-0.1445117136088444,0.07274529929297309
21,NL,Netherlands,58,2014-11-01,11,0.0,1,16829289.0,16.638631319285295,-0.1445117136088444,0.07274529929297309
21,NL,Netherlands,59,2014-12-01,12,0.0,1,16829289.0,16.638631319285295,-0.1445117136088444,0.07274529929297309
21,NL,Netherlands,60,2015-01-01,1,0.0,1,16900726.0,16.64286713755049,-0.1445117136088444,0.07274529929297309
21,NL,Netherlands,61,2015-02-01,2,0.0,1,16900726.0,16.64286713755049,-0.1445117136088444,0.07274529929297309
21,NL,Netherlands,62,2015-03-01,3,1.0,1,16900726.0,16.64286713755049,-0.1445117136088444,0.07274529929297309
21,NL,Netherlands,63,2015-04-01,4,2.0,1,16900726.0,16.64286713755049,-0.1445117136088444,0.07274529929297309
21,NL,Netherlands,64,2015-05-01,5,0.0,1,16900726.0,16.64286713755049,-0.1445117136088444,0.07274529929297309
21,NL,Netherlands,65,2015-06-01,6,2.0,1,16900726.0,16.64286713755049,-0.1445117136088444,0.07274529929297309
21,NL,Netherlands,66,2015-07-01,7,1.0,1,16900726.0,16.64286713755049,-0.1445117136088444,0.07274529929297309
21,NL,Netherlands,67,2015-08-01,8,0.0,1,16900726.0,16.64286713755049,-0.1445117136088444,0.07274529929297309
21,NL,Netherlands,68,2015-09-01,9,0.0,1,16900726.0,16.64286713755049,-0.1445117136088444,0.07274529929297309
21,NL,Netherlands,69,2015-10-01,10,0.0,1,16900726.0,16.64286713755049,-0.1445117136088444,0.07274529929297309
21,NL,Netherlands,70,2015-11-01,11,0.0,1,16900726.0,16.64286713755049,-0.1445117136088444,0.07274529929297309
21,NL,Netherlands,71,2015-12-01,12,0.0,1,16900726.0,16.64286713755049,-0.1445117136088444,0.07274529929297309
21,NL,Netherlands,72,2016-01-01,1,0.0,1,16979120.0,16.647494911827213,-0.1445117136088444,0.07274529929297309
21,NL,Netherlands,73,2016-02-01,2,0.0,1,16979120.0,16.647494911827213,-0.1445117136088444,0.07274529929297309
21,NL,Netherlands,74,2016-03-01,3,0.0,1,16979120.0,16.647494911827213,-0.1445117136088444,0.07274529929297309
21,NL,Netherlands,75,2016-04-01,4,0.0,1,16979120.0,16.647494911827213,-0.1445117136088444,0.07274529929297309
21,NL,Netherlands,76,2016-05-01,5,0.0,1,16979120.0,16.647494911827213,-0.1445117136088444,0.07274529929297309
21,NL,Netherlands,77,2016-06-01,6,0.0,1,16979120.0,16.647494911827213,-0.1445117136088444,0.07274529929297309
21,NL,Netherlands,78,2016-07-01,7,0.0,1,16979120.0,16.647494911827213,-0.1445117136088444,0.07274529929297309
21,NL,Netherlands,79,2016-08-01,8,2.0,1,16979120.0,16.647494911827213,-0.1445117136088444,0.07274529929297309
21,NL,Netherlands,80,2016-09-01,9,0.0,1,16979120.0,16.647494911827213,-0.1445117136088444,0.07274529929297309
21,NL,Netherlands,81,2016-10-01,10,0.0,1,16979120.0,16.647494911827213,-0.1445117136088444,0.07274529929297309
21,NL,Netherlands,82,2016-11-01,11,0.0,1,16979120.0,16.647494911827213,-0.1445117136088444,0.07274529929297309
21,NL,Netherlands,83,2016-12-01,12,3.0,1,16979120.0,16.647494911827213,-0.1445117136088444,0.07274529929297309
21,NL,Netherlands,84,2017-01-01,1,0.0,1,17081507.0,16.653506974282614,-0.1445117136088444,0.07274529929297309
21,NL,Netherlands,85,2017-02-01,2,0.0,1,17081507.0,16.653506974282614,-0.1445117136088444,0.07274529929297309
21,NL,Netherlands,86,2017-03-01,3,0.0,1,17081507.0,16.653506974282614,-0.1445117136088444,0.07274529929297309
21,NL,Netherlands,87,2017-04-01,4,2.0,1,17081507.0,16.653506974282614,-0.1445117136088444,0.07274529929297309
21,NL,Netherlands,88,2017-05-01,5,6.0,1,17081507.0,16.653506974282614,-0.1445117136088444,0.07274529929297309
21,NL,Netherlands,89,2017-06-01,6,1.0,1,17081507.0,16.653506974282614,-0.1445117136088444,0.07274529929297309
21,NL,Netherlands,90,2017-07-01,7,1.0,1,17081507.0,16.653506974282614,-0.1445117136088444,0.07274529929297309
21,NL,Netherlands,91,2017-08-01,8,1.0,1,17081507.0,16.653506974282614,-0.1445117136088444,0.07274529929297309
21,NL,Netherlands,92,2017-09-01,9,1.0,1,17081507.0,16.653506974282614,-0.1445117136088444,0.07274529929297309
21,NL,Netherlands,93,2017-10-01,10,3.0,1,17081507.0,16.653506974282614,-0.1445117136088444,0.07274529929297309
21,NL,Netherlands,94,2017-11-01,11,0.0,1,17081507.0,16.653506974282614,-0.1445117136088444,0.07274529929297309
21,NL,Netherlands,95,2017-12-01,12,0.0,1,17081507.0,16.653506974282614,-0.1445117136088444,0.07274529929297309
21,NL,Netherlands,96,2018-01-01,1,0.0,1,17181084.0,16.65931956915386,-0.1445117136088444,0.07274529929297309
21,NL,Netherlands,97,2018-02-01,2,2.0,1,17181084.0,16.65931956915386,-0.1445117136088444,0.07274529929297309
21,NL,Netherlands,98,2018-03-01,3,2.0,1,17181084.0,16.65931956915386,-0.1445117136088444,0.07274529929297309
21,NL,Netherlands,99,2018-04-01,4,0.0,1,17181084.0,16.65931956915386,-0.1445117136088444,0.07274529929297309
21,NL,Netherlands,100,2018-05-01,5,2.0,1,17181084.0,16.65931956915386,-0.1445117136088444,0.07274529929297309
21,NL,Netherlands,101,2018-06-01,6,10.0,1,17181084.0,16.65931956915386,-0.1445117136088444,0.07274529929297309
21,NL,Netherlands,102,2018-07-01,7,1.0,1,17181084.0,16.65931956915386,-0.1445117136088444,0.07274529929297309
21,NL,Netherlands,103,2018-08-01,8,4.0,1,17181084.0,16.65931956915386,-0.1445117136088444,0.07274529929297309
21,NL,Netherlands,104,2018-09-01,9,0.0,1,17181084.0,16.65931956915386,-0.1445117136088444,0.07274529929297309
21,NL,Netherlands,105,2018-10-01,10,0.0,1,17181084.0,16.65931956915386,-0.1445117136088444,0.07274529929297309
21,NL,Netherlands,106,2018-11-01,11,0.0,1,17181084.0,16.65931956915386,-0.1445117136088444,0.07274529929297309
21,NL,Netherlands,107,2018-12-01,12,2.0,1,17181084.0,16.65931956915386,-0.1445117136088444,0.07274529929297309
21,NL,Netherlands,108,2019-01-01,1,4.0,1,17282163.0,16.665185487117732,-0.1445117136088444,0.07274529929297309
21,NL,Netherlands,109,2019-02-01,2,4.0,1,17282163.0,16.665185487117732,-0.1445117136088444,0.07274529929297309
21,NL,Netherlands,110,2019-03-01,3,10.0,1,17282163.0,16.665185487117732,-0.1445117136088444,0.07274529929297309
21,NL,Netherlands,111,2019-04-01,4,2.0,1,17282163.0,16.665185487117732,-0.1445117136088444,0.07274529929297309
21,NL,Netherlands,112,2019-05-01,5,12.0,1,17282163.0,16.665185487117732,-0.1445117136088444,0.07274529929297309
21,NL,Netherlands,113,2019-06-01,6,16.0,1,17282163.0,16.665185487117732,-0.1445117136088444,0.07274529929297309
21,NL,Netherlands,114,2019-07-01,7,6.0,1,17282163.0,16.665185487117732,-0.1445117136088444,0.07274529929297309
21,NL,Netherlands,115,2019-08-01,8,9.0,1,17282163.0,16.665185487117732,-0.1445117136088444,0.07274529929297309
21,NL,Netherlands,116,2019-09-01,9,3.0,1,17282163.0,16.665185487117732,-0.1445117136088444,0.07274529929297309
21,NL,Netherlands,117,2019-10-01,10,0.0,1,17282163.0,16.665185487117732,-0.1445117136088444,0.07274529929297309
21,NL,Netherlands,118,2019-11-01,11,4.0,1,17282163.0,16.665185487117732,-0.1445117136088444,0.07274529929297309
21,NL,Netherlands,119,2019-12-01,12,0.0,1,17282163.0,16.665185487117732,-0.1445117136088444,0.07274529929297309
22,NO,Norway,0,2010-01-01,1,0.0,1,4858199.0,15.396178351064686,-0.08344301131876808,0.32024187621711053
22,NO,Norway,1,2010-02-01,2,0.0,1,4858199.0,15.396178351064686,-0.08344301131876808,0.32024187621711053
22,NO,Norway,2,2010-03-01,3,0.0,1,4858199.0,15.396178351064686,-0.08344301131876808,0.32024187621711053
22,NO,Norway,3,2010-04-01,4,3.0,1,4858199.0,15.396178351064686,-0.08344301131876808,0.32024187621711053
22,NO,Norway,4,2010-05-01,5,0.0,1,4858199.0,15.396178351064686,-0.08344301131876808,0.32024187621711053
22,NO,Norway,5,2010-06-01,6,0.0,1,4858199.0,15.396178351064686,-0.08344301131876808,0.32024187621711053
22,NO,Norway,6,2010-07-01,7,0.0,1,4858199.0,15.396178351064686,-0.08344301131876808,0.32024187621711053
22,NO,Norway,7,2010-08-01,8,0.0,1,4858199.0,15.396178351064686,-0.08344301131876808,0.32024187621711053
22,NO,Norway,8,2010-09-01,9,0.0,1,4858199.0,15.396178351064686,-0.08344301131876808,0.32024187621711053
22,NO,Norway,9,2010-10-01,10,0.0,1,4858199.0,15.396178351064686,-0.08344301131876808,0.32024187621711053
22,NO,Norway,10,2010-11-01,11,0.0,1,4858199.0,15.396178351064686,-0.08344301131876808,0.32024187621711053
22,NO,Norway,11,2010-12-01,12,0.0,1,4858199.0,15.396178351064686,-0.08344301131876808,0.32024187621711053
22,NO,Norway,12,2011-01-01,1,4.0,1,4920305.0,15.408881078416993,-0.08344301131876808,0.32024187621711053
22,NO,Norway,13,2011-02-01,2,13.0,1,4920305.0,15.408881078416993,-0.08344301131876808,0.32024187621711053
22,NO,Norway,14,2011-03-01,3,7.0,1,4920305.0,15.408881078416993,-0.08344301131876808,0.32024187621711053
22,NO,Norway,15,2011-04-01,4,3.0,1,4920305.0,15.408881078416993,-0.08344301131876808,0.32024187621711053
22,NO,Norway,16,2011-05-01,5,3.0,1,4920305.0,15.408881078416993,-0.08344301131876808,0.32024187621711053
22,NO,Norway,17,2011-06-01,6,5.0,1,4920305.0,15.408881078416993,-0.08344301131876808,0.32024187621711053
22,NO,Norway,18,2011-07-01,7,,0,4920305.0,15.408881078416993,-0.08344301131876808,0.32024187621711053
22,NO,Norway,19,2011-08-01,8,1.0,1,4920305.0,15.408881078416993,-0.08344301131876808,0.32024187621711053
22,NO,Norway,20,2011-09-01,9,2.0,1,4920305.0,15.408881078416993,-0.08344301131876808,0.32024187621711053
22,NO,Norway,21,2011-10-01,10,1.0,1,4920305.0,15.408881078416993,-0.08344301131876808,0.32024187621711053
22,NO,Norway,22,2011-11-01,11,0.0,1,4920305.0,15.408881078416993,-0.08344301131876808,0.32024187621711053
22,NO,Norway,23,2011-12-01,12,0.0,1,4920305.0,15.408881078416993,-0.08344301131876808,0.32024187621711053
22,NO,Norway,24,2012-01-01,1,0.0,1,4985870.0,15.42211846972132,-0.08344301131876808,0.32024187621711053
22,NO,Norway,25,2012-02-01,2,0.0,1,4985870.0,15.42211846972132,-0.08344301131876808,0.32024187621711053
22,NO,Norway,26,2012-03-01,3,0.0,1,4985870.0,15.42211846972132,-0.08344301131876808,0.32024187621711053
22,NO,Norway,27,2012-04-01,4,1.0,1,4985870.0,15.42211846972132,-0.08344301131876808,0.32024187621711053
22,NO,Norway,28,2012-05-01,5,0.0,1,4985870.0,15.42211846972132,-0.08344301131876808,0.32024187621711053
22,NO,Norway,29,2012-06-01,6,0.0,1,4985870.0,15.42211846972132,-0.08344301131876808,0.32024187621711053
22,NO,Norway,30,2012-07-01,7,0.0,1,4985870.0,15.42211846972132,-0.08344301131876808,0.32024187621711053
22,NO,Norway,31,2012-08-01,8,2.0,1,4985870.0,15.42211846972132,-0.08344301131876808,0.32024187621711053
22,NO,Norway,32,2012-09-01,9,1.0,1,4985870.0,15.42211846972132,-0.08344301131876808,0.32024187621711053
22,NO,Norway,33,2012-10-01,10,0.0,1,4985870.0,15.42211846972132,-0.08344301131876808,0.32024187621711053
22,NO,Norway,34,2012-11-01,11,0.0,1,4985870.0,15.42211846972132,-0.08344301131876808,0.32024187621711053
22,NO,Norway,35,2012-12-01,12,0.0,1,4985870.0,15.42211846972132,-0.08344301131876808,0.32024187621711053
22,NO,Norway,36,2013-01-01,1,0.0,1,5051275.0,15.435151244632555,-0.08344301131876808,0.32024187621711053
22,NO,Norway,37,2013-02-01,2,0.0,1,5051275.0,15.435151244632555,-0.08344301131876808,0.32024187621711053
22,NO,Norway,38,2013-03-01,3,1.0,1,5051275.0,15.435151244632555,-0.08344301131876808,0.32024187621711053
22,NO,Norway,39,2013-04-01,4,0.0,1,5051275.0,15.435151244632555,-0.08344301131876808,0.32024187621711053
22,NO,Norway,40,2013-05-01,5,0.0,1,5051275.0,15.435151244632555,-0.08344301131876808,0.32024187621711053
22,NO,Norway,41,2013-06-01,6,7.0,1,5051275.0,15.435151244632555,-0.08344301131876808,0.32024187621711053
22,NO,Norway,42,2013-07-01,7,0.0,1,5051275.0,15.435151244632555,-0.08344301131876808,0.32024187621711053
22,NO,Norway,43,2013-08-01,8,0.0,1,5051275.0,15.435151244632555,-0.08344301131876808,0.32024187621711053
22,NO,Norway,44,2013-09-01,9,0.0,1,5051275.0,15.435151244632555,-0.08344301131876808,0.32024187621711053
22,NO,Norway,45,2013-10-01,10,0.0,1,5051275.0,15.435151244632555,-0.08344301131876808,0.32024187621711053
22,NO,Norway,46,2013-11-01,11,0.0,1,5051275.0,15.435151244632555,-0.08344301131876808,0.32024187621711053
22,NO,Norway,47,2013-12-01,12,0.0,1,5051275.0,15.435151244632555,-0.08344301131876808,0.32024187621711053
22,NO,Norway,48,2014-01-01,1,0.0,1,5109056.0,15.446525209301992,-0.08344301131876808,0.32024187621711053
22,NO,Norway,49,2014-02-01,2,0.0,1,5109056.0,15.446525209301992,-0.08344301131876808,0.32024187621711053
22,NO,Norway,50,2014-03-01,3,0.0,1,5109056.0,15.446525209301992,-0.08344301131876808,0.32024187621711053
22,NO,Norway,51,2014-04-01,4,2.0,1,5109056.0,15.446525209301992,-0.08344301131876808,0.32024187621711053
22,NO,Norway,52,2014-05-01,5,0.0,1,5109056.0,15.446525209301992,-0.08344301131876808,0.32024187621711053
22,NO,Norway,53,2014-06-01,6,1.0,1,5109056.0,15.446525209301992,-0.08344301131876808,0.32024187621711053
22,NO,Norway,54,2014-07-01,7,0.0,1,5109056.0,15.446525209301992,-0.08344301131876808,0.32024187621711053
22,NO,Norway,55,2014-08-01,8,0.0,1,5109056.0,15.446525209301992,-0.08344301131876808,0.32024187621711053
22,NO,Norway,56,2014-09-01,9,0.0,1,5109056.0,15.446525209301992,-0.08344301131876808,0.32024187621711053
22,NO,Norway,57,2014-10-01,10,0.0,1,5109056.0,15.446525209301992,-0.08344301131876808,0.32024187621711053
22,NO,Norway,58,2014-11-01,11,0.0,1,5109056.0,15.446525209301992,-0.08344301131876808,0.32024187621711053
22,NO,Norway,59,2014-12-01,12,0.0,1,5109056.0,15.446525209301992,-0.08344301131876808,0.32024187621711053
22,NO,Norway,60,2015-01-01,1,0.0,1,5165802.0,15.457570924377272,-0.08344301131876808,0.32024187621711053
22,NO,Norway,61,2015-02-01,2,0.0,1,5165802.0,15.457570924377272,-0.08344301131876808,0.32024187621711053
22,NO,Norway,62,2015-03-01,3,2.0,1,5165802.0,15.457570924377272,-0.08344301131876808,0.32024187621711053
22,NO,Norway,63,2015-04-01,4,3.0,1,5165802.0,15.457570924377272,-0.08344301131876808,0.32024187621711053
22,NO,Norway,64,2015-05-01,5,4.0,1,5165802.0,15.457570924377272,-0.08344301131876808,0.32024187621711053
22,NO,Norway,65,2015-06-01,6,0.0,1,5165802.0,15.457570924377272,-0.08344301131876808,0.32024187621711053
22,NO,Norway,66,2015-07-01,7,1.0,1,5165802.0,15.457570924377272,-0.08344301131876808,0.32024187621711053
22,NO,Norway,67,2015-08-01,8,4.0,1,5165802.0,15.457570924377272,-0.08344301131876808,0.32024187621711053
22,NO,Norway,68,2015-09-01,9,0.0,1,5165802.0,15.457570924377272,-0.08344301131876808,0.32024187621711053
22,NO,Norway,69,2015-10-01,10,0.0,1,5165802.0,15.457570924377272,-0.08344301131876808,0.32024187621711053
22,NO,Norway,70,2015-11-01,11,0.0,1,5165802.0,15.457570924377272,-0.08344301131876808,0.32024187621711053
22,NO,Norway,71,2015-12-01,12,0.0,1,5165802.0,15.457570924377272,-0.08344301131876808,0.32024187621711053
22,NO,Norway,72,2016-01-01,1,0.0,1,5213985.0,15.46685499660148,-0.08344301131876808,0.32024187621711053
22,NO,Norway,73,2016-02-01,2,0.0,1,5213985.0,15.46685499660148,-0.08344301131876808,0.32024187621711053
22,NO,Norway,74,2016-03-01,3,0.0,1,5213985.0,15.46685499660148,-0.08344301131876808,0.32024187621711053
22,NO,Norway,75,2016-04-01,4,0.0,1,5213985.0,15.46685499660148,-0.08344301131876808,0.32024187621711053
22,NO,Norway,76,2016-05-01,5,0.0,1,5213985.0,15.46685499660148,-0.08344301131876808,0.32024187621711053
22,NO,Norway,77,2016-06-01,6,0.0,1,5213985.0,15.46685499660148,-0.08344301131876808,0.32024187621711053
22,NO,Norway,78,2016-07-01,7,0.0,1,5213985.0,15.46685499660148,-0.08344301131876808,0.32024187621711053
22,NO,Norway,79,2016-08-01,8,0.0,1,5213985.0,15.46685499660148,-0.08344301131876808,0.32024187621711053
22,NO,Norway,80,2016-09-01,9,0.0,1,5213985.0,15.46685499660148,-0.08344301131876808,0.32024187621711053
22,NO,Norway,81,2016-10-01,10,0.0,1,5213985.0,15.46685499660148,-0.08344301131876808,0.32024187621711053
22,NO,Norway,82,2016-11-01,11,0.0,1,5213985.0,15.46685499660148,-0.08344301131876808,0.32024187621711053
22,NO,Norway,83,2016-12-01,12,0.0,1,5213985.0,15.46685499660148,-0.08344301131876808,0.32024187621711053
22,NO,Norway,84,2017-01-01,1,0.0,1,5258317.0,15.475321571537952,-0.08344301131876808,0.32024187621711053
22,NO,Norway,85,2017-02-01,2,0.0,1,5258317.0,15.475321571537952,-0.08344301131876808,0.32024187621711053
22,NO,Norway,86,2017-03-01,3,0.0,1,5258317.0,15.475321571537952,-0.08344301131876808,0.32024187621711053
22,NO,Norway,87,2017-04-01,4,0.0,1,5258317.0,15.475321571537952,-0.08344301131876808,0.32024187621711053
22,NO,Norway,88,2017-05-01,5,0.0,1,5258317.0,15.475321571537952,-0.08344301131876808,0.32024187621711053
22,NO,Norway,89,2017-06-01,6,0.0,1,5258317.0,15.475321571537952,-0.08344301131876808,0.32024187621711053
22,NO,Norway,90,2017-07-01,7,1.0,1,5258317.0,15.475321571537952,-0.08344301131876808,0.32024187621711053
22,NO,Norway,91,2017-08-01,8,0.0,1,5258317.0,15.475321571537952,-0.08344301131876808,0.32024187621711053
22,NO,Norway,92,2017-09-01,9,0.0,1,5258317.0,15.475321571537952,-0.08344301131876808,0.32024187621711053
22,NO,Norway,93,2017-10-01,10,0.0,1,5258317.0,15.475321571537952,-0.08344301131876808,0.32024187621711053
22,NO,Norway,94,2017-11-01,11,0.0,1,5258317.0,15.475321571537952,-0.08344301131876808,0.32024187621711053
22,NO,Norway,95,2017-12-01,12,0.0,1,5258317.0,15.475321571537952,-0.08344301131876808,0.32024187621711053
22,NO,Norway,96,2018-01-01,1,0.0,1,5295619.0,15.482390432923484,-0.08344301131876808,0.32024187621711053
22,NO,Norway,97,2018-02-01,2,4.0,1,5295619.0,15.482390432923484,-0.08344301131876808,0.32024187621711053
22,NO,Norway,98,2018-03-01,3,0.0,1,5295619.0,15.482390432923484,-0.08344301131876808,0.32024187621711053
22,NO,Norway,99,2018-04-01,4,1.0,1,5295619.0,15.482390432923484,-0.08344301131876808,0.32024187621711053
22,NO,Norway,100,2018-05-01,5,2.0,1,5295619.0,15.482390432923484,-0.08344301131876808,0.32024187621711053
22,NO,Norway,101,2018-06-01,6,0.0,1,5295619.0,15.482390432923484,-0.08344301131876808,0.32024187621711053
22,NO,Norway,102,2018-07-01,7,0.0,1,5295619.0,15.482390432923484,-0.08344301131876808,0.32024187621711053
22,NO,Norway,103,2018-08-01,8,3.0,1,5295619.0,15.482390432923484,-0.08344301131876808,0.32024187621711053
22,NO,Norway,104,2018-09-01,9,0.0,1,5295619.0,15.482390432923484,-0.08344301131876808,0.32024187621711053
22,NO,Norway,105,2018-10-01,10,0.0,1,5295619.0,15.482390432923484,-0.08344301131876808,0.32024187621711053
22,NO,Norway,106,2018-11-01,11,0.0,1,5295619.0,15.482390432923484,-0.08344301131876808,0.32024187621711053
22,NO,Norway,107,2018-12-01,12,0.0,1,5295619.0,15.482390432923484,-0.08344301131876808,0.32024187621711053
22,NO,Norway,108,2019-01-01,1,0.0,1,5328212.0,15.48852628020056,-0.08344301131876808,0.32024187621711053
22,NO,Norway,109,2019-02-01,2,1.0,1,5328212.0,15.48852628020056,-0.08344301131876808,0.32024187621711053
22,NO,Norway,110,2019-03-01,3,4.0,1,5328212.0,15.48852628020056,-0.08344301131876808,0.32024187621711053
22,NO,Norway,111,2019-04-01,4,3.0,1,5328212.0,15.48852628020056,-0.08344301131876808,0.32024187621711053
22,NO,Norway,112,2019-05-01,5,3.0,1,5328212.0,15.48852628020056,-0.08344301131876808,0.32024187621711053
22,NO,Norway,113,2019-06-01,6,1.0,1,5328212.0,15.48852628020056,-0.08344301131876808,0.32024187621711053
22,NO,Norway,114,2019-07-01,7,0.0,1,5328212.0,15.48852628020056,-0.08344301131876808,0.32024187621711053
22,NO,Norway,115,2019-08-01,8,2.0,1,5328212.0,15.48852628020056,-0.08344301131876808,0.32024187621711053
22,NO,Norway,116,2019-09-01,9,0.0,1,5328212.0,15.48852628020056,-0.08344301131876808,0.32024187621711053
22,NO,Norway,117,2019-10-01,10,0.0,1,5328212.0,15.48852628020056,-0.08344301131876808,0.32024187621711053
22,NO,Norway,118,2019-11-01,11,0.0,1,5328212.0,15.48852628020056,-0.08344301131876808,0.32024187621711053
22,NO,Norway,119,2019-12-01,12,0.0,1,5328212.0,15.48852628020056,-0.08344301131876808,0.32024187621711053
23,PL,Poland,0,2010-01-01,1,3.0,1,38022869.0,17.453698352461632,0.1188470650171098,0.06685252365192211
23,PL,Poland,1,2010-02-01,2,0.0,1,38022869.0,17.453698352461632,0.1188470650171098,0.06685252365192211
23,PL,Poland,2,2010-03-01,3,0.0,1,38022869.0,17.453698352461632,0.1188470650171098,0.06685252365192211
23,PL,Poland,3,2010-04-01,4,0.0,1,38022869.0,17.453698352461632,0.1188470650171098,0.06685252365192211
23,PL,Poland,4,2010-05-01,5,0.0,1,38022869.0,17.453698352461632,0.1188470650171098,0.06685252365192211
23,PL,Poland,5,2010-06-01,6,2.0,1,38022869.0,17.453698352461632,0.1188470650171098,0.06685252365192211
23,PL,Poland,6,2010-07-01,7,1.0,1,38022869.0,17.453698352461632,0.1188470650171098,0.06685252365192211
23,PL,Poland,7,2010-08-01,8,0.0,1,38022869.0,17.453698352461632,0.1188470650171098,0.06685252365192211
23,PL,Poland,8,2010-09-01,9,0.0,1,38022869.0,17.453698352461632,0.1188470650171098,0.06685252365192211
23,PL,Poland,9,2010-10-01,10,0.0,1,38022869.0,17.453698352461632,0.1188470650171098,0.06685252365192211
23,PL,Poland,10,2010-11-01,11,0.0,1,38022869.0,17.453698352461632,0.1188470650171098,0.06685252365192211
23,PL,Poland,11,2010-12-01,12,0.0,1,38022869.0,17.453698352461632,0.1188470650171098,0.06685252365192211
23,PL,Poland,12,2011-01-01,1,0.0,1,38062718.0,17.454745830839993,0.1188470650171098,0.06685252365192211
23,PL,Poland,13,2011-02-01,2,2.0,1,38062718.0,17.454745830839993,0.1188470650171098,0.06685252365192211
23,PL,Poland,14,2011-03-01,3,1.0,1,38062718.0,17.454745830839993,0.1188470650171098,0.06685252365192211
23,PL,Poland,15,2011-04-01,4,3.0,1,38062718.0,17.454745830839993,0.1188470650171098,0.06685252365192211
23,PL,Poland,16,2011-05-01,5,6.0,1,38062718.0,17.454745830839993,0.1188470650171098,0.06685252365192211
23,PL,Poland,17,2011-06-01,6,4.0,1,38062718.0,17.454745830839993,0.1188470650171098,0.06685252365192211
23,PL,Poland,18,2011-07-01,7,0.0,1,38062718.0,17.454745830839993,0.1188470650171098,0.06685252365192211
23,PL,Poland,19,2011-08-01,8,9.0,1,38062718.0,17.454745830839993,0.1188470650171098,0.06685252365192211
23,PL,Poland,20,2011-09-01,9,4.0,1,38062718.0,17.454745830839993,0.1188470650171098,0.06685252365192211
23,PL,Poland,21,2011-10-01,10,0.0,1,38062718.0,17.454745830839993,0.1188470650171098,0.06685252365192211
23,PL,Poland,22,2011-11-01,11,0.0,1,38062718.0,17.454745830839993,0.1188470650171098,0.06685252365192211
23,PL,Poland,23,2011-12-01,12,0.0,1,38062718.0,17.454745830839993,0.1188470650171098,0.06685252365192211
23,PL,Poland,24,2012-01-01,1,1.0,1,38063792.0,17.454774047029073,0.1188470650171098,0.06685252365192211
23,PL,Poland,25,2012-02-01,2,0.0,1,38063792.0,17.454774047029073,0.1188470650171098,0.06685252365192211
23,PL,Poland,26,2012-03-01,3,0.0,1,38063792.0,17.454774047029073,0.1188470650171098,0.06685252365192211
23,PL,Poland,27,2012-04-01,4,8.0,1,38063792.0,17.454774047029073,0.1188470650171098,0.06685252365192211
23,PL,Poland,28,2012-05-01,5,8.0,1,38063792.0,17.454774047029073,0.1188470650171098,0.06685252365192211
23,PL,Poland,29,2012-06-01,6,8.0,1,38063792.0,17.454774047029073,0.1188470650171098,0.06685252365192211
23,PL,Poland,30,2012-07-01,7,2.0,1,38063792.0,17.454774047029073,0.1188470650171098,0.06685252365192211
23,PL,Poland,31,2012-08-01,8,5.0,1,38063792.0,17.454774047029073,0.1188470650171098,0.06685252365192211
23,PL,Poland,32,2012-09-01,9,1.0,1,38063792.0,17.454774047029073,0.1188470650171098,0.06685252365192211
23,PL,Poland,33,2012-10-01,10,1.0,1,38063792.0,17.454774047029073,0.1188470650171098,0.06685252365192211
23,PL,Poland,34,2012-11-01,11,6.0,1,38063792.0,17.454774047029073,0.1188470650171098,0.06685252365192211
23,PL,Poland,35,2012-12-01,12,10.0,1,38063792.0,17.454774047029073,0.1188470650171098,0.06685252365192211
23,PL,Poland,36,2013-01-01,1,1.0,1,38062535.0,17.454741022974197,0.1188470650171098,0.06685252365192211
23,PL,Poland,37,2013-02-01,2,7.0,1,38062535.0,17.454741022974197,0.1188470650171098,0.06685252365192211
23,PL,Poland,38,2013-03-01,3,3.0,1,38062535.0,17.454741022974197,0.1188470650171098,0.06685252365192211
23,PL,Poland,39,2013-04-01,4,13.0,1,38062535.0,17.454741022974197,0.1188470650171098,0.06685252365192211
23,PL,Poland,40,2013-05-01,5,10.0,1,38062535.0,17.454741022974197,0.1188470650171098,0.06685252365192211
23,PL,Poland,41,2013-06-01,6,11.0,1,38062535.0,17.454741022974197,0.1188470650171098,0.06685252365192211
23,PL,Poland,42,2013-07-01,7,8.0,1,38062535.0,17.454741022974197,0.1188470650171098,0.06685252365192211
23,PL,Poland,43,2013-08-01,8,2.0,1,38062535.0,17.454741022974197,0.1188470650171098,0.06685252365192211
23,PL,Poland,44,2013-09-01,9,1.0,1,38062535.0,17.454741022974197,0.1188470650171098,0.06685252365192211
23,PL,Poland,45,2013-10-01,10,0.0,1,38062535.0,17.454741022974197,0.1188470650171098,0.06685252365192211
23,PL,Poland,46,2013-11-01,11,0.0,1,38062535.0,17.454741022974197,0.1188470650171098,0.06685252365192211
23,PL,Poland,47,2013-12-01,12,0.0,1,38062535.0,17.454741022974197,0.1188470650171098,0.06685252365192211
23,PL,Poland,48,2014-01-01,1,8.0,1,38017856.0,17.45356650206154,0.1188470650171098,0.06685252365192211
23,PL,Poland,49,2014-02-01,2,24.0,1,38017856.0,17.45356650206154,0.1188470650171098,0.06685252365192211
23,PL,Poland,50,2014-03-01,3,19.0,1,38017856.0,17.45356650206154,0.1188470650171098,0.06685252365192211
23,PL,Poland,51,2014-04-01,4,16.0,1,38017856.0,17.45356650206154,0.1188470650171098,0.06685252365192211
23,PL,Poland,52,2014-05-01,5,7.0,1,38017856.0,17.45356650206154,0.1188470650171098,0.06685252365192211
23,PL,Poland,53,2014-06-01,6,1.0,1,38017856.0,17.45356650206154,0.1188470650171098,0.06685252365192211
23,PL,Poland,54,2014-07-01,7,5.0,1,38017856.0,17.45356650206154,0.1188470650171098,0.06685252365192211
23,PL,Poland,55,2014-08-01,8,3.0,1,38017856.0,17.45356650206154,0.1188470650171098,0.06685252365192211
23,PL,Poland,56,2014-09-01,9,2.0,1,38017856.0,17.45356650206154,0.1188470650171098,0.06685252365192211
23,PL,Poland,57,2014-10-01,10,2.0,1,38017856.0,17.45356650206154,0.1188470650171098,0.06685252365192211
23,PL,Poland,58,2014-11-01,11,0.0,1,38017856.0,17.45356650206154,0.1188470650171098,0.06685252365192211
23,PL,Poland,59,2014-12-01,12,0.0,1,38017856.0,17.45356650206154,0.1188470650171098,0.06685252365192211
23,PL,Poland,60,2015-01-01,1,0.0,1,38005614.0,17.453244443620754,0.1188470650171098,0.06685252365192211
23,PL,Poland,61,2015-02-01,2,3.0,1,38005614.0,17.453244443620754,0.1188470650171098,0.06685252365192211
23,PL,Poland,62,2015-03-01,3,5.0,1,38005614.0,17.453244443620754,0.1188470650171098,0.06685252365192211
23,PL,Poland,63,2015-04-01,4,7.0,1,38005614.0,17.453244443620754,0.1188470650171098,0.06685252365192211
23,PL,Poland,64,2015-05-01,5,4.0,1,38005614.0,17.453244443620754,0.1188470650171098,0.06685252365192211
23,PL,Poland,65,2015-06-01,6,5.0,1,38005614.0,17.453244443620754,0.1188470650171098,0.06685252365192211
23,PL,Poland,66,2015-07-01,7,2.0,1,38005614.0,17.453244443620754,0.1188470650171098,0.06685252365192211
23,PL,Poland,67,2015-08-01,8,1.0,1,38005614.0,17.453244443620754,0.1188470650171098,0.06685252365192211
23,PL,Poland,68,2015-09-01,9,1.0,1,38005614.0,17.453244443620754,0.1188470650171098,0.06685252365192211
23,PL,Poland,69,2015-10-01,10,0.0,1,38005614.0,17.453244443620754,0.1188470650171098,0.06685252365192211
23,PL,Poland,70,2015-11-01,11,0.0,1,38005614.0,17.453244443620754,0.1188470650171098,0.06685252365192211
23,PL,Poland,71,2015-12-01,12,2.0,1,38005614.0,17.453244443620754,0.1188470650171098,0.06685252365192211
23,PL,Poland,72,2016-01-01,1,0.0,1,37967209.0,17.45223342410733,0.1188470650171098,0.06685252365192211
23,PL,Poland,73,2016-02-01,2,0.0,1,37967209.0,17.45223342410733,0.1188470650171098,0.06685252365192211
23,PL,Poland,74,2016-03-01,3,0.0,1,37967209.0,17.45223342410733,0.1188470650171098,0.06685252365192211
23,PL,Poland,75,2016-04-01,4,0.0,1,37967209.0,17.45223342410733,0.1188470650171098,0.06685252365192211
23,PL,Poland,76,2016-05-01,5,2.0,1,37967209.0,17.45223342410733,0.1188470650171098,0.06685252365192211
23,PL,Poland,77,2016-06-01,6,2.0,1,37967209.0,17.45223342410733,0.1188470650171098,0.06685252365192211
23,PL,Poland,78,2016-07-01,7,5.0,1,37967209.0,17.45223342410733,0.1188470650171098,0.06685252365192211
23,PL,Poland,79,2016-08-01,8,36.0,1,37967209.0,17.45223342410733,0.1188470650171098,0.06685252365192211
23,PL,Poland,80,2016-09-01,9,23.0,1,37967209.0,17.45223342410733,0.1188470650171098,0.06685252365192211
23,PL,Poland,81,2016-10-01,10,6.0,1,37967209.0,17.45223342410733,0.1188470650171098,0.06685252365192211
23,PL,Poland,82,2016-11-01,11,1.0,1,37967209.0,17.45223342410733,0.1188470650171098,0.06685252365192211
23,PL,Poland,83,2016-12-01,12,2.0,1,37967209.0,17.45223342410733,0.1188470650171098,0.06685252365192211
23,PL,Poland,84,2017-01-01,1,5.0,1,37972964.0,17.452384990788936,0.1188470650171098,0.06685252365192211
23,PL,Poland,85,2017-02-01,2,4.0,1,37972964.0,17.452384990788936,0.1188470650171098,0.06685252365192211
23,PL,Poland,86,2017-03-01,3,4.0,1,37972964.0,17.452384990788936,0.1188470650171098,0.06685252365192211
23,PL,Poland,87,2017-04-01,4,2.0,1,37972964.0,17.452384990788936,0.1188470650171098,0.06685252365192211
23,PL,Poland,88,2017-05-01,5,2.0,1,37972964.0,17.452384990788936,0.1188470650171098,0.06685252365192211
23,PL,Poland,89,2017-06-01,6,3.0,1,37972964.0,17.452384990788936,0.1188470650171098,0.06685252365192211
23,PL,Poland,90,2017-07-01,7,5.0,1,37972964.0,17.452384990788936,0.1188470650171098,0.06685252365192211
23,PL,Poland,91,2017-08-01,8,1.0,1,37972964.0,17.452384990788936,0.1188470650171098,0.06685252365192211
23,PL,Poland,92,2017-09-01,9,5.0,1,37972964.0,17.452384990788936,0.1188470650171098,0.06685252365192211
23,PL,Poland,93,2017-10-01,10,8.0,1,37972964.0,17.452384990788936,0.1188470650171098,0.06685252365192211
23,PL,Poland,94,2017-11-01,11,1.0,1,37972964.0,17.452384990788936,0.1188470650171098,0.06685252365192211
23,PL,Poland,95,2017-12-01,12,0.0,1,37972964.0,17.452384990788936,0.1188470650171098,0.06685252365192211
23,PL,Poland,96,2018-01-01,1,16.0,1,37976687.0,17.452483029422527,0.1188470650171098,0.06685252365192211
23,PL,Poland,97,2018-02-01,2,7.0,1,37976687.0,17.452483029422527,0.1188470650171098,0.06685252365192211
23,PL,Poland,98,2018-03-01,3,2.0,1,37976687.0,17.452483029422527,0.1188470650171098,0.06685252365192211
23,PL,Poland,99,2018-04-01,4,19.0,1,37976687.0,17.452483029422527,0.1188470650171098,0.06685252365192211
23,PL,Poland,100,2018-05-01,5,9.0,1,37976687.0,17.452483029422527,0.1188470650171098,0.06685252365192211
23,PL,Poland,101,2018-06-01,6,11.0,1,37976687.0,17.452483029422527,0.1188470650171098,0.06685252365192211
23,PL,Poland,102,2018-07-01,7,10.0,1,37976687.0,17.452483029422527,0.1188470650171098,0.06685252365192211
23,PL,Poland,103,2018-08-01,8,16.0,1,37976687.0,17.452483029422527,0.1188470650171098,0.06685252365192211
23,PL,Poland,104,2018-09-01,9,6.0,1,37976687.0,17.452483029422527,0.1188470650171098,0.06685252365192211
23,PL,Poland,105,2018-10-01,10,18.0,1,37976687.0,17.452483029422527,0.1188470650171098,0.06685252365192211
23,PL,Poland,106,2018-11-01,11,49.0,1,37976687.0,17.452483029422527,0.1188470650171098,0.06685252365192211
23,PL,Poland,107,2018-12-01,12,51.0,1,37976687.0,17.452483029422527,0.1188470650171098,0.06685252365192211
23,PL,Poland,108,2019-01-01,1,123.0,1,37972812.0,17.452380987933005,0.1188470650171098,0.06685252365192211
23,PL,Poland,109,2019-02-01,2,175.0,1,37972812.0,17.452380987933005,0.1188470650171098,0.06685252365192211
23,PL,Poland,110,2019-03-01,3,199.0,1,37972812.0,17.452380987933005,0.1188470650171098,0.06685252365192211
23,PL,Poland,111,2019-04-01,4,186.0,1,37972812.0,17.452380987933005,0.1188470650171098,0.06685252365192211
23,PL,Poland,112,2019-05-01,5,159.0,1,37972812.0,17.452380987933005,0.1188470650171098,0.06685252365192211
23,PL,Poland,113,2019-06-01,6,72.0,1,37972812.0,17.452380987933005,0.1188470650171098,0.06685252365192211
23,PL,Poland,114,2019-07-01,7,26.0,1,37972812.0,17.452380987933005,0.1188470650171098,0.06685252365192211
23,PL,Poland,115,2019-08-01,8,4.0,1,37972812.0,17.452380987933005,0.1188470650171098,0.06685252365192211
23,PL,Poland,116,2019-09-01,9,1.0,1,37972812.0,17.452380987933005,0.1188470650171098,0.06685252365192211
23,PL,Poland,117,2019-10-01,10,0.0,1,37972812.0,17.452380987933005,0.1188470650171098,0.06685252365192211
23,PL,Poland,118,2019-11-01,11,1.0,1,37972812.0,17.452380987933005,0.1188470650171098,0.06685252365192211
23,PL,Poland,119,2019-12-01,12,5.0,1,37972812.0,17.452380987933005,0.1188470650171098,0.06685252365192211
24,PT,Portugal,0,2010-01-01,1,0.0,1,10573479.0,16.173859442764886,-0.3983285075019742,-0.2955531782727077
24,PT,Portugal,1,2010-02-01,2,0.0,1,10573479.0,16.173859442764886,-0.3983285075019742,-0.2955531782727077
24,PT,Portugal,2,2010-03-01,3,0.0,1,10573479.0,16.173859442764886,-0.3983285075019742,-0.2955531782727077
24,PT,Portugal,3,2010-04-01,4,0.0,1,10573479.0,16.173859442764886,-0.3983285075019742,-0.2955531782727077
24,PT,Portugal,4,2010-05-01,5,0.0,1,10573479.0,16.173859442764886,-0.3983285075019742,-0.2955531782727077
24,PT,Portugal,5,2010-06-01,6,0.0,1,10573479.0,16.173859442764886,-0.3983285075019742,-0.2955531782727077
24,PT,Portugal,6,2010-07-01,7,4.0,1,10573479.0,16.173859442764886,-0.3983285075019742,-0.2955531782727077
24,PT,Portugal,7,2010-08-01,8,1.0,1,10573479.0,16.173859442764886,-0.3983285075019742,-0.2955531782727077
24,PT,Portugal,8,2010-09-01,9,0.0,1,10573479.0,16.173859442764886,-0.3983285075019742,-0.2955531782727077
24,PT,Portugal,9,2010-10-01,10,0.0,1,10573479.0,16.173859442764886,-0.3983285075019742,-0.2955531782727077
24,PT,Portugal,10,2010-11-01,11,0.0,1,10573479.0,16.173859442764886,-0.3983285075019742,-0.2955531782727077
24,PT,Portugal,11,2010-12-01,12,0.0,1,10573479.0,16.173859442764886,-0.3983285075019742,-0.2955531782727077
24,PT,Portugal,12,2011-01-01,1,0.0,1,10572721.0,16.17378775139714,-0.3983285075019742,-0.2955531782727077
24,PT,Portugal,13,2011-02-01,2,0.0,1,10572721.0,16.17378775139714,-0.3983285075019742,-0.2955531782727077
24,PT,Portugal,14,2011-03-01,3,1.0,1,10572721.0,16.17378775139714,-0.3983285075019742,-0.2955531782727077
24,PT,Portugal,15,2011-04-01,4,0.0,1,10572721.0,16.17378775139714,-0.3983285075019742,-0.2955531782727077
24,PT,Portugal,16,2011-05-01,5,0.0,1,10572721.0,16.17378775139714,-0.3983285075019742,-0.2955531782727077
24,PT,Portugal,17,2011-06-01,6,0.0,1,10572721.0,16.17378775139714,-0.3983285075019742,-0.2955531782727077
24,PT,Portugal,18,2011-07-01,7,0.0,1,10572721.0,16.17378775139714,-0.3983285075019742,-0.2955531782727077
24,PT,Portugal,19,2011-08-01,8,0.0,1,10572721.0,16.17378775139714,-0.3983285075019742,-0.2955531782727077
24,PT,Portugal,20,2011-09-01,9,0.0,1,10572721.0,16.17378775139714,-0.3983285075019742,-0.2955531782727077
24,PT,Portugal,21,2011-10-01,10,0.0,1,10572721.0,16.17378775139714,-0.3983285075019742,-0.2955531782727077
24,PT,Portugal,22,2011-11-01,11,0.0,1,10572721.0,16.17378775139714,-0.3983285075019742,-0.2955531782727077
24,PT,Portugal,23,2011-12-01,12,1.0,1,10572721.0,16.17378775139714,-0.3983285075019742,-0.2955531782727077
24,PT,Portugal,24,2012-01-01,1,1.0,1,10558950.0,16.17248439948054,-0.3983285075019742,-0.2955531782727077
24,PT,Portugal,25,2012-02-01,2,0.0,1,10558950.0,16.17248439948054,-0.3983285075019742,-0.2955531782727077
24,PT,Portugal,26,2012-03-01,3,0.0,1,10558950.0,16.17248439948054,-0.3983285075019742,-0.2955531782727077
24,PT,Portugal,27,2012-04-01,4,0.0,1,10558950.0,16.17248439948054,-0.3983285075019742,-0.2955531782727077
24,PT,Portugal,28,2012-05-01,5,3.0,1,10558950.0,16.17248439948054,-0.3983285075019742,-0.2955531782727077
24,PT,Portugal,29,2012-06-01,6,0.0,1,10558950.0,16.17248439948054,-0.3983285075019742,-0.2955531782727077
24,PT,Portugal,30,2012-07-01,7,0.0,1,10558950.0,16.17248439948054,-0.3983285075019742,-0.2955531782727077
24,PT,Portugal,31,2012-08-01,8,1.0,1,10558950.0,16.17248439948054,-0.3983285075019742,-0.2955531782727077
24,PT,Portugal,32,2012-09-01,9,0.0,1,10558950.0,16.17248439948054,-0.3983285075019742,-0.2955531782727077
24,PT,Portugal,33,2012-10-01,10,0.0,1,10558950.0,16.17248439948054,-0.3983285075019742,-0.2955531782727077
24,PT,Portugal,34,2012-11-01,11,0.0,1,10558950.0,16.17248439948054,-0.3983285075019742,-0.2955531782727077
24,PT,Portugal,35,2012-12-01,12,0.0,1,10558950.0,16.17248439948054,-0.3983285075019742,-0.2955531782727077
24,PT,Portugal,36,2013-01-01,1,0.0,1,10503889.0,16.16725612750604,-0.3983285075019742,-0.2955531782727077
24,PT,Portugal,37,2013-02-01,2,0.0,1,10503889.0,16.16725612750604,-0.3983285075019742,-0.2955531782727077
24,PT,Portugal,38,2013-03-01,3,0.0,1,10503889.0,16.16725612750604,-0.3983285075019742,-0.2955531782727077
24,PT,Portugal,39,2013-04-01,4,1.0,1,10503889.0,16.16725612750604,-0.3983285075019742,-0.2955531782727077
24,PT,Portugal,40,2013-05-01,5,0.0,1,10503889.0,16.16725612750604,-0.3983285075019742,-0.2955531782727077
24,PT,Portugal,41,2013-06-01,6,0.0,1,10503889.0,16.16725612750604,-0.3983285075019742,-0.2955531782727077
24,PT,Portugal,42,2013-07-01,7,0.0,1,10503889.0,16.16725612750604,-0.3983285075019742,-0.2955531782727077
24,PT,Portugal,43,2013-08-01,8,0.0,1,10503889.0,16.16725612750604,-0.3983285075019742,-0.2955531782727077
24,PT,Portugal,44,2013-09-01,9,0.0,1,10503889.0,16.16725612750604,-0.3983285075019742,-0.2955531782727077
24,PT,Portugal,45,2013-10-01,10,0.0,1,10503889.0,16.16725612750604,-0.3983285075019742,-0.2955531782727077
24,PT,Portugal,46,2013-11-01,11,0.0,1,10503889.0,16.16725612750604,-0.3983285075019742,-0.2955531782727077
24,PT,Portugal,47,2013-12-01,12,0.0,1,10503889.0,16.16725612750604,-0.3983285075019742,-0.2955531782727077
24,PT,Portugal,48,2014-01-01,1,0.0,1,10444092.0,16.161547017647845,-0.3983285075019742,-0.2955531782727077
24,PT,Portugal,49,2014-02-01,2,0.0,1,10444092.0,16.161547017647845,-0.3983285075019742,-0.2955531782727077
24,PT,Portugal,50,2014-03-01,3,0.0,1,10444092.0,16.161547017647845,-0.3983285075019742,-0.2955531782727077
24,PT,Portugal,51,2014-04-01,4,0.0,1,10444092.0,16.161547017647845,-0.3983285075019742,-0.2955531782727077
24,PT,Portugal,52,2014-05-01,5,0.0,1,10444092.0,16.161547017647845,-0.3983285075019742,-0.2955531782727077
24,PT,Portugal,53,2014-06-01,6,0.0,1,10444092.0,16.161547017647845,-0.3983285075019742,-0.2955531782727077
24,PT,Portugal,54,2014-07-01,7,0.0,1,10444092.0,16.161547017647845,-0.3983285075019742,-0.2955531782727077
24,PT,Portugal,55,2014-08-01,8,0.0,1,10444092.0,16.161547017647845,-0.3983285075019742,-0.2955531782727077
24,PT,Portugal,56,2014-09-01,9,0.0,1,10444092.0,16.161547017647845,-0.3983285075019742,-0.2955531782727077
24,PT,Portugal,57,2014-10-01,10,0.0,1,10444092.0,16.161547017647845,-0.3983285075019742,-0.2955531782727077
24,PT,Portugal,58,2014-11-01,11,0.0,1,10444092.0,16.161547017647845,-0.3983285075019742,-0.2955531782727077
24,PT,Portugal,59,2014-12-01,12,0.0,1,10444092.0,16.161547017647845,-0.3983285075019742,-0.2955531782727077
24,PT,Portugal,60,2015-01-01,1,0.0,1,10395121.0,16.156847119418146,-0.3983285075019742,-0.2955531782727077
24,PT,Portugal,61,2015-02-01,2,0.0,1,10395121.0,16.156847119418146,-0.3983285075019742,-0.2955531782727077
24,PT,Portugal,62,2015-03-01,3,0.0,1,10395121.0,16.156847119418146,-0.3983285075019742,-0.2955531782727077
24,PT,Portugal,63,2015-04-01,4,0.0,1,10395121.0,16.156847119418146,-0.3983285075019742,-0.2955531782727077
24,PT,Portugal,64,2015-05-01,5,0.0,1,10395121.0,16.156847119418146,-0.3983285075019742,-0.2955531782727077
24,PT,Portugal,65,2015-06-01,6,0.0,1,10395121.0,16.156847119418146,-0.3983285075019742,-0.2955531782727077
24,PT,Portugal,66,2015-07-01,7,0.0,1,10395121.0,16.156847119418146,-0.3983285075019742,-0.2955531782727077
24,PT,Portugal,67,2015-08-01,8,0.0,1,10395121.0,16.156847119418146,-0.3983285075019742,-0.2955531782727077
24,PT,Portugal,68,2015-09-01,9,0.0,1,10395121.0,16.156847119418146,-0.3983285075019742,-0.2955531782727077
24,PT,Portugal,69,2015-10-01,10,0.0,1,10395121.0,16.156847119418146,-0.3983285075019742,-0.2955531782727077
24,PT,Portugal,70,2015-11-01,11,0.0,1,10395121.0,16.156847119418146,-0.3983285075019742,-0.2955531782727077
24,PT,Portugal,71,2015-12-01,12,0.0,1,10395121.0,16.156847119418146,-0.3983285075019742,-0.2955531782727077
24,PT,Portugal,72,2016-01-01,1,0.0,1,10368554.0,16.154288129788643,-0.3983285075019742,-0.2955531782727077
24,PT,Portugal,73,2016-02-01,2,0.0,1,10368554.0,16.154288129788643,-0.3983285075019742,-0.2955531782727077
24,PT,Portugal,74,2016-03-01,3,0.0,1,10368554.0,16.154288129788643,-0.3983285075019742,-0.2955531782727077
24,PT,Portugal,75,2016-04-01,4,0.0,1,10368554.0,16.154288129788643,-0.3983285075019742,-0.2955531782727077
24,PT,Portugal,76,2016-05-01,5,0.0,1,10368554.0,16.154288129788643,-0.3983285075019742,-0.2955531782727077
24,PT,Portugal,77,2016-06-01,6,0.0,1,10368554.0,16.154288129788643,-0.3983285075019742,-0.2955531782727077
24,PT,Portugal,78,2016-07-01,7,0.0,1,10368554.0,16.154288129788643,-0.3983285075019742,-0.2955531782727077
24,PT,Portugal,79,2016-08-01,8,0.0,1,10368554.0,16.154288129788643,-0.3983285075019742,-0.2955531782727077
24,PT,Portugal,80,2016-09-01,9,0.0,1,10368554.0,16.154288129788643,-0.3983285075019742,-0.2955531782727077
24,PT,Portugal,81,2016-10-01,10,0.0,1,10368554.0,16.154288129788643,-0.3983285075019742,-0.2955531782727077
24,PT,Portugal,82,2016-11-01,11,0.0,1,10368554.0,16.154288129788643,-0.3983285075019742,-0.2955531782727077
24,PT,Portugal,83,2016-12-01,12,0.0,1,10368554.0,16.154288129788643,-0.3983285075019742,-0.2955531782727077
24,PT,Portugal,84,2017-01-01,1,0.0,1,10344478.0,16.15196340872966,-0.3983285075019742,-0.2955531782727077
24,PT,Portugal,85,2017-02-01,2,2.0,1,10344478.0,16.15196340872966,-0.3983285075019742,-0.2955531782727077
24,PT,Portugal,86,2017-03-01,3,10.0,1,10344478.0,16.15196340872966,-0.3983285075019742,-0.2955531782727077
24,PT,Portugal,87,2017-04-01,4,14.0,1,10344478.0,16.15196340872966,-0.3983285075019742,-0.2955531782727077
24,PT,Portugal,88,2017-05-01,5,3.0,1,10344478.0,16.15196340872966,-0.3983285075019742,-0.2955531782727077
24,PT,Portugal,89,2017-06-01,6,0.0,1,10344478.0,16.15196340872966,-0.3983285075019742,-0.2955531782727077
24,PT,Portugal,90,2017-07-01,7,0.0,1,10344478.0,16.15196340872966,-0.3983285075019742,-0.2955531782727077
24,PT,Portugal,91,2017-08-01,8,0.0,1,10344478.0,16.15196340872966,-0.3983285075019742,-0.2955531782727077
24,PT,Portugal,92,2017-09-01,9,0.0,1,10344478.0,16.15196340872966,-0.3983285075019742,-0.2955531782727077
24,PT,Portugal,93,2017-10-01,10,0.0,1,10344478.0,16.15196340872966,-0.3983285075019742,-0.2955531782727077
24,PT,Portugal,94,2017-11-01,11,0.0,1,10344478.0,16.15196340872966,-0.3983285075019742,-0.2955531782727077
24,PT,Portugal,95,2017-12-01,12,0.0,1,10344478.0,16.15196340872966,-0.3983285075019742,-0.2955531782727077
24,PT,Portugal,96,2018-01-01,1,0.0,1,10335770.0,16.15112125243495,-0.3983285075019742,-0.2955531782727077
24,PT,Portugal,97,2018-02-01,2,4.0,1,10335770.0,16.15112125243495,-0.3983285075019742,-0.2955531782727077
24,PT,Portugal,98,2018-03-01,3,102.0,1,10335770.0,16.15112125243495,-0.3983285075019742,-0.2955531782727077
24,PT,Portugal,99,2018-04-01,4,9.0,1,10335770.0,16.15112125243495,-0.3983285075019742,-0.2955531782727077
24,PT,Portugal,100,2018-05-01,5,0.0,1,10335770.0,16.15112125243495,-0.3983285075019742,-0.2955531782727077
24,PT,Portugal,101,2018-06-01,6,3.0,1,10335770.0,16.15112125243495,-0.3983285075019742,-0.2955531782727077
24,PT,Portugal,102,2018-07-01,7,1.0,1,10335770.0,16.15112125243495,-0.3983285075019742,-0.2955531782727077
24,PT,Portugal,103,2018-08-01,8,3.0,1,10335770.0,16.15112125243495,-0.3983285075019742,-0.2955531782727077
24,PT,Portugal,104,2018-09-01,9,2.0,1,10335770.0,16.15112125243495,-0.3983285075019742,-0.2955531782727077
24,PT,Portugal,105,2018-10-01,10,2.0,1,10335770.0,16.15112125243495,-0.3983285075019742,-0.2955531782727077
24,PT,Portugal,106,2018-11-01,11,22.0,1,10335770.0,16.15112125243495,-0.3983285075019742,-0.2955531782727077
24,PT,Portugal,107,2018-12-01,12,12.0,1,10335770.0,16.15112125243495,-0.3983285075019742,-0.2955531782727077
24,PT,Portugal,108,2019-01-01,1,2.0,1,10333496.0,16.150901215592892,-0.3983285075019742,-0.2955531782727077
24,PT,Portugal,109,2019-02-01,2,2.0,1,10333496.0,16.150901215592892,-0.3983285075019742,-0.2955531782727077
24,PT,Portugal,110,2019-03-01,3,2.0,1,10333496.0,16.150901215592892,-0.3983285075019742,-0.2955531782727077
24,PT,Portugal,111,2019-04-01,4,0.0,1,10333496.0,16.150901215592892,-0.3983285075019742,-0.2955531782727077
24,PT,Portugal,112,2019-05-01,5,2.0,1,10333496.0,16.150901215592892,-0.3983285075019742,-0.2955531782727077
24,PT,Portugal,113,2019-06-01,6,1.0,1,10333496.0,16.150901215592892,-0.3983285075019742,-0.2955531782727077
24,PT,Portugal,114,2019-07-01,7,0.0,1,10333496.0,16.150901215592892,-0.3983285075019742,-0.2955531782727077
24,PT,Portugal,115,2019-08-01,8,0.0,1,10333496.0,16.150901215592892,-0.3983285075019742,-0.2955531782727077
24,PT,Portugal,116,2019-09-01,9,0.0,1,10333496.0,16.150901215592892,-0.3983285075019742,-0.2955531782727077
24,PT,Portugal,117,2019-10-01,10,0.0,1,10333496.0,16.150901215592892,-0.3983285075019742,-0.2955531782727077
24,PT,Portugal,118,2019-11-01,11,0.0,1,10333496.0,16.150901215592892,-0.3983285075019742,-0.2955531782727077
24,PT,Portugal,119,2019-12-01,12,1.0,1,10333496.0,16.150901215592892,-0.3983285075019742,-0.2955531782727077
25,RO,Romania,0,2010-01-01,1,1.0,1,20294683.0,16.825869488522407,0.23144248486443803,-0.10993074557960467
25,RO,Romania,1,2010-02-01,2,1.0,1,20294683.0,16.825869488522407,0.23144248486443803,-0.10993074557960467
25,RO,Romania,2,2010-03-01,3,4.0,1,20294683.0,16.825869488522407,0.23144248486443803,-0.10993074557960467
25,RO,Romania,3,2010-04-01,4,1.0,1,20294683.0,16.825869488522407,0.23144248486443803,-0.10993074557960467
25,RO,Romania,4,2010-05-01,5,2.0,1,20294683.0,16.825869488522407,0.23144248486443803,-0.10993074557960467
25,RO,Romania,5,2010-06-01,6,3.0,1,20294683.0,16.825869488522407,0.23144248486443803,-0.10993074557960467
25,RO,Romania,6,2010-07-01,7,1.0,1,20294683.0,16.825869488522407,0.23144248486443803,-0.10993074557960467
25,RO,Romania,7,2010-08-01,8,6.0,1,20294683.0,16.825869488522407,0.23144248486443803,-0.10993074557960467
25,RO,Romania,8,2010-09-01,9,18.0,1,20294683.0,16.825869488522407,0.23144248486443803,-0.10993074557960467
25,RO,Romania,9,2010-10-01,10,26.0,1,20294683.0,16.825869488522407,0.23144248486443803,-0.10993074557960467
25,RO,Romania,10,2010-11-01,11,42.0,1,20294683.0,16.825869488522407,0.23144248486443803,-0.10993074557960467
25,RO,Romania,11,2010-12-01,12,75.0,1,20294683.0,16.825869488522407,0.23144248486443803,-0.10993074557960467
25,RO,Romania,12,2011-01-01,1,48.0,1,20199059.0,16.82114657712794,0.23144248486443803,-0.10993074557960467
25,RO,Romania,13,2011-02-01,2,105.0,1,20199059.0,16.82114657712794,0.23144248486443803,-0.10993074557960467
25,RO,Romania,14,2011-03-01,3,185.0,1,20199059.0,16.82114657712794,0.23144248486443803,-0.10993074557960467
25,RO,Romania,15,2011-04-01,4,113.0,1,20199059.0,16.82114657712794,0.23144248486443803,-0.10993074557960467
25,RO,Romania,16,2011-05-01,5,154.0,1,20199059.0,16.82114657712794,0.23144248486443803,-0.10993074557960467
25,RO,Romania,17,2011-06-01,6,164.0,1,20199059.0,16.82114657712794,0.23144248486443803,-0.10993074557960467
25,RO,Romania,18,2011-07-01,7,156.0,1,20199059.0,16.82114657712794,0.23144248486443803,-0.10993074557960467
25,RO,Romania,19,2011-08-01,8,126.0,1,20199059.0,16.82114657712794,0.23144248486443803,-0.10993074557960467
25,RO,Romania,20,2011-09-01,9,117.0,1,20199059.0,16.82114657712794,0.23144248486443803,-0.10993074557960467
25,RO,Romania,21,2011-10-01,10,141.0,1,20199059.0,16.82114657712794,0.23144248486443803,-0.10993074557960467
25,RO,Romania,22,2011-11-01,11,195.0,1,20199059.0,16.82114657712794,0.23144248486443803,-0.10993074557960467
25,RO,Romania,23,2011-12-01,12,270.0,1,20199059.0,16.82114657712794,0.23144248486443803,-0.10993074557960467
25,RO,Romania,24,2012-01-01,1,452.0,1,20095996.0,16.816031149205457,0.23144248486443803,-0.10993074557960467
25,RO,Romania,25,2012-02-01,2,353.0,1,20095996.0,16.816031149205457,0.23144248486443803,-0.10993074557960467
25,RO,Romania,26,2012-03-01,3,477.0,1,20095996.0,16.816031149205457,0.23144248486443803,-0.10993074557960467
25,RO,Romania,27,2012-04-01,4,408.0,1,20095996.0,16.816031149205457,0.23144248486443803,-0.10993074557960467
25,RO,Romania,28,2012-05-01,5,282.0,1,20095996.0,16.816031149205457,0.23144248486443803,-0.10993074557960467
25,RO,Romania,29,2012-06-01,6,293.0,1,20095996.0,16.816031149205457,0.23144248486443803,-0.10993074557960467
25,RO,Romania,30,2012-07-01,7,276.0,1,20095996.0,16.816031149205457,0.23144248486443803,-0.10993074557960467
25,RO,Romania,31,2012-08-01,8,119.0,1,20095996.0,16.816031149205457,0.23144248486443803,-0.10993074557960467
25,RO,Romania,32,2012-09-01,9,74.0,1,20095996.0,16.816031149205457,0.23144248486443803,-0.10993074557960467
25,RO,Romania,33,2012-10-01,10,184.0,1,20095996.0,16.816031149205457,0.23144248486443803,-0.10993074557960467
25,RO,Romania,34,2012-11-01,11,193.0,1,20095996.0,16.816031149205457,0.23144248486443803,-0.10993074557960467
25,RO,Romania,35,2012-12-01,12,151.0,1,20095996.0,16.816031149205457,0.23144248486443803,-0.10993074557960467
25,RO,Romania,36,2013-01-01,1,172.0,1,20020074.0,16.812246028148213,0.23144248486443803,-0.10993074557960467
25,RO,Romania,37,2013-02-01,2,180.0,1,20020074.0,16.812246028148213,0.23144248486443803,-0.10993074557960467
25,RO,Romania,38,2013-03-01,3,125.0,1,20020074.0,16.812246028148213,0.23144248486443803,-0.10993074557960467
25,RO,Romania,39,2013-04-01,4,100.0,1,20020074.0,16.812246028148213,0.23144248486443803,-0.10993074557960467
25,RO,Romania,40,2013-05-01,5,70.0,1,20020074.0,16.812246028148213,0.23144248486443803,-0.10993074557960467
25,RO,Romania,41,2013-06-01,6,109.0,1,20020074.0,16.812246028148213,0.23144248486443803,-0.10993074557960467
25,RO,Romania,42,2013-07-01,7,47.0,1,20020074.0,16.812246028148213,0.23144248486443803,-0.10993074557960467
25,RO,Romania,43,2013-08-01,8,16.0,1,20020074.0,16.812246028148213,0.23144248486443803,-0.10993074557960467
25,RO,Romania,44,2013-09-01,9,11.0,1,20020074.0,16.812246028148213,0.23144248486443803,-0.10993074557960467
25,RO,Romania,45,2013-10-01,10,22.0,1,20020074.0,16.812246028148213,0.23144248486443803,-0.10993074557960467
25,RO,Romania,46,2013-11-01,11,21.0,1,20020074.0,16.812246028148213,0.23144248486443803,-0.10993074557960467
25,RO,Romania,47,2013-12-01,12,11.0,1,20020074.0,16.812246028148213,0.23144248486443803,-0.10993074557960467
25,RO,Romania,48,2014-01-01,1,21.0,1,19947311.0,16.80860490524815,0.23144248486443803,-0.10993074557960467
25,RO,Romania,49,2014-02-01,2,15.0,1,19947311.0,16.80860490524815,0.23144248486443803,-0.10993074557960467
25,RO,Romania,50,2014-03-01,3,4.0,1,19947311.0,16.80860490524815,0.23144248486443803,-0.10993074557960467
25,RO,Romania,51,2014-04-01,4,3.0,1,19947311.0,16.80860490524815,0.23144248486443803,-0.10993074557960467
25,RO,Romania,52,2014-05-01,5,3.0,1,19947311.0,16.80860490524815,0.23144248486443803,-0.10993074557960467
25,RO,Romania,53,2014-06-01,6,0.0,1,19947311.0,16.80860490524815,0.23144248486443803,-0.10993074557960467
25,RO,Romania,54,2014-07-01,7,0.0,1,19947311.0,16.80860490524815,0.23144248486443803,-0.10993074557960467
25,RO,Romania,55,2014-08-01,8,0.0,1,19947311.0,16.80860490524815,0.23144248486443803,-0.10993074557960467
25,RO,Romania,56,2014-09-01,9,1.0,1,19947311.0,16.80860490524815,0.23144248486443803,-0.10993074557960467
25,RO,Romania,57,2014-10-01,10,0.0,1,19947311.0,16.80860490524815,0.23144248486443803,-0.10993074557960467
25,RO,Romania,58,2014-11-01,11,0.0,1,19947311.0,16.80860490524815,0.23144248486443803,-0.10993074557960467
25,RO,Romania,59,2014-12-01,12,0.0,1,19947311.0,16.80860490524815,0.23144248486443803,-0.10993074557960467
25,RO,Romania,60,2015-01-01,1,1.0,1,19870647.0,16.80475417564861,0.23144248486443803,-0.10993074557960467
25,RO,Romania,61,2015-02-01,2,0.0,1,19870647.0,16.80475417564861,0.23144248486443803,-0.10993074557960467
25,RO,Romania,62,2015-03-01,3,0.0,1,19870647.0,16.80475417564861,0.23144248486443803,-0.10993074557960467
25,RO,Romania,63,2015-04-01,4,0.0,1,19870647.0,16.80475417564861,0.23144248486443803,-0.10993074557960467
25,RO,Romania,64,2015-05-01,5,0.0,1,19870647.0,16.80475417564861,0.23144248486443803,-0.10993074557960467
25,RO,Romania,65,2015-06-01,6,3.0,1,19870647.0,16.80475417564861,0.23144248486443803,-0.10993074557960467
25,RO,Romania,66,2015-07-01,7,0.0,1,19870647.0,16.80475417564861,0.23144248486443803,-0.10993074557960467
25,RO,Romania,67,2015-08-01,8,0.0,1,19870647.0,16.80475417564861,0.23144248486443803,-0.10993074557960467
25,RO,Romania,68,2015-09-01,9,0.0,1,19870647.0,16.80475417564861,0.23144248486443803,-0.10993074557960467
25,RO,Romania,69,2015-10-01,10,0.0,1,19870647.0,16.80475417564861,0.23144248486443803,-0.10993074557960467
25,RO,Romania,70,2015-11-01,11,0.0,1,19870647.0,16.80475417564861,0.23144248486443803,-0.10993074557960467
25,RO,Romania,71,2015-12-01,12,0.0,1,19870647.0,16.80475417564861,0.23144248486443803,-0.10993074557960467
25,RO,Romania,72,2016-01-01,1,4.0,1,19760585.0,16.799199855108927,0.23144248486443803,-0.10993074557960467
25,RO,Romania,73,2016-02-01,2,24.0,1,19760585.0,16.799199855108927,0.23144248486443803,-0.10993074557960467
25,RO,Romania,74,2016-03-01,3,29.0,1,19760585.0,16.799199855108927,0.23144248486443803,-0.10993074557960467
25,RO,Romania,75,2016-04-01,4,43.0,1,19760585.0,16.799199855108927,0.23144248486443803,-0.10993074557960467
25,RO,Romania,76,2016-05-01,5,50.0,1,19760585.0,16.799199855108927,0.23144248486443803,-0.10993074557960467
25,RO,Romania,77,2016-06-01,6,71.0,1,19760585.0,16.799199855108927,0.23144248486443803,-0.10993074557960467
25,RO,Romania,78,2016-07-01,7,89.0,1,19760585.0,16.799199855108927,0.23144248486443803,-0.10993074557960467
25,RO,Romania,79,2016-08-01,8,94.0,1,19760585.0,16.799199855108927,0.23144248486443803,-0.10993074557960467
25,RO,Romania,80,2016-09-01,9,112.0,1,19760585.0,16.799199855108927,0.23144248486443803,-0.10993074557960467
25,RO,Romania,81,2016-10-01,10,176.0,1,19760585.0,16.799199855108927,0.23144248486443803,-0.10993074557960467
25,RO,Romania,82,2016-11-01,11,398.0,1,19760585.0,16.799199855108927,0.23144248486443803,-0.10993074557960467
25,RO,Romania,83,2016-12-01,12,272.0,1,19760585.0,16.799199855108927,0.23144248486443803,-0.10993074557960467
25,RO,Romania,84,2017-01-01,1,247.0,1,19643949.0,16.793279909925317,0.23144248486443803,-0.10993074557960467
25,RO,Romania,85,2017-02-01,2,285.0,1,19643949.0,16.793279909925317,0.23144248486443803,-0.10993074557960467
25,RO,Romania,86,2017-03-01,3,375.0,1,19643949.0,16.793279909925317,0.23144248486443803,-0.10993074557960467
25,RO,Romania,87,2017-04-01,4,418.0,1,19643949.0,16.793279909925317,0.23144248486443803,-0.10993074557960467
25,RO,Romania,88,2017-05-01,5,384.0,1,19643949.0,16.793279909925317,0.23144248486443803,-0.10993074557960467
25,RO,Romania,89,2017-06-01,6,527.0,1,19643949.0,16.793279909925317,0.23144248486443803,-0.10993074557960467
25,RO,Romania,90,2017-07-01,7,526.0,1,19643949.0,16.793279909925317,0.23144248486443803,-0.10993074557960467
25,RO,Romania,91,2017-08-01,8,249.0,1,19643949.0,16.793279909925317,0.23144248486443803,-0.10993074557960467
25,RO,Romania,92,2017-09-01,9,129.0,1,19643949.0,16.793279909925317,0.23144248486443803,-0.10993074557960467
25,RO,Romania,93,2017-10-01,10,199.0,1,19643949.0,16.793279909925317,0.23144248486443803,-0.10993074557960467
25,RO,Romania,94,2017-11-01,11,260.0,1,19643949.0,16.793279909925317,0.23144248486443803,-0.10993074557960467
25,RO,Romania,95,2017-12-01,12,302.0,1,19643949.0,16.793279909925317,0.23144248486443803,-0.10993074557960467
25,RO,Romania,96,2018-01-01,1,364.0,1,19533481.0,16.78764052557752,0.23144248486443803,-0.10993074557960467
25,RO,Romania,97,2018-02-01,2,580.0,1,19533481.0,16.78764052557752,0.23144248486443803,-0.10993074557960467
25,RO,Romania,98,2018-03-01,3,1050.0,1,19533481.0,16.78764052557752,0.23144248486443803,-0.10993074557960467
25,RO,Romania,99,2018-04-01,4,963.0,1,19533481.0,16.78764052557752,0.23144248486443803,-0.10993074557960467
25,RO,Romania,100,2018-05-01,5,850.0,1,19533481.0,16.78764052557752,0.23144248486443803,-0.10993074557960467
25,RO,Romania,101,2018-06-01,6,472.0,1,19533481.0,16.78764052557752,0.23144248486443803,-0.10993074557960467
25,RO,Romania,102,2018-07-01,7,197.0,1,19533481.0,16.78764052557752,0.23144248486443803,-0.10993074557960467
25,RO,Romania,103,2018-08-01,8,53.0,1,19533481.0,16.78764052557752,0.23144248486443803,-0.10993074557960467
25,RO,Romania,104,2018-09-01,9,63.0,1,19533481.0,16.78764052557752,0.23144248486443803,-0.10993074557960467
25,RO,Romania,105,2018-10-01,10,54.0,1,19533481.0,16.78764052557752,0.23144248486443803,-0.10993074557960467
25,RO,Romania,106,2018-11-01,11,57.0,1,19533481.0,16.78764052557752,0.23144248486443803,-0.10993074557960467
25,RO,Romania,107,2018-12-01,12,75.0,1,19533481.0,16.78764052557752,0.23144248486443803,-0.10993074557960467
25,RO,Romania,108,2019-01-01,1,173.0,1,19414458.0,16.78152860419887,0.23144248486443803,-0.10993074557960467
25,RO,Romania,109,2019-02-01,2,246.0,1,19414458.0,16.78152860419887,0.23144248486443803,-0.10993074557960467
25,RO,Romania,110,2019-03-01,3,181.0,1,19414458.0,16.78152860419887,0.23144248486443803,-0.10993074557960467
25,RO,Romania,111,2019-04-01,4,83.0,1,19414458.0,16.78152860419887,0.23144248486443803,-0.10993074557960467
25,RO,Romania,112,2019-05-01,5,116.0,1,19414458.0,16.78152860419887,0.23144248486443803,-0.10993074557960467
25,RO,Romania,113,2019-06-01,6,100.0,1,19414458.0,16.78152860419887,0.23144248486443803,-0.10993074557960467
25,RO,Romania,114,2019-07-01,7,97.0,1,19414458.0,16.78152860419887,0.23144248486443803,-0.10993074557960467
25,RO,Romania,115,2019-08-01,8,65.0,1,19414458.0,16.78152860419887,0.23144248486443803,-0.10993074557960467
25,RO,Romania,116,2019-09-01,9,50.0,1,19414458.0,16.78152860419887,0.23144248486443803,-0.10993074557960467
25,RO,Romania,117,2019-10-01,10,65.0,1,19414458.0,16.78152860419887,0.23144248486443803,-0.10993074557960467
25,RO,Romania,118,2019-11-01,11,45.0,1,19414458.0,16.78152860419887,0.23144248486443803,-0.10993074557960467
25,RO,Romania,119,2019-12-01,12,49.0,1,19414458.0,16.78152860419887,0.23144248486443803,-0.10993074557960467
26,SE,Sweden,0,2010-01-01,1,0.0,1,9340682.0,16.049889826811196,0.04060279020794947,0.3644376935249922
26,SE,Sweden,1,2010-02-01,2,0.0,1,9340682.0,16.049889826811196,0.04060279020794947,0.3644376935249922
26,SE,Sweden,2,2010-03-01,3,0.0,1,9340682.0,16.049889826811196,0.04060279020794947,0.3644376935249922
26,SE,Sweden,3,2010-04-01,4,1.0,1,9340682.0,16.049889826811196,0.04060279020794947,0.3644376935249922
26,SE,Sweden,4,2010-05-01,5,1.0,1,9340682.0,16.049889826811196,0.04060279020794947,0.3644376935249922
26,SE,Sweden,5,2010-06-01,6,1.0,1,9340682.0,16.049889826811196,0.04060279020794947,0.3644376935249922
26,SE,Sweden,6,2010-07-01,7,0.0,1,9340682.0,16.049889826811196,0.04060279020794947,0.3644376935249922
26,SE,Sweden,7,2010-08-01,8,3.0,1,9340682.0,16.049889826811196,0.04060279020794947,0.3644376935249922
26,SE,Sweden,8,2010-09-01,9,0.0,1,9340682.0,16.049889826811196,0.04060279020794947,0.3644376935249922
26,SE,Sweden,9,2010-10-01,10,0.0,1,9340682.0,16.049889826811196,0.04060279020794947,0.3644376935249922
26,SE,Sweden,10,2010-11-01,11,0.0,1,9340682.0,16.049889826811196,0.04060279020794947,0.3644376935249922
26,SE,Sweden,11,2010-12-01,12,0.0,1,9340682.0,16.049889826811196,0.04060279020794947,0.3644376935249922
26,SE,Sweden,12,2011-01-01,1,4.0,1,9415570.0,16.05787525992961,0.04060279020794947,0.3644376935249922
26,SE,Sweden,13,2011-02-01,2,1.0,1,9415570.0,16.05787525992961,0.04060279020794947,0.3644376935249922
26,SE,Sweden,14,2011-03-01,3,1.0,1,9415570.0,16.05787525992961,0.04060279020794947,0.3644376935249922
26,SE,Sweden,15,2011-04-01,4,8.0,1,9415570.0,16.05787525992961,0.04060279020794947,0.3644376935249922
26,SE,Sweden,16,2011-05-01,5,4.0,1,9415570.0,16.05787525992961,0.04060279020794947,0.3644376935249922
26,SE,Sweden,17,2011-06-01,6,1.0,1,9415570.0,16.05787525992961,0.04060279020794947,0.3644376935249922
26,SE,Sweden,18,2011-07-01,7,2.0,1,9415570.0,16.05787525992961,0.04060279020794947,0.3644376935249922
26,SE,Sweden,19,2011-08-01,8,1.0,1,9415570.0,16.05787525992961,0.04060279020794947,0.3644376935249922
26,SE,Sweden,20,2011-09-01,9,0.0,1,9415570.0,16.05787525992961,0.04060279020794947,0.3644376935249922
26,SE,Sweden,21,2011-10-01,10,0.0,1,9415570.0,16.05787525992961,0.04060279020794947,0.3644376935249922
26,SE,Sweden,22,2011-11-01,11,4.0,1,9415570.0,16.05787525992961,0.04060279020794947,0.3644376935249922
26,SE,Sweden,23,2011-12-01,12,0.0,1,9415570.0,16.05787525992961,0.04060279020794947,0.3644376935249922
26,SE,Sweden,24,2012-01-01,1,2.0,1,9482855.0,16.064995989229086,0.04060279020794947,0.3644376935249922
26,SE,Sweden,25,2012-02-01,2,4.0,1,9482855.0,16.064995989229086,0.04060279020794947,0.3644376935249922
26,SE,Sweden,26,2012-03-01,3,2.0,1,9482855.0,16.064995989229086,0.04060279020794947,0.3644376935249922
26,SE,Sweden,27,2012-04-01,4,4.0,1,9482855.0,16.064995989229086,0.04060279020794947,0.3644376935249922
26,SE,Sweden,28,2012-05-01,5,1.0,1,9482855.0,16.064995989229086,0.04060279020794947,0.3644376935249922
26,SE,Sweden,29,2012-06-01,6,0.0,1,9482855.0,16.064995989229086,0.04060279020794947,0.3644376935249922
26,SE,Sweden,30,2012-07-01,7,1.0,1,9482855.0,16.064995989229086,0.04060279020794947,0.3644376935249922
26,SE,Sweden,31,2012-08-01,8,1.0,1,9482855.0,16.064995989229086,0.04060279020794947,0.3644376935249922
26,SE,Sweden,32,2012-09-01,9,1.0,1,9482855.0,16.064995989229086,0.04060279020794947,0.3644376935249922
26,SE,Sweden,33,2012-10-01,10,1.0,1,9482855.0,16.064995989229086,0.04060279020794947,0.3644376935249922
26,SE,Sweden,34,2012-11-01,11,0.0,1,9482855.0,16.064995989229086,0.04060279020794947,0.3644376935249922
26,SE,Sweden,35,2012-12-01,12,1.0,1,9482855.0,16.064995989229086,0.04060279020794947,0.3644376935249922
26,SE,Sweden,36,2013-01-01,1,4.0,1,9555893.0,16.072668590211528,0.04060279020794947,0.3644376935249922
26,SE,Sweden,37,2013-02-01,2,7.0,1,9555893.0,16.072668590211528,0.04060279020794947,0.3644376935249922
26,SE,Sweden,38,2013-03-01,3,9.0,1,9555893.0,16.072668590211528,0.04060279020794947,0.3644376935249922
26,SE,Sweden,39,2013-04-01,4,1.0,1,9555893.0,16.072668590211528,0.04060279020794947,0.3644376935249922
26,SE,Sweden,40,2013-05-01,5,8.0,1,9555893.0,16.072668590211528,0.04060279020794947,0.3644376935249922
26,SE,Sweden,41,2013-06-01,6,15.0,1,9555893.0,16.072668590211528,0.04060279020794947,0.3644376935249922
26,SE,Sweden,42,2013-07-01,7,6.0,1,9555893.0,16.072668590211528,0.04060279020794947,0.3644376935249922
26,SE,Sweden,43,2013-08-01,8,0.0,1,9555893.0,16.072668590211528,0.04060279020794947,0.3644376935249922
26,SE,Sweden,44,2013-09-01,9,0.0,1,9555893.0,16.072668590211528,0.04060279020794947,0.3644376935249922
26,SE,Sweden,45,2013-10-01,10,0.0,1,9555893.0,16.072668590211528,0.04060279020794947,0.3644376935249922
26,SE,Sweden,46,2013-11-01,11,0.0,1,9555893.0,16.072668590211528,0.04060279020794947,0.3644376935249922
26,SE,Sweden,47,2013-12-01,12,0.0,1,9555893.0,16.072668590211528,0.04060279020794947,0.3644376935249922
26,SE,Sweden,48,2014-01-01,1,2.0,1,9644864.0,16.08193610365231,0.04060279020794947,0.3644376935249922
26,SE,Sweden,49,2014-02-01,2,7.0,1,9644864.0,16.08193610365231,0.04060279020794947,0.3644376935249922
26,SE,Sweden,50,2014-03-01,3,0.0,1,9644864.0,16.08193610365231,0.04060279020794947,0.3644376935249922
26,SE,Sweden,51,2014-04-01,4,0.0,1,9644864.0,16.08193610365231,0.04060279020794947,0.3644376935249922
26,SE,Sweden,52,2014-05-01,5,3.0,1,9644864.0,16.08193610365231,0.04060279020794947,0.3644376935249922
26,SE,Sweden,53,2014-06-01,6,2.0,1,9644864.0,16.08193610365231,0.04060279020794947,0.3644376935249922
26,SE,Sweden,54,2014-07-01,7,4.0,1,9644864.0,16.08193610365231,0.04060279020794947,0.3644376935249922
26,SE,Sweden,55,2014-08-01,8,1.0,1,9644864.0,16.08193610365231,0.04060279020794947,0.3644376935249922
26,SE,Sweden,56,2014-09-01,9,1.0,1,9644864.0,16.08193610365231,0.04060279020794947,0.3644376935249922
26,SE,Sweden,57,2014-10-01,10,4.0,1,9644864.0,16.08193610365231,0.04060279020794947,0.3644376935249922
26,SE,Sweden,58,2014-11-01,11,1.0,1,9644864.0,16.08193610365231,0.04060279020794947,0.3644376935249922
26,SE,Sweden,59,2014-12-01,12,1.0,1,9644864.0,16.08193610365231,0.04060279020794947,0.3644376935249922
26,SE,Sweden,60,2015-01-01,1,3.0,1,9747355.0,16.092506524119116,0.04060279020794947,0.3644376935249922
26,SE,Sweden,61,2015-02-01,2,2.0,1,9747355.0,16.092506524119116,0.04060279020794947,0.3644376935249922
26,SE,Sweden,62,2015-03-01,3,1.0,1,9747355.0,16.092506524119116,0.04060279020794947,0.3644376935249922
26,SE,Sweden,63,2015-04-01,4,1.0,1,9747355.0,16.092506524119116,0.04060279020794947,0.3644376935249922
26,SE,Sweden,64,2015-05-01,5,6.0,1,9747355.0,16.092506524119116,0.04060279020794947,0.3644376935249922
26,SE,Sweden,65,2015-06-01,6,6.0,1,9747355.0,16.092506524119116,0.04060279020794947,0.3644376935249922
26,SE,Sweden,66,2015-07-01,7,2.0,1,9747355.0,16.092506524119116,0.04060279020794947,0.3644376935249922
26,SE,Sweden,67,2015-08-01,8,0.0,1,9747355.0,16.092506524119116,0.04060279020794947,0.3644376935249922
26,SE,Sweden,68,2015-09-01,9,0.0,1,9747355.0,16.092506524119116,0.04060279020794947,0.3644376935249922
26,SE,Sweden,69,2015-10-01,10,0.0,1,9747355.0,16.092506524119116,0.04060279020794947,0.3644376935249922
26,SE,Sweden,70,2015-11-01,11,0.0,1,9747355.0,16.092506524119116,0.04060279020794947,0.3644376935249922
26,SE,Sweden,71,2015-12-01,12,0.0,1,9747355.0,16.092506524119116,0.04060279020794947,0.3644376935249922
26,SE,Sweden,72,2016-01-01,1,0.0,1,9851017.0,16.103085256549452,0.04060279020794947,0.3644376935249922
26,SE,Sweden,73,2016-02-01,2,0.0,1,9851017.0,16.103085256549452,0.04060279020794947,0.3644376935249922
26,SE,Sweden,74,2016-03-01,3,0.0,1,9851017.0,16.103085256549452,0.04060279020794947,0.3644376935249922
26,SE,Sweden,75,2016-04-01,4,1.0,1,9851017.0,16.103085256549452,0.04060279020794947,0.3644376935249922
26,SE,Sweden,76,2016-05-01,5,0.0,1,9851017.0,16.103085256549452,0.04060279020794947,0.3644376935249922
26,SE,Sweden,77,2016-06-01,6,0.0,1,9851017.0,16.103085256549452,0.04060279020794947,0.3644376935249922
26,SE,Sweden,78,2016-07-01,7,0.0,1,9851017.0,16.103085256549452,0.04060279020794947,0.3644376935249922
26,SE,Sweden,79,2016-08-01,8,2.0,1,9851017.0,16.103085256549452,0.04060279020794947,0.3644376935249922
26,SE,Sweden,80,2016-09-01,9,0.0,1,9851017.0,16.103085256549452,0.04060279020794947,0.3644376935249922
26,SE,Sweden,81,2016-10-01,10,0.0,1,9851017.0,16.103085256549452,0.04060279020794947,0.3644376935249922
26,SE,Sweden,82,2016-11-01,11,0.0,1,9851017.0,16.103085256549452,0.04060279020794947,0.3644376935249922
26,SE,Sweden,83,2016-12-01,12,0.0,1,9851017.0,16.103085256549452,0.04060279020794947,0.3644376935249922
26,SE,Sweden,84,2017-01-01,1,2.0,1,9995153.0,16.117610833453302,0.04060279020794947,0.3644376935249922
26,SE,Sweden,85,2017-02-01,2,8.0,1,9995153.0,16.117610833453302,0.04060279020794947,0.3644376935249922
26,SE,Sweden,86,2017-03-01,3,7.0,1,9995153.0,16.117610833453302,0.04060279020794947,0.3644376935249922
26,SE,Sweden,87,2017-04-01,4,3.0,1,9995153.0,16.117610833453302,0.04060279020794947,0.3644376935249922
26,SE,Sweden,88,2017-05-01,5,4.0,1,9995153.0,16.117610833453302,0.04060279020794947,0.3644376935249922
26,SE,Sweden,89,2017-06-01,6,0.0,1,9995153.0,16.117610833453302,0.04060279020794947,0.3644376935249922
26,SE,Sweden,90,2017-07-01,7,0.0,1,9995153.0,16.117610833453302,0.04060279020794947,0.3644376935249922
26,SE,Sweden,91,2017-08-01,8,2.0,1,9995153.0,16.117610833453302,0.04060279020794947,0.3644376935249922
26,SE,Sweden,92,2017-09-01,9,2.0,1,9995153.0,16.117610833453302,0.04060279020794947,0.3644376935249922
26,SE,Sweden,93,2017-10-01,10,2.0,1,9995153.0,16.117610833453302,0.04060279020794947,0.3644376935249922
26,SE,Sweden,94,2017-11-01,11,0.0,1,9995153.0,16.117610833453302,0.04060279020794947,0.3644376935249922
26,SE,Sweden,95,2017-12-01,12,11.0,1,9995153.0,16.117610833453302,0.04060279020794947,0.3644376935249922
26,SE,Sweden,96,2018-01-01,1,17.0,1,10120242.0,16.13004813458116,0.04060279020794947,0.3644376935249922
26,SE,Sweden,97,2018-02-01,2,2.0,1,10120242.0,16.13004813458116,0.04060279020794947,0.3644376935249922
26,SE,Sweden,98,2018-03-01,3,2.0,1,10120242.0,16.13004813458116,0.04060279020794947,0.3644376935249922
26,SE,Sweden,99,2018-04-01,4,2.0,1,10120242.0,16.13004813458116,0.04060279020794947,0.3644376935249922
26,SE,Sweden,100,2018-05-01,5,4.0,1,10120242.0,16.13004813458116,0.04060279020794947,0.3644376935249922
26,SE,Sweden,101,2018-06-01,6,3.0,1,10120242.0,16.13004813458116,0.04060279020794947,0.3644376935249922
26,SE,Sweden,102,2018-07-01,7,3.0,1,10120242.0,16.13004813458116,0.04060279020794947,0.3644376935249922
26,SE,Sweden,103,2018-08-01,8,2.0,1,10120242.0,16.13004813458116,0.04060279020794947,0.3644376935249922
26,SE,Sweden,104,2018-09-01,9,4.0,1,10120242.0,16.13004813458116,0.04060279020794947,0.3644376935249922
26,SE,Sweden,105,2018-10-01,10,1.0,1,10120242.0,16.13004813458116,0.04060279020794947,0.3644376935249922
26,SE,Sweden,106,2018-11-01,11,0.0,1,10120242.0,16.13004813458116,0.04060279020794947,0.3644376935249922
26,SE,Sweden,107,2018-12-01,12,1.0,1,10120242.0,16.13004813458116,0.04060279020794947,0.3644376935249922
26,SE,Sweden,108,2019-01-01,1,0.0,1,10230185.0,16.140853221830767,0.04060279020794947,0.3644376935249922
26,SE,Sweden,109,2019-02-01,2,1.0,1,10230185.0,16.140853221830767,0.04060279020794947,0.3644376935249922
26,SE,Sweden,110,2019-03-01,3,4.0,1,10230185.0,16.140853221830767,0.04060279020794947,0.3644376935249922
26,SE,Sweden,111,2019-04-01,4,6.0,1,10230185.0,16.140853221830767,0.04060279020794947,0.3644376935249922
26,SE,Sweden,112,2019-05-01,5,3.0,1,10230185.0,16.140853221830767,0.04060279020794947,0.3644376935249922
26,SE,Sweden,113,2019-06-01,6,2.0,1,10230185.0,16.140853221830767,0.04060279020794947,0.3644376935249922
26,SE,Sweden,114,2019-07-01,7,2.0,1,10230185.0,16.140853221830767,0.04060279020794947,0.3644376935249922
26,SE,Sweden,115,2019-08-01,8,0.0,1,10230185.0,16.140853221830767,0.04060279020794947,0.3644376935249922
26,SE,Sweden,116,2019-09-01,9,1.0,1,10230185.0,16.140853221830767,0.04060279020794947,0.3644376935249922
26,SE,Sweden,117,2019-10-01,10,0.0,1,10230185.0,16.140853221830767,0.04060279020794947,0.3644376935249922
26,SE,Sweden,118,2019-11-01,11,0.0,1,10230185.0,16.140853221830767,0.04060279020794947,0.3644376935249922
26,SE,Sweden,119,2019-12-01,12,0.0,1,10230185.0,16.140853221830767,0.04060279020794947,0.3644376935249922
27,SI,Slovenia,0,2010-01-01,1,0.0,1,2046976.0,14.531874140099854,0.03678599631481971,-0.10403796993855369
27,SI,Slovenia,1,2010-02-01,2,0.0,1,2046976.0,14.531874140099854,0.03678599631481971,-0.10403796993855369
27,SI,Slovenia,2,2010-03-01,3,2.0,1,2046976.0,14.531874140099854,0.03678599631481971,-0.10403796993855369
27,SI,Slovenia,3,2010-04-01,4,0.0,1,2046976.0,14.531874140099854,0.03678599631481971,-0.10403796993855369
27,SI,Slovenia,4,2010-05-01,5,0.0,1,2046976.0,14.531874140099854,0.03678599631481971,-0.10403796993855369
27,SI,Slovenia,5,2010-06-01,6,0.0,1,2046976.0,14.531874140099854,0.03678599631481971,-0.10403796993855369
27,SI,Slovenia,6,2010-07-01,7,0.0,1,2046976.0,14.531874140099854,0.03678599631481971,-0.10403796993855369
27,SI,Slovenia,7,2010-08-01,8,0.0,1,2046976.0,14.531874140099854,0.03678599631481971,-0.10403796993855369
27,SI,Slovenia,8,2010-09-01,9,0.0,1,2046976.0,14.531874140099854,0.03678599631481971,-0.10403796993855369
27,SI,Slovenia,9,2010-10-01,10,0.0,1,2046976.0,14.531874140099854,0.03678599631481971,-0.10403796993855369
27,SI,Slovenia,10,2010-11-01,11,0.0,1,2046976.0,14.531874140099854,0.03678599631481971,-0.10403796993855369
27,SI,Slovenia,11,2010-12-01,12,0.0,1,2046976.0,14.531874140099854,0.03678599631481971,-0.10403796993855369
27,SI,Slovenia,12,2011-01-01,1,0.0,1,2050189.0,14.533442541986833,0.03678599631481971,-0.10403796993855369
27,SI,Slovenia,13,2011-02-01,2,0.0,1,2050189.0,14.533442541986833,0.03678599631481971,-0.10403796993855369
27,SI,Slovenia,14,2011-03-01,3,0.0,1,2050189.0,14.533442541986833,0.03678599631481971,-0.10403796993855369
27,SI,Slovenia,15,2011-04-01,4,2.0,1,2050189.0,14.533442541986833,0.03678599631481971,-0.10403796993855369
27,SI,Slovenia,16,2011-05-01,5,1.0,1,2050189.0,14.533442541986833,0.03678599631481971,-0.10403796993855369
27,SI,Slovenia,17,2011-06-01,6,7.0,1,2050189.0,14.533442541986833,0.03678599631481971,-0.10403796993855369
27,SI,Slovenia,18,2011-07-01,7,12.0,1,2050189.0,14.533442541986833,0.03678599631481971,-0.10403796993855369
27,SI,Slovenia,19,2011-08-01,8,0.0,1,2050189.0,14.533442541986833,0.03678599631481971,-0.10403796993855369
27,SI,Slovenia,20,2011-09-01,9,0.0,1,2050189.0,14.533442541986833,0.03678599631481971,-0.10403796993855369
27,SI,Slovenia,21,2011-10-01,10,0.0,1,2050189.0,14.533442541986833,0.03678599631481971,-0.10403796993855369
27,SI,Slovenia,22,2011-11-01,11,0.0,1,2050189.0,14.533442541986833,0.03678599631481971,-0.10403796993855369
27,SI,Slovenia,23,2011-12-01,12,0.0,1,2050189.0,14.533442541986833,0.03678599631481971,-0.10403796993855369
27,SI,Slovenia,24,2012-01-01,1,1.0,1,2055496.0,14.536027739319636,0.03678599631481971,-0.10403796993855369
27,SI,Slovenia,25,2012-02-01,2,0.0,1,2055496.0,14.536027739319636,0.03678599631481971,-0.10403796993855369
27,SI,Slovenia,26,2012-03-01,3,1.0,1,2055496.0,14.536027739319636,0.03678599631481971,-0.10403796993855369
27,SI,Slovenia,27,2012-04-01,4,0.0,1,2055496.0,14.536027739319636,0.03678599631481971,-0.10403796993855369
27,SI,Slovenia,28,2012-05-01,5,0.0,1,2055496.0,14.536027739319636,0.03678599631481971,-0.10403796993855369
27,SI,Slovenia,29,2012-06-01,6,0.0,1,2055496.0,14.536027739319636,0.03678599631481971,-0.10403796993855369
27,SI,Slovenia,30,2012-07-01,7,0.0,1,2055496.0,14.536027739319636,0.03678599631481971,-0.10403796993855369
27,SI,Slovenia,31,2012-08-01,8,0.0,1,2055496.0,14.536027739319636,0.03678599631481971,-0.10403796993855369
27,SI,Slovenia,32,2012-09-01,9,0.0,1,2055496.0,14.536027739319636,0.03678599631481971,-0.10403796993855369
27,SI,Slovenia,33,2012-10-01,10,0.0,1,2055496.0,14.536027739319636,0.03678599631481971,-0.10403796993855369
27,SI,Slovenia,34,2012-11-01,11,0.0,1,2055496.0,14.536027739319636,0.03678599631481971,-0.10403796993855369
27,SI,Slovenia,35,2012-12-01,12,0.0,1,2055496.0,14.536027739319636,0.03678599631481971,-0.10403796993855369
27,SI,Slovenia,36,2013-01-01,1,0.0,1,2058821.0,14.537644046825289,0.03678599631481971,-0.10403796993855369
27,SI,Slovenia,37,2013-02-01,2,0.0,1,2058821.0,14.537644046825289,0.03678599631481971,-0.10403796993855369
27,SI,Slovenia,38,2013-03-01,3,0.0,1,2058821.0,14.537644046825289,0.03678599631481971,-0.10403796993855369
27,SI,Slovenia,39,2013-04-01,4,0.0,1,2058821.0,14.537644046825289,0.03678599631481971,-0.10403796993855369
27,SI,Slovenia,40,2013-05-01,5,0.0,1,2058821.0,14.537644046825289,0.03678599631481971,-0.10403796993855369
27,SI,Slovenia,41,2013-06-01,6,0.0,1,2058821.0,14.537644046825289,0.03678599631481971,-0.10403796993855369
27,SI,Slovenia,42,2013-07-01,7,1.0,1,2058821.0,14.537644046825289,0.03678599631481971,-0.10403796993855369
27,SI,Slovenia,43,2013-08-01,8,0.0,1,2058821.0,14.537644046825289,0.03678599631481971,-0.10403796993855369
27,SI,Slovenia,44,2013-09-01,9,0.0,1,2058821.0,14.537644046825289,0.03678599631481971,-0.10403796993855369
27,SI,Slovenia,45,2013-10-01,10,0.0,1,2058821.0,14.537644046825289,0.03678599631481971,-0.10403796993855369
27,SI,Slovenia,46,2013-11-01,11,0.0,1,2058821.0,14.537644046825289,0.03678599631481971,-0.10403796993855369
27,SI,Slovenia,47,2013-12-01,12,0.0,1,2058821.0,14.537644046825289,0.03678599631481971,-0.10403796993855369
27,SI,Slovenia,48,2014-01-01,1,0.0,1,2061085.0,14.53874310113764,0.03678599631481971,-0.10403796993855369
27,SI,Slovenia,49,2014-02-01,2,0.0,1,2061085.0,14.53874310113764,0.03678599631481971,-0.10403796993855369
27,SI,Slovenia,50,2014-03-01,3,0.0,1,2061085.0,14.53874310113764,0.03678599631481971,-0.10403796993855369
27,SI,Slovenia,51,2014-04-01,4,0.0,1,2061085.0,14.53874310113764,0.03678599631481971,-0.10403796993855369
27,SI,Slovenia,52,2014-05-01,5,1.0,1,2061085.0,14.53874310113764,0.03678599631481971,-0.10403796993855369
27,SI,Slovenia,53,2014-06-01,6,0.0,1,2061085.0,14.53874310113764,0.03678599631481971,-0.10403796993855369
27,SI,Slovenia,54,2014-07-01,7,1.0,1,2061085.0,14.53874310113764,0.03678599631481971,-0.10403796993855369
27,SI,Slovenia,55,2014-08-01,8,0.0,1,2061085.0,14.53874310113764,0.03678599631481971,-0.10403796993855369
27,SI,Slovenia,56,2014-09-01,9,0.0,1,2061085.0,14.53874310113764,0.03678599631481971,-0.10403796993855369
27,SI,Slovenia,57,2014-10-01,10,0.0,1,2061085.0,14.53874310113764,0.03678599631481971,-0.10403796993855369
27,SI,Slovenia,58,2014-11-01,11,28.0,1,2061085.0,14.53874310113764,0.03678599631481971,-0.10403796993855369
27,SI,Slovenia,59,2014-12-01,12,21.0,1,2061085.0,14.53874310113764,0.03678599631481971,-0.10403796993855369
27,SI,Slovenia,60,2015-01-01,1,6.0,1,2062874.0,14.539610714085406,0.03678599631481971,-0.10403796993855369
27,SI,Slovenia,61,2015-02-01,2,8.0,1,2062874.0,14.539610714085406,0.03678599631481971,-0.10403796993855369
27,SI,Slovenia,62,2015-03-01,3,2.0,1,2062874.0,14.539610714085406,0.03678599631481971,-0.10403796993855369
27,SI,Slovenia,63,2015-04-01,4,2.0,1,2062874.0,14.539610714085406,0.03678599631481971,-0.10403796993855369
27,SI,Slovenia,64,2015-05-01,5,0.0,1,2062874.0,14.539610714085406,0.03678599631481971,-0.10403796993855369
27,SI,Slovenia,65,2015-06-01,6,0.0,1,2062874.0,14.539610714085406,0.03678599631481971,-0.10403796993855369
27,SI,Slovenia,66,2015-07-01,7,0.0,1,2062874.0,14.539610714085406,0.03678599631481971,-0.10403796993855369
27,SI,Slovenia,67,2015-08-01,8,0.0,1,2062874.0,14.539610714085406,0.03678599631481971,-0.10403796993855369
27,SI,Slovenia,68,2015-09-01,9,0.0,1,2062874.0,14.539610714085406,0.03678599631481971,-0.10403796993855369
27,SI,Slovenia,69,2015-10-01,10,0.0,1,2062874.0,14.539610714085406,0.03678599631481971,-0.10403796993855369
27,SI,Slovenia,70,2015-11-01,11,0.0,1,2062874.0,14.539610714085406,0.03678599631481971,-0.10403796993855369
27,SI,Slovenia,71,2015-12-01,12,0.0,1,2062874.0,14.539610714085406,0.03678599631481971,-0.10403796993855369
27,SI,Slovenia,72,2016-01-01,1,0.0,1,2064188.0,14.540247486706896,0.03678599631481971,-0.10403796993855369
27,SI,Slovenia,73,2016-02-01,2,0.0,1,2064188.0,14.540247486706896,0.03678599631481971,-0.10403796993855369
27,SI,Slovenia,74,2016-03-01,3,0.0,1,2064188.0,14.540247486706896,0.03678599631481971,-0.10403796993855369
27,SI,Slovenia,75,2016-04-01,4,0.0,1,2064188.0,14.540247486706896,0.03678599631481971,-0.10403796993855369
27,SI,Slovenia,76,2016-05-01,5,1.0,1,2064188.0,14.540247486706896,0.03678599631481971,-0.10403796993855369
27,SI,Slovenia,77,2016-06-01,6,0.0,1,2064188.0,14.540247486706896,0.03678599631481971,-0.10403796993855369
27,SI,Slovenia,78,2016-07-01,7,0.0,1,2064188.0,14.540247486706896,0.03678599631481971,-0.10403796993855369
27,SI,Slovenia,79,2016-08-01,8,0.0,1,2064188.0,14.540247486706896,0.03678599631481971,-0.10403796993855369
27,SI,Slovenia,80,2016-09-01,9,0.0,1,2064188.0,14.540247486706896,0.03678599631481971,-0.10403796993855369
27,SI,Slovenia,81,2016-10-01,10,0.0,1,2064188.0,14.540247486706896,0.03678599631481971,-0.10403796993855369
27,SI,Slovenia,82,2016-11-01,11,0.0,1,2064188.0,14.540247486706896,0.03678599631481971,-0.10403796993855369
27,SI,Slovenia,83,2016-12-01,12,0.0,1,2064188.0,14.540247486706896,0.03678599631481971,-0.10403796993855369
27,SI,Slovenia,84,2017-01-01,1,2.0,1,2065895.0,14.541074104524117,0.03678599631481971,-0.10403796993855369
27,SI,Slovenia,85,2017-02-01,2,5.0,1,2065895.0,14.541074104524117,0.03678599631481971,-0.10403796993855369
27,SI,Slovenia,86,2017-03-01,3,0.0,1,2065895.0,14.541074104524117,0.03678599631481971,-0.10403796993855369
27,SI,Slovenia,87,2017-04-01,4,0.0,1,2065895.0,14.541074104524117,0.03678599631481971,-0.10403796993855369
27,SI,Slovenia,88,2017-05-01,5,0.0,1,2065895.0,14.541074104524117,0.03678599631481971,-0.10403796993855369
27,SI,Slovenia,89,2017-06-01,6,0.0,1,2065895.0,14.541074104524117,0.03678599631481971,-0.10403796993855369
27,SI,Slovenia,90,2017-07-01,7,0.0,1,2065895.0,14.541074104524117,0.03678599631481971,-0.10403796993855369
27,SI,Slovenia,91,2017-08-01,8,0.0,1,2065895.0,14.541074104524117,0.03678599631481971,-0.10403796993855369
27,SI,Slovenia,92,2017-09-01,9,0.0,1,2065895.0,14.541074104524117,0.03678599631481971,-0.10403796993855369
27,SI,Slovenia,93,2017-10-01,10,0.0,1,2065895.0,14.541074104524117,0.03678599631481971,-0.10403796993855369
27,SI,Slovenia,94,2017-11-01,11,0.0,1,2065895.0,14.541074104524117,0.03678599631481971,-0.10403796993855369
27,SI,Slovenia,95,2017-12-01,12,1.0,1,2065895.0,14.541074104524117,0.03678599631481971,-0.10403796993855369
27,SI,Slovenia,96,2018-01-01,1,2.0,1,2066880.0,14.541550781826245,0.03678599631481971,-0.10403796993855369
27,SI,Slovenia,97,2018-02-01,2,0.0,1,2066880.0,14.541550781826245,0.03678599631481971,-0.10403796993855369
27,SI,Slovenia,98,2018-03-01,3,0.0,1,2066880.0,14.541550781826245,0.03678599631481971,-0.10403796993855369
27,SI,Slovenia,99,2018-04-01,4,0.0,1,2066880.0,14.541550781826245,0.03678599631481971,-0.10403796993855369
27,SI,Slovenia,100,2018-05-01,5,3.0,1,2066880.0,14.541550781826245,0.03678599631481971,-0.10403796993855369
27,SI,Slovenia,101,2018-06-01,6,3.0,1,2066880.0,14.541550781826245,0.03678599631481971,-0.10403796993855369
27,SI,Slovenia,102,2018-07-01,7,0.0,1,2066880.0,14.541550781826245,0.03678599631481971,-0.10403796993855369
27,SI,Slovenia,103,2018-08-01,8,0.0,1,2066880.0,14.541550781826245,0.03678599631481971,-0.10403796993855369
27,SI,Slovenia,104,2018-09-01,9,0.0,1,2066880.0,14.541550781826245,0.03678599631481971,-0.10403796993855369
27,SI,Slovenia,105,2018-10-01,10,1.0,1,2066880.0,14.541550781826245,0.03678599631481971,-0.10403796993855369
27,SI,Slovenia,106,2018-11-01,11,0.0,1,2066880.0,14.541550781826245,0.03678599631481971,-0.10403796993855369
27,SI,Slovenia,107,2018-12-01,12,0.0,1,2066880.0,14.541550781826245,0.03678599631481971,-0.10403796993855369
27,SI,Slovenia,108,2019-01-01,1,0.0,1,2080908.0,14.548314894883847,0.03678599631481971,-0.10403796993855369
27,SI,Slovenia,109,2019-02-01,2,0.0,1,2080908.0,14.548314894883847,0.03678599631481971,-0.10403796993855369
27,SI,Slovenia,110,2019-03-01,3,0.0,1,2080908.0,14.548314894883847,0.03678599631481971,-0.10403796993855369
27,SI,Slovenia,111,2019-04-01,4,6.0,1,2080908.0,14.548314894883847,0.03678599631481971,-0.10403796993855369
27,SI,Slovenia,112,2019-05-01,5,8.0,1,2080908.0,14.548314894883847,0.03678599631481971,-0.10403796993855369
27,SI,Slovenia,113,2019-06-01,6,3.0,1,2080908.0,14.548314894883847,0.03678599631481971,-0.10403796993855369
27,SI,Slovenia,114,2019-07-01,7,1.0,1,2080908.0,14.548314894883847,0.03678599631481971,-0.10403796993855369
27,SI,Slovenia,115,2019-08-01,8,1.0,1,2080908.0,14.548314894883847,0.03678599631481971,-0.10403796993855369
27,SI,Slovenia,116,2019-09-01,9,0.0,1,2080908.0,14.548314894883847,0.03678599631481971,-0.10403796993855369
27,SI,Slovenia,117,2019-10-01,10,0.0,1,2080908.0,14.548314894883847,0.03678599631481971,-0.10403796993855369
27,SI,Slovenia,118,2019-11-01,11,7.0,1,2080908.0,14.548314894883847,0.03678599631481971,-0.10403796993855369
27,SI,Slovenia,119,2019-12-01,12,22.0,1,2080908.0,14.548314894883847,0.03678599631481971,-0.10403796993855369
28,SK,Slovakia,0,2010-01-01,1,0.0,1,5390410.0,15.5001320067826,0.12648065280336931,-0.027431886604892042
28,SK,Slovakia,1,2010-02-01,2,0.0,1,5390410.0,15.5001320067826,0.12648065280336931,-0.027431886604892042
28,SK,Slovakia,2,2010-03-01,3,0.0,1,5390410.0,15.5001320067826,0.12648065280336931,-0.027431886604892042
28,SK,Slovakia,3,2010-04-01,4,0.0,1,5390410.0,15.5001320067826,0.12648065280336931,-0.027431886604892042
28,SK,Slovakia,4,2010-05-01,5,0.0,1,5390410.0,15.5001320067826,0.12648065280336931,-0.027431886604892042
28,SK,Slovakia,5,2010-06-01,6,0.0,1,5390410.0,15.5001320067826,0.12648065280336931,-0.027431886604892042
28,SK,Slovakia,6,2010-07-01,7,0.0,1,5390410.0,15.5001320067826,0.12648065280336931,-0.027431886604892042
28,SK,Slovakia,7,2010-08-01,8,0.0,1,5390410.0,15.5001320067826,0.12648065280336931,-0.027431886604892042
28,SK,Slovakia,8,2010-09-01,9,0.0,1,5390410.0,15.5001320067826,0.12648065280336931,-0.027431886604892042
28,SK,Slovakia,9,2010-10-01,10,0.0,1,5390410.0,15.5001320067826,0.12648065280336931,-0.027431886604892042
28,SK,Slovakia,10,2010-11-01,11,0.0,1,5390410.0,15.5001320067826,0.12648065280336931,-0.027431886604892042
28,SK,Slovakia,11,2010-12-01,12,0.0,1,5390410.0,15.5001320067826,0.12648065280336931,-0.027431886604892042
28,SK,Slovakia,12,2011-01-01,1,0.0,1,5392446.0,15.500509643287103,0.12648065280336931,-0.027431886604892042
28,SK,Slovakia,13,2011-02-01,2,0.0,1,5392446.0,15.500509643287103,0.12648065280336931,-0.027431886604892042
28,SK,Slovakia,14,2011-03-01,3,0.0,1,5392446.0,15.500509643287103,0.12648065280336931,-0.027431886604892042
28,SK,Slovakia,15,2011-04-01,4,1.0,1,5392446.0,15.500509643287103,0.12648065280336931,-0.027431886604892042
28,SK,Slovakia,16,2011-05-01,5,0.0,1,5392446.0,15.500509643287103,0.12648065280336931,-0.027431886604892042
28,SK,Slovakia,17,2011-06-01,6,1.0,1,5392446.0,15.500509643287103,0.12648065280336931,-0.027431886604892042
28,SK,Slovakia,18,2011-07-01,7,0.0,1,5392446.0,15.500509643287103,0.12648065280336931,-0.027431886604892042
28,SK,Slovakia,19,2011-08-01,8,0.0,1,5392446.0,15.500509643287103,0.12648065280336931,-0.027431886604892042
28,SK,Slovakia,20,2011-09-01,9,0.0,1,5392446.0,15.500509643287103,0.12648065280336931,-0.027431886604892042
28,SK,Slovakia,21,2011-10-01,10,0.0,1,5392446.0,15.500509643287103,0.12648065280336931,-0.027431886604892042
28,SK,Slovakia,22,2011-11-01,11,0.0,1,5392446.0,15.500509643287103,0.12648065280336931,-0.027431886604892042
28,SK,Slovakia,23,2011-12-01,12,0.0,1,5392446.0,15.500509643287103,0.12648065280336931,-0.027431886604892042
28,SK,Slovakia,24,2012-01-01,1,0.0,1,5404322.0,15.502709561779309,0.12648065280336931,-0.027431886604892042
28,SK,Slovakia,25,2012-02-01,2,0.0,1,5404322.0,15.502709561779309,0.12648065280336931,-0.027431886604892042
28,SK,Slovakia,26,2012-03-01,3,0.0,1,5404322.0,15.502709561779309,0.12648065280336931,-0.027431886604892042
28,SK,Slovakia,27,2012-04-01,4,0.0,1,5404322.0,15.502709561779309,0.12648065280336931,-0.027431886604892042
28,SK,Slovakia,28,2012-05-01,5,0.0,1,5404322.0,15.502709561779309,0.12648065280336931,-0.027431886604892042
28,SK,Slovakia,29,2012-06-01,6,0.0,1,5404322.0,15.502709561779309,0.12648065280336931,-0.027431886604892042
28,SK,Slovakia,30,2012-07-01,7,0.0,1,5404322.0,15.502709561779309,0.12648065280336931,-0.027431886604892042
28,SK,Slovakia,31,2012-08-01,8,1.0,1,5404322.0,15.502709561779309,0.12648065280336931,-0.027431886604892042
28,SK,Slovakia,32,2012-09-01,9,0.0,1,5404322.0,15.502709561779309,0.12648065280336931,-0.027431886604892042
28,SK,Slovakia,33,2012-10-01,10,0.0,1,5404322.0,15.502709561779309,0.12648065280336931,-0.027431886604892042
28,SK,Slovakia,34,2012-11-01,11,0.0,1,5404322.0,15.502709561779309,0.12648065280336931,-0.027431886604892042
28,SK,Slovakia,35,2012-12-01,12,0.0,1,5404322.0,15.502709561779309,0.12648065280336931,-0.027431886604892042
28,SK,Slovakia,36,2013-01-01,1,0.0,1,5410836.0,15.503914167534989,0.12648065280336931,-0.027431886604892042
28,SK,Slovakia,37,2013-02-01,2,0.0,1,5410836.0,15.503914167534989,0.12648065280336931,-0.027431886604892042
28,SK,Slovakia,38,2013-03-01,3,0.0,1,5410836.0,15.503914167534989,0.12648065280336931,-0.027431886604892042
28,SK,Slovakia,39,2013-04-01,4,0.0,1,5410836.0,15.503914167534989,0.12648065280336931,-0.027431886604892042
28,SK,Slovakia,40,2013-05-01,5,0.0,1,5410836.0,15.503914167534989,0.12648065280336931,-0.027431886604892042
28,SK,Slovakia,41,2013-06-01,6,0.0,1,5410836.0,15.503914167534989,0.12648065280336931,-0.027431886604892042
28,SK,Slovakia,42,2013-07-01,7,0.0,1,5410836.0,15.503914167534989,0.12648065280336931,-0.027431886604892042
28,SK,Slovakia,43,2013-08-01,8,0.0,1,5410836.0,15.503914167534989,0.12648065280336931,-0.027431886604892042
28,SK,Slovakia,44,2013-09-01,9,0.0,1,5410836.0,15.503914167534989,0.12648065280336931,-0.027431886604892042
28,SK,Slovakia,45,2013-10-01,10,0.0,1,5410836.0,15.503914167534989,0.12648065280336931,-0.027431886604892042
28,SK,Slovakia,46,2013-11-01,11,0.0,1,5410836.0,15.503914167534989,0.12648065280336931,-0.027431886604892042
28,SK,Slovakia,47,2013-12-01,12,0.0,1,5410836.0,15.503914167534989,0.12648065280336931,-0.027431886604892042
28,SK,Slovakia,48,2014-01-01,1,0.0,1,5415949.0,15.504858676986338,0.12648065280336931,-0.027431886604892042
28,SK,Slovakia,49,2014-02-01,2,0.0,1,5415949.0,15.504858676986338,0.12648065280336931,-0.027431886604892042
28,SK,Slovakia,50,2014-03-01,3,0.0,1,5415949.0,15.504858676986338,0.12648065280336931,-0.027431886604892042
28,SK,Slovakia,51,2014-04-01,4,0.0,1,5415949.0,15.504858676986338,0.12648065280336931,-0.027431886604892042
28,SK,Slovakia,52,2014-05-01,5,0.0,1,5415949.0,15.504858676986338,0.12648065280336931,-0.027431886604892042
28,SK,Slovakia,53,2014-06-01,6,0.0,1,5415949.0,15.504858676986338,0.12648065280336931,-0.027431886604892042
28,SK,Slovakia,54,2014-07-01,7,0.0,1,5415949.0,15.504858676986338,0.12648065280336931,-0.027431886604892042
28,SK,Slovakia,55,2014-08-01,8,0.0,1,5415949.0,15.504858676986338,0.12648065280336931,-0.027431886604892042
28,SK,Slovakia,56,2014-09-01,9,0.0,1,5415949.0,15.504858676986338,0.12648065280336931,-0.027431886604892042
28,SK,Slovakia,57,2014-10-01,10,0.0,1,5415949.0,15.504858676986338,0.12648065280336931,-0.027431886604892042
28,SK,Slovakia,58,2014-11-01,11,0.0,1,5415949.0,15.504858676986338,0.12648065280336931,-0.027431886604892042
28,SK,Slovakia,59,2014-12-01,12,0.0,1,5415949.0,15.504858676986338,0.12648065280336931,-0.027431886604892042
28,SK,Slovakia,60,2015-01-01,1,0.0,1,5421349.0,15.505855235436037,0.12648065280336931,-0.027431886604892042
28,SK,Slovakia,61,2015-02-01,2,0.0,1,5421349.0,15.505855235436037,0.12648065280336931,-0.027431886604892042
28,SK,Slovakia,62,2015-03-01,3,0.0,1,5421349.0,15.505855235436037,0.12648065280336931,-0.027431886604892042
28,SK,Slovakia,63,2015-04-01,4,0.0,1,5421349.0,15.505855235436037,0.12648065280336931,-0.027431886604892042
28,SK,Slovakia,64,2015-05-01,5,0.0,1,5421349.0,15.505855235436037,0.12648065280336931,-0.027431886604892042
28,SK,Slovakia,65,2015-06-01,6,0.0,1,5421349.0,15.505855235436037,0.12648065280336931,-0.027431886604892042
28,SK,Slovakia,66,2015-07-01,7,0.0,1,5421349.0,15.505855235436037,0.12648065280336931,-0.027431886604892042
28,SK,Slovakia,67,2015-08-01,8,0.0,1,5421349.0,15.505855235436037,0.12648065280336931,-0.027431886604892042
28,SK,Slovakia,68,2015-09-01,9,0.0,1,5421349.0,15.505855235436037,0.12648065280336931,-0.027431886604892042
28,SK,Slovakia,69,2015-10-01,10,0.0,1,5421349.0,15.505855235436037,0.12648065280336931,-0.027431886604892042
28,SK,Slovakia,70,2015-11-01,11,0.0,1,5421349.0,15.505855235436037,0.12648065280336931,-0.027431886604892042
28,SK,Slovakia,71,2015-12-01,12,0.0,1,5421349.0,15.505855235436037,0.12648065280336931,-0.027431886604892042
28,SK,Slovakia,72,2016-01-01,1,0.0,1,5426252.0,15.50675921417454,0.12648065280336931,-0.027431886604892042
28,SK,Slovakia,73,2016-02-01,2,0.0,1,5426252.0,15.50675921417454,0.12648065280336931,-0.027431886604892042
28,SK,Slovakia,74,2016-03-01,3,0.0,1,5426252.0,15.50675921417454,0.12648065280336931,-0.027431886604892042
28,SK,Slovakia,75,2016-04-01,4,0.0,1,5426252.0,15.50675921417454,0.12648065280336931,-0.027431886604892042
28,SK,Slovakia,76,2016-05-01,5,0.0,1,5426252.0,15.50675921417454,0.12648065280336931,-0.027431886604892042
28,SK,Slovakia,77,2016-06-01,6,0.0,1,5426252.0,15.50675921417454,0.12648065280336931,-0.027431886604892042
28,SK,Slovakia,78,2016-07-01,7,0.0,1,5426252.0,15.50675921417454,0.12648065280336931,-0.027431886604892042
28,SK,Slovakia,79,2016-08-01,8,0.0,1,5426252.0,15.50675921417454,0.12648065280336931,-0.027431886604892042
28,SK,Slovakia,80,2016-09-01,9,0.0,1,5426252.0,15.50675921417454,0.12648065280336931,-0.027431886604892042
28,SK,Slovakia,81,2016-10-01,10,0.0,1,5426252.0,15.50675921417454,0.12648065280336931,-0.027431886604892042
28,SK,Slovakia,82,2016-11-01,11,0.0,1,5426252.0,15.50675921417454,0.12648065280336931,-0.027431886604892042
28,SK,Slovakia,83,2016-12-01,12,0.0,1,5426252.0,15.50675921417454,0.12648065280336931,-0.027431886604892042
28,SK,Slovakia,84,2017-01-01,1,0.0,1,5435343.0,15.50843318602175,0.12648065280336931,-0.027431886604892042
28,SK,Slovakia,85,2017-02-01,2,0.0,1,5435343.0,15.50843318602175,0.12648065280336931,-0.027431886604892042
28,SK,Slovakia,86,2017-03-01,3,0.0,1,5435343.0,15.50843318602175,0.12648065280336931,-0.027431886604892042
28,SK,Slovakia,87,2017-04-01,4,1.0,1,5435343.0,15.50843318602175,0.12648065280336931,-0.027431886604892042
28,SK,Slovakia,88,2017-05-01,5,0.0,1,5435343.0,15.50843318602175,0.12648065280336931,-0.027431886604892042
28,SK,Slovakia,89,2017-06-01,6,0.0,1,5435343.0,15.50843318602175,0.12648065280336931,-0.027431886604892042
28,SK,Slovakia,90,2017-07-01,7,0.0,1,5435343.0,15.50843318602175,0.12648065280336931,-0.027431886604892042
28,SK,Slovakia,91,2017-08-01,8,0.0,1,5435343.0,15.50843318602175,0.12648065280336931,-0.027431886604892042
28,SK,Slovakia,92,2017-09-01,9,0.0,1,5435343.0,15.50843318602175,0.12648065280336931,-0.027431886604892042
28,SK,Slovakia,93,2017-10-01,10,0.0,1,5435343.0,15.50843318602175,0.12648065280336931,-0.027431886604892042
28,SK,Slovakia,94,2017-11-01,11,0.0,1,5435343.0,15.50843318602175,0.12648065280336931,-0.027431886604892042
28,SK,Slovakia,95,2017-12-01,12,5.0,1,5435343.0,15.50843318602175,0.12648065280336931,-0.027431886604892042
28,SK,Slovakia,96,2018-01-01,1,1.0,1,5443120.0,15.509862983838755,0.12648065280336931,-0.027431886604892042
28,SK,Slovakia,97,2018-02-01,2,0.0,1,5443120.0,15.509862983838755,0.12648065280336931,-0.027431886604892042
28,SK,Slovakia,98,2018-03-01,3,0.0,1,5443120.0,15.509862983838755,0.12648065280336931,-0.027431886604892042
28,SK,Slovakia,99,2018-04-01,4,2.0,1,5443120.0,15.509862983838755,0.12648065280336931,-0.027431886604892042
28,SK,Slovakia,100,2018-05-01,5,10.0,1,5443120.0,15.509862983838755,0.12648065280336931,-0.027431886604892042
28,SK,Slovakia,101,2018-06-01,6,53.0,1,5443120.0,15.509862983838755,0.12648065280336931,-0.027431886604892042
28,SK,Slovakia,102,2018-07-01,7,159.0,1,5443120.0,15.509862983838755,0.12648065280336931,-0.027431886604892042
28,SK,Slovakia,103,2018-08-01,8,59.0,1,5443120.0,15.509862983838755,0.12648065280336931,-0.027431886604892042
28,SK,Slovakia,104,2018-09-01,9,24.0,1,5443120.0,15.509862983838755,0.12648065280336931,-0.027431886604892042
28,SK,Slovakia,105,2018-10-01,10,15.0,1,5443120.0,15.509862983838755,0.12648065280336931,-0.027431886604892042
28,SK,Slovakia,106,2018-11-01,11,34.0,1,5443120.0,15.509862983838755,0.12648065280336931,-0.027431886604892042
28,SK,Slovakia,107,2018-12-01,12,42.0,1,5443120.0,15.509862983838755,0.12648065280336931,-0.027431886604892042
28,SK,Slovakia,108,2019-01-01,1,34.0,1,5450421.0,15.511203411362398,0.12648065280336931,-0.027431886604892042
28,SK,Slovakia,109,2019-02-01,2,33.0,1,5450421.0,15.511203411362398,0.12648065280336931,-0.027431886604892042
28,SK,Slovakia,110,2019-03-01,3,59.0,1,5450421.0,15.511203411362398,0.12648065280336931,-0.027431886604892042
28,SK,Slovakia,111,2019-04-01,4,86.0,1,5450421.0,15.511203411362398,0.12648065280336931,-0.027431886604892042
28,SK,Slovakia,112,2019-05-01,5,40.0,1,5450421.0,15.511203411362398,0.12648065280336931,-0.027431886604892042
28,SK,Slovakia,113,2019-06-01,6,9.0,1,5450421.0,15.511203411362398,0.12648065280336931,-0.027431886604892042
28,SK,Slovakia,114,2019-07-01,7,3.0,1,5450421.0,15.511203411362398,0.12648065280336931,-0.027431886604892042
28,SK,Slovakia,115,2019-08-01,8,6.0,1,5450421.0,15.511203411362398,0.12648065280336931,-0.027431886604892042
28,SK,Slovakia,116,2019-09-01,9,3.0,1,5450421.0,15.511203411362398,0.12648065280336931,-0.027431886604892042
28,SK,Slovakia,117,2019-10-01,10,0.0,1,5450421.0,15.511203411362398,0.12648065280336931,-0.027431886604892042
28,SK,Slovakia,118,2019-11-01,11,0.0,1,5450421.0,15.511203411362398,0.12648065280336931,-0.027431886604892042
28,SK,Slovakia,119,2019-12-01,12,0.0,1,5450421.0,15.511203411362398,0.12648065280336931,-0.027431886604892042
